title	Průměrná denní teplota vzduchu ve °C
1961	01	-2,0	-1,9	0,1	-0,3	0,4	-0,3	0,8	1,0	1,3	0,9	-0,1	-5,3	-3,3	-1,5	-2,4	-5,6	-5,4	-8,4	-9,5	-8,8	-4,2	-2,4	-3,4	-3,9	-7,4	-9,8	-10,3	-9,0	0,7	4,7	4,7
1961	02	1,3	1,2	0,5	0,7	-3,3	0,6	3,1	2,3	4,5	3,0	3,8	3,7	3,5	3,2	3,6	4,2	5,1	-0,2	1,2	3,8	3,6	2,8	3,0	3,4	0,9	2,6	4,4	5,8
1961	03	2,1	3,9	4,4	3,1	5,7	4,7	7,2	6,8	9,0	8,2	7,9	10,9	7,9	9,1	9,4	10,5	10,2	10,1	2,2	2,3	1,6	0,5	5,2	7,1	6,6	10,1	3,5	1,3	4,7	7,4	4,8
1961	04	8,1	8,4	7,8	10,0	13,5	16,2	17,0	10,6	6,2	8,5	10,2	11,3	14,9	15,7	13,5	8,6	12,3	11,9	10,3	11,0	13,2	13,5	10,9	11,7	11,0	12,4	10,9	11,4	11,4	12,5
1961	05	10,3	12,4	11,8	12,1	16,2	14,3	11,8	8,3	7,7	7,1	6,9	5,8	10,2	9,6	7,8	8,4	8,4	9,3	10,9	11,3	11,3	11,8	13,6	14,6	16,3	15,8	12,3	6,2	6,7	8,3	13,2
1961	06	18,2	17,6	13,9	14,3	15,9	15,9	18,0	16,2	18,1	14,0	14,0	14,2	12,8	12,2	13,2	15,3	17,7	20,7	14,6	15,4	16,7	19,3	19,3	19,2	24,0	22,7	19,3	13,8	16,3	20,8
1961	07	22,8	25,0	24,1	18,2	13,3	12,0	14,5	14,9	13,9	14,9	19,6	22,9	16,7	16,2	17,2	15,0	13,3	14,8	14,5	15,4	14,3	14,8	14,1	13,6	15,1	19,2	18,7	15,4	12,0	12,4	14,4
1961	08	17,7	14,1	14,0	16,3	20,8	24,2	17,2	20,3	19,3	21,7	19,0	14,8	13,2	14,4	13,9	11,1	10,5	13,0	14,0	13,5	15,8	13,8	12,4	13,1	16,0	18,4	20,3	18,6	18,4	18,9	19,8
1961	09	19,5	20,5	18,7	19,2	19,7	15,8	12,4	12,2	13,0	11,7	13,4	13,4	14,4	17,5	15,1	18,9	19,3	19,5	18,6	16,2	14,8	13,7	13,7	14,4	15,4	15,1	13,3	15,1	18,8	18,2
1961	10	14,6	11,6	13,4	13,2	14,5	15,0	14,6	11,0	11,7	13,0	11,4	11,0	8,0	7,7	8,3	9,9	11,2	6,4	5,1	5,5	5,8	6,9	9,4	10,5	9,4	10,3	10,0	8,4	7,7	4,3	6,0
1961	11	6,3	8,6	7,1	2,7	1,9	2,9	2,6	1,8	5,3	5,3	4,7	8,5	7,8	2,6	0,9	1,8	3,7	3,8	1,3	-1,2	-3,3	-4,7	-5,5	-2,6	1,0	0,3	2,4	3,8	2,5	3,8
1961	12	8,9	7,3	2,4	11,9	12,6	1,4	-0,7	-2,5	-1,5	0,5	7,6	6,5	-0,2	-6,2	-5,4	-14,3	-12,3	-8,3	-6,0	-0,2	-1,3	-2,6	-8,6	-12,3	-16,4	-13,9	-10,4	-5,9	-5,2	-2,4	-1,7
1962	01	0,2	-2,1	-3,3	-5,9	-7,6	-2,7	-0,3	1,4	-1,2	-3,7	3,3	3,5	2,5	1,5	0,3	0,1	-0,6	-1,5	4,0	5,3	6,3	4,2	1,2	3,0	5,9	4,6	1,9	-2,0	-5,8	-9,5	-9,7
1962	02	-9,4	-5,2	-3,0	-1,8	1,8	2,0	3,1	1,7	0,6	-0,2	0,1	4,6	-0,1	-3,4	-5,6	1,3	1,4	-0,2	2,6	2,3	-0,7	-3,9	-4,2	-4,6	-6,7	-4,8	-2,2	-0,4
1962	03	-1,5	-0,8	0,0	0,6	3,6	-3,8	-5,2	-2,2	-0,1	1,4	1,4	1,4	-5,1	-4,4	-3,8	-4,7	-2,9	-3,2	-1,5	-1,3	-1,9	-1,6	-1,9	-1,0	-0,9	0,6	1,9	1,7	3,6	8,9	6,4
1962	04	3,6	3,9	9,0	6,4	5,5	3,9	4,2	9,8	5,6	4,2	5,5	8,4	2,4	4,1	6,4	6,7	10,4	15,5	17,1	18,7	18,4	19,1	19,8	21,2	21,3	15,7	7,9	4,6	4,7	2,1
1962	05	3,2	4,2	6,9	5,8	7,8	12,5	15,4	16,1	14,7	12,0	10,2	9,1	10,9	7,5	7,3	7,8	10,4	11,5	13,9	10,8	11,8	13,0	13,5	9,2	9,5	7,8	10,7	12,7	12,7	13,2	14,4
1962	06	6,7	7,5	7,4	7,0	9,7	8,4	10,0	15,7	16,7	15,7	13,1	11,1	15,3	19,3	23,0	20,1	20,1	19,5	19,2	17,0	19,1	22,1	23,5	23,1	15,4	16,8	12,0	9,2	11,0	11,1
1962	07	11,2	11,6	9,4	9,9	10,7	12,5	10,7	14,2	16,6	19,8	17,9	17,5	14,2	15,4	14,7	15,1	15,1	14,2	17,2	20,0	23,1	18,3	17,1	17,6	21,7	23,1	19,8	13,6	16,5	16,3	17,7
1962	08	19,4	21,8	20,1	21,3	19,7	21,5	15,0	15,0	16,4	17,4	19,8	23,3	24,1	19,9	18,0	19,0	16,8	15,4	14,6	14,9	16,7	15,5	16,6	19,4	14,4	14,8	18,3	15,3	15,8	13,6	12,3
1962	09	12,7	16,2	18,9	21,0	16,6	17,4	16,1	12,6	12,4	16,6	18,1	21,9	10,5	10,5	13,7	15,9	10,6	7,5	7,5	7,9	8,7	10,1	8,1	9,0	9,4	13,1	12,0	10,6	11,5	13,6
1962	10	15,6	15,3	14,9	14,9	11,9	11,8	10,9	12,5	12,6	12,0	10,2	6,5	6,8	6,8	7,6	6,7	6,8	9,8	8,7	6,3	3,3	2,3	3,2	4,4	2,7	6,4	2,9	4,1	3,2	2,5	3,3
1962	11	3,7	4,3	3,9	4,8	9,2	9,8	9,4	10,4	9,2	4,5	1,2	2,5	4,0	4,5	2,2	0,1	-1,0	0,9	1,4	0,1	-1,5	-0,6	-3,5	-2,3	-2,0	1,0	0,6	-0,7	0,9	0,9
1962	12	-2,5	-5,3	-7,0	-6,2	-3,6	-4,3	-6,1	-6,3	-1,0	2,4	2,2	2,4	-0,4	-0,5	0,6	2,3	1,2	-0,5	-2,4	-5,8	-8,9	-13,4	-15,0	-10,8	-10,2	-10,7	-13,4	-12,6	-10,7	-5,4	-6,5
1963	01	-9,3	-8,3	-2,4	-2,3	0,2	0,5	-2,2	-6,2	-7,7	-8,9	-15,5	-16,9	-14,5	-11,0	-13,2	-12,7	-12,8	-11,5	-9,6	-10,3	-11,5	-10,2	-6,5	-5,3	-3,0	-3,3	-4,7	-6,2	-10,0	-15,7	-13,0
1963	02	-13,6	-11,5	-14,2	-12,4	-11,5	-9,4	-11,0	-5,2	-3,7	-1,2	-0,3	-0,5	-1,6	-2,9	-3,4	-4,9	-3,8	-0,1	-2,5	-4,7	-6,1	-7,6	-10,6	-12,3	-9,2	-5,4	-9,6	-9,6
1963	03	-8,5	-6,7	-1,8	-1,2	0,3	2,6	4,8	6,4	5,1	4,2	6,4	4,9	2,3	0,7	-0,8	0,4	-0,1	1,6	3,3	2,9	0,7	-2,8	-4,3	-0,9	4,9	4,5	2,2	3,8	6,0	5,6	4,3
1963	04	1,0	-0,3	2,4	4,4	6,0	8,3	9,3	7,0	9,5	12,4	10,3	10,8	4,8	6,3	9,1	12,6	13,4	12,5	12,9	13,0	13,3	11,6	11,8	10,9	8,2	5,1	7,3	11,2	11,8	9,0
1963	05	11,5	10,3	4,8	4,0	7,0	10,9	13,3	13,7	13,1	14,0	14,0	9,2	15,2	11,5	11,8	13,8	13,6	11,0	9,2	9,4	12,0	15,9	18,2	18,7	13,7	14,0	15,7	17,2	17,0	17,7	18,0
1963	06	13,3	10,9	13,0	16,3	18,5	20,6	18,0	18,3	16,4	16,4	16,1	16,6	20,1	17,3	12,0	13,6	16,1	18,6	10,9	13,1	16,2	19,1	16,9	17,7	18,0	16,7	20,9	22,8	16,6	19,8
1963	07	17,3	19,0	21,1	18,0	19,2	19,3	21,0	14,4	16,0	17,5	16,6	17,2	20,6	16,2	19,5	21,3	21,1	21,2	21,3	20,4	20,6	21,2	23,7	23,3	26,4	14,3	14,7	15,0	16,4	18,1	20,1
1963	08	23,6	25,6	26,3	22,0	21,2	23,9	22,6	16,1	16,5	14,1	19,0	17,7	16,9	18,4	17,0	16,6	19,2	10,7	13,0	16,0	12,1	13,2	16,8	16,5	15,9	21,1	18,9	13,1	12,7	11,0	13,1
1963	09	16,1	17,1	16,3	16,3	13,1	14,3	11,8	13,3	12,7	12,0	13,8	14,1	15,8	15,5	16,5	17,0	18,2	18,1	17,5	17,1	16,6	17,1	16,9	17,1	11,6	9,4	12,9	7,1	9,1	11,8
1963	10	9,8	11,7	8,9	11,6	8,9	7,0	8,3	6,0	8,0	9,4	11,8	12,1	14,6	8,1	5,1	5,5	8,0	10,4	9,8	8,6	8,3	12,4	7,4	8,6	6,9	6,1	5,5	4,9	2,3	2,4	7,4
1963	11	7,5	7,2	6,1	8,9	8,1	8,7	7,4	8,9	9,5	8,4	10,9	10,4	6,8	3,3	2,8	7,4	4,3	10,3	12,2	7,9	2,3	5,6	5,3	5,2	3,5	2,5	3,7	6,6	4,7	3,6
1963	12	1,8	-0,3	-0,9	-1,4	-2,2	-2,0	-2,5	-3,2	-4,2	-5,5	-4,3	-4,6	-10,3	-11,7	-10,8	-8,7	-12,0	-10,1	-13,6	-10,5	-6,9	-7,9	-13,1	-9,6	-6,1	0,5	1,8	-2,1	-3,0	-1,6	-2,3
1964	01	-0,3	1,6	-0,6	-6,1	-7,0	-5,2	-1,9	-2,0	-3,2	-9,2	-13,8	-10,2	-9,1	-6,5	-12,0	-10,3	-10,1	-13,8	-15,5	-9,5	-10,8	-3,2	-2,8	-3,7	0,0	0,0	0,3	-2,5	-3,2	-2,6	0,6
1964	02	2,8	3,8	3,9	3,1	-0,5	-4,8	-5,4	0,8	2,0	2,2	0,6	-2,1	-11,8	-9,4	-6,9	-3,6	-1,4	1,0	-5,0	-8,6	-6,6	-5,8	-4,6	-2,3	-1,6	0,7	1,0	0,8	1,1
1964	03	-1,6	-3,7	-3,7	-3,5	-4,5	-5,4	-7,6	-6,7	-3,0	-2,7	-2,8	0,9	-0,1	-2,0	-4,3	-4,6	-5,5	-4,6	0,1	1,9	2,4	4,7	4,6	2,5	4,3	4,9	1,5	2,1	3,9	5,1	5,6
1964	04	3,6	4,7	7,8	3,9	3,5	1,0	3,3	2,1	6,0	11,5	11,0	9,4	9,7	7,5	8,2	12,7	13,8	14,9	15,6	15,5	11,6	10,8	10,3	7,9	7,8	8,5	10,5	14,8	12,9	8,9
1964	05	8,7	9,1	10,7	12,7	10,7	11,0	14,2	12,8	13,4	14,8	15,2	18,2	20,3	13,0	9,3	11,0	14,5	18,1	14,0	11,9	8,2	12,6	16,1	17,4	17,7	16,5	17,5	17,9	17,0	18,8	20,6
1964	06	21,0	18,2	17,9	19,4	22,4	19,1	21,3	17,0	13,7	18,1	21,2	23,0	24,8	23,5	17,4	17,5	19,3	22,0	21,2	18,0	12,5	14,1	16,5	16,1	16,2	20,4	21,2	21,1	14,7	12,1
1964	07	10,4	12,3	16,8	13,2	14,1	11,6	16,1	20,2	20,7	14,0	13,9	19,0	21,3	21,9	24,4	23,0	22,6	23,6	25,8	24,2	23,7	20,9	18,1	17,0	19,3	22,7	23,5	21,9	21,4	19,1	21,9
1964	08	14,9	11,8	12,5	17,6	17,3	20,4	23,0	15,3	15,3	12,8	12,8	16,2	13,7	14,5	16,1	16,4	19,1	18,2	15,0	13,3	14,0	12,8	14,4	15,0	20,0	22,0	22,8	22,7	19,4	10,9	11,6
1964	09	11,2	13,3	16,4	18,4	18,1	15,4	13,2	12,9	14,3	15,2	19,6	16,6	9,7	13,3	20,0	21,8	14,6	12,4	11,7	12,2	6,6	7,4	8,5	10,5	12,7	14,1	13,5	12,2	12,0	11,4
1964	10	9,2	8,4	9,2	9,4	10,6	11,1	13,7	9,5	5,9	7,4	7,9	7,3	5,0	5,1	4,6	7,8	7,0	6,0	5,5	4,8	3,8	4,3	6,5	4,8	3,8	4,2	6,5	10,5	9,6	6,2	7,0
1964	11	3,4	2,8	1,5	0,8	0,5	-0,2	0,0	-0,7	1,7	3,4	4,2	5,1	4,2	9,0	9,8	7,4	5,0	2,3	2,7	7,0	7,6	5,2	5,6	6,5	10,1	3,2	4,7	3,5	0,2	-0,4
1964	12	-0,2	-1,6	-1,6	-2,3	-1,4	-0,4	3,5	3,8	5,8	-1,8	-2,4	-0,1	3,4	4,6	-0,1	1,2	2,1	0,0	0,6	-2,3	-2,9	-5,5	-7,0	-3,3	-3,3	-4,3	-5,6	-4,7	-5,2	-4,4	4,3
1965	01	4,3	1,2	-0,4	-1,2	-1,1	0,4	-1,5	3,0	1,2	0,8	1,9	-0,7	0,1	0,3	-0,3	0,1	6,5	1,6	-2,0	-2,6	-1,4	-1,1	-0,5	0,6	-0,3	0,5	-1,1	0,1	0,2	0,9	-0,8
1965	02	-2,6	-3,6	-1,4	-1,5	-2,1	-5,0	0,0	-4,4	-7,1	-6,3	-3,6	-0,2	1,4	0,9	-1,9	-4,5	-4,8	-2,6	-6,5	-6,9	-7,2	-5,1	-2,7	-2,0	-4,3	-5,9	-5,4	-4,1
1965	03	-3,8	-1,9	-4,7	-5,2	-5,1	-3,8	-5,6	-10,2	-4,0	-1,8	-3,4	-4,9	-1,5	-1,0	4,6	3,8	4,3	4,5	5,1	4,3	5,6	0,9	2,9	6,7	4,2	3,6	5,1	7,2	7,6	7,5	5,2
1965	04	4,0	6,8	10,2	10,3	11,5	11,6	8,7	8,7	6,0	5,2	8,5	6,6	4,8	5,3	6,1	5,8	7,1	8,0	5,3	5,9	7,6	6,7	5,7	6,2	5,4	5,3	6,3	4,0	6,2	8,2
1965	05	10,0	10,2	9,5	10,7	9,9	8,7	9,8	10,4	10,7	7,1	6,4	8,7	11,4	15,1	17,0	15,4	17,3	13,7	8,1	6,4	9,0	11,8	10,0	12,2	12,3	11,1	12,8	10,6	10,1	10,7	10,5
1965	06	8,9	12,4	14,6	12,1	12,3	12,1	15,3	15,4	13,1	13,0	13,8	12,3	12,2	13,6	17,4	19,9	12,3	15,8	16,1	17,8	19,5	20,1	18,1	20,1	23,8	24,4	19,7	15,9	18,1	21,1
1965	07	17,0	14,7	11,9	12,1	12,5	11,7	16,9	13,2	12,5	11,9	15,0	18,5	21,3	24,2	19,3	19,5	18,5	16,0	17,5	19,4	16,9	19,3	17,0	17,6	17,5	15,8	13,2	14,1	15,7	14,6	13,1
1965	08	14,6	13,6	13,5	16,3	19,4	23,4	24,2	19,5	12,9	13,1	12,2	13,3	14,8	15,1	15,0	15,6	17,1	17,3	19,7	19,8	18,9	21,1	17,0	15,7	14,0	12,5	13,2	12,1	12,5	12,7	14,2
1965	09	12,6	18,7	15,8	14,2	16,0	10,9	11,3	13,5	16,6	12,8	10,9	11,9	11,6	12,2	12,8	14,1	16,9	15,8	10,7	8,9	9,5	12,3	8,6	10,0	14,7	16,5	13,7	10,5	10,2	13,3
1965	10	12,0	12,7	12,3	13,4	12,4	8,9	9,1	9,9	6,4	4,9	6,1	6,0	5,8	7,0	9,3	5,5	5,0	4,0	3,8	3,7	3,2	3,0	3,5	5,1	1,7	3,0	6,8	9,4	9,7	5,4	7,0
1965	11	11,6	9,3	4,5	0,6	1,1	-0,9	-0,8	2,3	4,1	4,8	2,0	-1,7	-3,2	-4,5	-5,7	-7,1	-5,2	-3,2	-0,6	-0,3	0,3	-4,3	-7,5	-3,7	-0,4	1,1	2,3	1,3	1,8	1,7
1965	12	1,6	1,0	2,4	2,2	5,9	4,7	2,8	0,3	1,2	4,3	0,0	0,4	1,2	-1,5	0,3	-1,8	1,9	9,0	10,2	4,9	1,3	0,6	-1,1	1,7	3,2	1,6	-0,4	-0,3	-2,6	-0,4	2,2
1966	01	5,5	5,1	2,3	-2,7	-7,6	-7,2	-5,0	-7,1	-7,6	-9,2	-8,9	-9,0	-8,0	-6,2	-9,9	-11,6	-9,7	-12,5	-10,5	-10,0	-6,6	-5,4	-3,2	-0,2	-0,9	-4,8	-2,8	1,1	1,6	0,9	4,2
1966	02	4,2	4,2	3,4	3,8	6,5	9,3	5,7	3,0	-1,2	-3,4	0,5	-0,5	0,2	0,9	-0,5	-0,5	0,0	1,3	3,0	8,2	6,6	5,3	3,2	3,9	7,3	9,0	5,5	5,3
1966	03	4,7	2,5	2,6	5,5	3,8	2,5	4,9	5,9	4,5	4,4	4,5	2,1	-1,6	-3,0	0,4	0,0	3,4	4,2	0,2	0,9	5,8	6,4	7,0	2,0	1,6	-1,2	7,9	5,3	1,7	0,7	4,1
1966	04	5,8	6,2	6,5	6,3	8,3	9,8	10,6	10,7	12,5	10,4	8,9	5,1	8,5	10,9	9,3	10,7	8,9	11,9	11,4	11,1	5,2	6,4	10,5	12,5	11,3	13,7	14,6	15,2	13,0	12,5
1966	05	16,2	17,2	17,6	17,6	15,1	9,5	8,5	8,6	7,4	8,0	10,6	13,9	16,5	18,6	20,1	20,2	19,1	18,0	14,5	10,6	12,9	17,8	15,5	13,8	13,9	11,6	8,9	8,0	9,6	10,9	12,4
1966	06	13,8	11,7	12,6	17,4	19,5	17,6	17,6	19,0	18,7	19,4	22,1	21,8	21,8	20,3	22,5	22,5	25,2	20,4	12,8	14,6	13,3	18,8	21,4	16,1	14,2	14,7	14,8	12,9	12,5	14,4
1966	07	16,7	18,5	20,5	21,1	20,0	16,1	11,8	11,6	15,2	17,5	19,4	15,9	19,9	16,8	14,2	14,3	13,4	18,4	18,5	17,1	17,0	16,7	17,2	18,0	18,2	15,7	17,8	14,1	15,2	16,8	14,4
1966	08	17,5	14,3	15,9	15,4	15,8	13,1	15,2	19,0	13,3	17,2	21,6	22,4	25,0	22,6	12,8	12,5	16,1	19,7	17,1	17,2	17,5	17,1	14,0	12,0	11,2	11,5	14,1	14,7	14,7	15,1	13,2
1966	09	13,7	15,3	16,3	15,6	14,0	14,4	17,6	15,7	13,7	15,3	17,6	19,2	16,8	12,5	13,9	10,3	9,2	9,7	9,5	11,0	12,0	10,9	11,0	11,1	10,8	11,8	9,4	9,9	11,4	12,8
1966	10	13,1	13,5	16,2	16,5	12,2	16,2	17,5	17,3	15,2	15,2	16,4	14,9	13,6	11,6	12,7	14,7	11,8	12,3	11,5	10,3	8,3	8,9	13,7	13,1	9,3	7,3	6,1	4,4	3,5	-0,1	-1,6
1966	11	-0,6	-0,3	3,8	11,1	6,6	6,5	4,2	8,2	6,5	6,5	1,2	-0,3	-3,7	-3,5	1,0	3,0	1,3	-0,4	-0,3	-1,0	-0,1	1,1	-0,1	-0,3	-1,7	-0,7	1,6	3,4	0,6	-0,2
1966	12	2,0	4,5	1,7	-0,8	-1,4	-2,5	-1,3	-0,8	0,2	3,2	1,2	0,6	2,4	0,9	-0,5	-1,1	0,7	3,9	3,1	2,8	-0,2	-0,7	0,5	3,7	0,1	-1,0	-3,5	-1,2	0,2	4,9	0,9
1967	01	3,1	0,3	-0,5	-1,8	-3,6	-7,8	-5,7	-10,3	-12,3	-12,0	-4,6	-0,7	1,8	2,1	1,8	-1,5	-1,7	-2,6	-3,7	-5,2	-4,1	0,2	-0,4	0,0	2,0	4,0	-0,9	-0,7	4,7	4,5	0,4
1967	02	4,7	6,5	8,5	5,6	2,0	3,3	1,9	-1,3	-3,6	-2,8	-2,1	-4,2	-5,9	-4,8	-3,0	-1,1	0,0	-0,6	3,6	3,1	4,3	4,5	4,9	2,6	2,9	4,6	5,0	5,9
1967	03	3,2	3,6	4,4	5,1	6,4	5,1	6,5	5,4	5,7	9,2	6,6	4,2	1,8	2,7	5,5	3,3	2,5	3,3	1,7	1,5	4,6	7,3	3,4	2,9	5,4	9,7	8,5	4,7	4,6	3,3	4,3
1967	04	2,7	1,6	3,8	4,6	5,1	3,5	3,9	7,1	10,8	12,5	11,4	11,9	9,4	9,7	10,9	10,5	14,1	4,3	5,5	10,9	8,0	2,7	3,4	1,8	1,3	2,2	6,1	8,3	10,7	12,4
1967	05	14,0	10,1	4,9	7,0	8,0	9,4	14,2	14,4	16,0	17,9	17,7	18,9	20,2	18,5	18,0	17,0	12,8	10,7	10,5	11,4	11,7	13,8	12,8	9,7	10,4	9,9	14,7	16,7	17,7	12,2	13,1
1967	06	14,2	13,0	15,1	17,0	13,1	17,6	19,1	11,3	11,7	9,2	9,6	7,2	8,7	8,7	9,3	11,7	16,0	16,0	18,1	16,2	13,9	16,7	22,2	22,7	26,0	23,5	19,2	17,4	19,2	20,1
1967	07	20,8	21,7	21,0	16,2	15,7	17,1	18,9	18,4	13,5	13,5	16,3	21,1	23,2	24,1	20,1	18,3	16,2	19,4	21,9	21,7	20,6	20,0	20,3	19,0	20,0	21,1	23,1	22,5	19,6	22,5	24,4
1967	08	23,5	23,3	21,4	16,9	12,9	14,9	15,7	17,8	21,8	18,4	14,7	17,2	12,7	15,4	16,5	21,4	17,7	16,5	17,4	12,7	13,3	15,6	16,1	17,7	17,3	16,0	15,8	15,8	16,4	16,5	16,5
1967	09	17,1	17,2	21,4	17,0	15,5	17,0	10,8	11,6	10,9	11,3	9,9	10,1	12,3	14,2	14,7	13,7	13,8	13,1	14,5	12,4	13,2	12,3	11,1	13,4	16,9	17,1	18,0	15,5	15,6	16,7
1967	10	11,7	13,4	12,5	13,5	9,9	8,8	12,6	15,1	13,9	15,5	14,4	12,1	13,2	14,2	14,5	15,0	15,5	4,4	4,5	5,9	7,0	10,3	11,9	13,0	9,4	11,9	10,3	10,6	6,1	4,3	4,9
1967	11	4,7	7,9	6,8	4,9	7,5	3,7	3,4	2,9	6,2	3,8	3,8	7,5	3,6	1,5	1,8	3,6	2,5	-2,3	1,6	0,5	-3,7	1,2	2,8	1,8	-1,8	-1,7	-0,1	-0,9	3,0	3,6
1967	12	0,9	-0,4	2,7	2,3	3,2	0,5	-0,8	-3,2	-4,3	-6,7	-7,4	-9,0	-3,6	-0,2	0,5	1,3	-0,2	-1,6	-2,2	-5,7	-4,2	1,9	8,0	6,1	2,9	0,8	-3,2	-0,6	0,1	-1,7	-1,8
1968	01	-4,1	-3,6	-4,8	-4,4	-3,4	-1,7	-8,3	-7,5	-11,8	-11,1	-7,1	-11,5	-12,2	-5,5	5,8	3,8	4,8	2,5	0,5	-1,6	-2,7	-2,1	-2,2	-1,3	-0,5	-2,4	-1,2	1,9	0,9	0,6	3,1
1968	02	3,4	2,4	0,7	0,1	0,8	1,1	2,2	0,7	2,8	1,8	0,8	-0,4	2,8	3,9	5,1	-2,6	-3,7	-1,8	-0,2	-1,7	0,3	3,7	2,9	-1,7	-5,4	-6,8	-6,2	-3,5	-2,7
1968	03	-1,3	-2,7	-4,0	-3,7	1,2	2,0	0,9	1,1	2,6	0,2	-6,6	-3,8	0,1	2,2	3,5	2,6	4,2	3,8	3,3	7,3	9,1	6,4	5,9	12,0	12,4	10,2	8,7	12,4	14,2	13,6	9,6
1968	04	8,5	9,7	5,0	5,7	10,3	3,3	5,6	1,4	1,0	2,4	0,5	2,1	4,4	7,6	9,8	9,9	10,2	14,4	16,5	18,6	19,1	19,9	20,9	14,8	9,4	9,3	8,5	11,7	12,4	10,0
1968	05	10,6	10,0	11,4	16,7	14,4	15,2	8,7	9,0	13,1	12,4	18,4	12,1	9,7	10,9	11,8	12,5	8,2	5,4	5,5	8,4	10,6	5,7	6,0	9,3	11,0	13,6	16,5	19,8	18,9	11,4	13,3
1968	06	12,0	14,3	16,7	20,9	15,6	18,9	15,8	14,9	11,1	9,7	8,2	12,0	16,3	18,9	21,7	23,5	23,1	22,2	20,4	17,4	11,9	14,7	19,7	14,8	16,6	18,7	19,2	22,4	18,1	17,2
1968	07	20,9	21,8	22,9	20,5	23,9	22,4	20,8	21,5	21,1	21,9	18,8	13,7	15,7	17,9	13,8	14,4	14,6	15,3	14,2	12,8	11,9	13,5	13,9	14,2	14,4	12,5	12,9	16,3	17,0	18,0	18,4
1968	08	21,0	18,3	17,1	19,5	19,9	19,0	16,7	17,1	17,4	18,3	16,8	16,7	16,1	14,6	13,8	16,2	16,5	14,5	10,4	13,1	15,7	13,4	14,9	15,9	19,2	16,6	16,9	18,0	19,7	15,5	15,0
1968	09	14,1	17,1	16,4	17,7	13,2	13,6	14,4	17,4	16,7	16,2	14,7	13,3	12,4	14,1	14,1	14,1	13,9	13,1	10,8	12,9	13,1	12,7	12,8	11,1	9,5	9,8	11,5	11,1	8,9	10,1
1968	10	9,6	10,7	12,2	13,2	12,3	12,6	10,3	12,6	13,3	13,8	12,6	15,3	14,6	11,0	9,2	6,4	8,4	7,7	4,9	4,2	4,4	4,4	2,9	6,7	7,8	5,4	5,6	5,0	8,5	11,5	11,1
1968	11	9,3	9,3	10,6	7,9	3,7	7,5	5,4	6,3	7,5	2,9	2,9	4,1	2,3	-3,4	-3,9	-1,0	0,8	2,0	0,8	1,0	1,9	2,6	2,2	4,2	2,5	1,4	0,1	-1,8	-1,7	-1,5
1968	12	-1,4	-0,5	0,7	-0,8	-2,5	-2,7	-3,3	-4,0	-3,2	-5,9	-10,2	-9,9	-8,1	-4,7	-4,0	-2,2	-2,4	-1,6	1,1	-2,6	-0,2	2,2	3,6	0,2	0,5	-3,7	-3,9	-5,3	-8,2	-8,5	-10,6
1969	01	-5,5	0,5	-2,5	-5,7	-6,7	-6,5	-5,7	-6,2	-5,3	-6,9	-6,0	-7,5	-8,7	-2,6	1,0	-0,8	-1,3	0,1	-0,2	-0,4	-2,6	-1,7	2,2	1,9	0,4	1,1	0,7	1,4	2,4	2,7	3,5
1969	02	1,6	4,0	-0,3	-2,1	-4,9	-5,2	-3,5	-2,9	-4,3	-5,7	-5,8	-6,5	-3,1	-10,1	-8,1	-8,7	-8,0	-6,0	-3,1	0,7	1,2	-0,2	0,7	1,4	1,3	1,0	-0,1	-0,4
1969	03	0,2	-0,5	-3,4	-2,7	-2,0	-1,7	-0,5	-1,2	2,0	0,5	3,2	1,7	6,8	7,0	-1,2	-3,4	-4,4	-3,8	-2,0	-1,6	-1,6	0,3	-0,3	1,0	2,4	-0,1	-0,9	-0,2	0,4	3,1	4,9
1969	04	4,5	2,0	1,5	3,6	7,4	10,4	11,3	9,6	8,5	11,3	11,9	9,3	1,8	2,9	4,6	1,8	1,4	-0,2	-0,1	2,1	7,3	10,8	7,3	5,9	11,6	17,6	16,1	13,0	12,5	11,5
1969	05	12,9	15,3	19,0	19,2	20,2	20,5	14,4	10,8	11,6	10,6	15,0	19,9	22,5	25,5	20,4	13,8	13,1	13,8	8,0	10,2	8,8	11,2	11,5	14,0	16,6	15,8	14,8	17,6	15,6	15,3	13,3
1969	06	12,9	11,9	9,2	10,2	10,3	12,5	16,2	15,6	15,2	15,1	17,6	19,4	20,1	18,9	19,2	19,1	18,9	21,8	15,1	12,6	16,0	19,2	20,9	20,0	15,0	14,2	16,6	12,9	13,1	11,4
1969	07	16,9	19,3	19,1	19,0	21,6	19,7	16,8	13,0	12,7	11,6	11,4	12,5	14,9	15,6	18,7	22,0	23,6	18,8	18,9	19,6	17,1	19,7	23,4	25,0	24,2	24,8	24,3	26,3	23,3	20,2	20,2
1969	08	22,3	23,6	23,8	22,5	21,7	22,1	16,1	18,8	19,6	16,5	15,7	16,3	19,2	20,2	17,9	15,2	16,0	15,0	16,5	18,2	15,0	12,9	11,1	11,7	12,9	11,1	11,0	12,0	11,6	13,2	16,3
1969	09	15,2	12,6	12,5	13,2	14,1	14,0	15,9	17,1	18,1	15,9	17,5	18,8	18,4	18,2	16,8	16,1	15,2	10,7	9,1	10,1	12,8	15,5	12,1	13,2	14,2	14,0	12,4	8,4	11,0	12,0
1969	10	9,4	6,3	10,1	9,8	12,3	10,9	7,5	6,0	6,9	6,9	8,8	11,0	10,1	7,9	9,9	9,8	6,1	9,4	11,1	9,6	8,3	10,5	10,6	10,3	7,7	9,0	10,1	9,5	8,3	6,7	7,4
1969	11	8,4	8,9	10,0	11,6	4,2	2,0	2,2	8,0	7,6	7,9	9,4	11,8	8,3	7,5	6,1	4,2	3,2	2,8	4,3	7,4	5,4	4,1	3,9	2,7	0,2	-1,8	-6,4	1,0	-1,5	-2,8
1969	12	-7,2	-6,6	-1,2	-4,6	-8,4	-6,0	-4,9	-7,2	-5,0	-2,0	-0,8	-1,7	-3,8	-2,9	-2,9	-4,9	-6,6	-5,6	-11,2	-14,1	-18,0	-19,1	-11,3	-6,6	-5,0	-4,8	-9,4	-9,6	-8,3	-6,4	-5,4
1970	01	-6,2	-4,7	-0,5	-1,1	-1,3	-4,9	-7,7	-6,4	-6,3	-3,8	-1,9	0,4	0,2	-0,2	-0,7	-1,1	-7,8	-7,3	-8,0	-7,6	-6,0	-4,8	-5,9	-4,0	-1,5	-2,1	1,1	-0,8	-2,8	-3,8	-6,8
1970	02	-9,6	-6,8	2,9	1,9	1,7	-1,7	-2,4	1,2	1,7	0,6	-1,1	-1,4	0,5	-2,8	-7,3	-9,5	-5,1	-1,6	-3,8	0,7	1,1	1,8	0,6	-0,1	0,2	-3,3	-4,5	-4,8
1970	03	-4,3	-1,7	-3,4	-3,6	-1,4	-1,7	-2,8	-3,1	-1,4	-3,2	-0,3	1,3	2,9	0,6	-2,7	0,1	2,1	2,8	1,8	1,9	4,9	7,3	5,1	6,4	6,4	2,8	0,5	0,0	-0,6	5,0	7,3
1970	04	3,8	1,4	-0,5	-0,8	2,2	4,3	5,7	5,7	2,6	2,4	3,2	4,4	4,4	3,6	3,8	6,1	10,9	13,2	12,4	6,5	8,0	11,9	13,5	11,7	12,6	7,0	6,2	6,2	5,3	3,1
1970	05	3,1	4,1	7,2	9,5	12,3	15,5	14,3	17,7	14,2	16,5	11,0	8,8	11,7	12,9	14,1	13,7	13,6	11,6	14,5	10,7	11,3	9,6	7,4	10,2	14,9	12,5	8,6	8,9	11,9	12,2	10,5
1970	06	11,2	8,5	11,5	11,0	13,5	16,8	18,4	18,4	18,8	17,3	17,3	17,4	13,1	16,5	18,9	18,6	17,1	16,9	19,6	20,1	23,4	24,0	19,0	18,9	18,7	20,2	22,2	22,7	14,1	12,4
1970	07	15,4	13,8	13,7	12,9	14,7	19,3	20,8	23,4	19,8	19,0	19,1	19,6	22,8	23,1	12,3	12,1	12,8	14,2	16,5	16,0	16,9	17,7	20,6	23,0	17,3	12,4	14,8	22,3	23,4	20,1	22,6
1970	08	20,7	18,6	15,7	18,7	20,8	21,8	21,5	18,1	18,3	18,7	15,5	13,7	16,7	19,5	16,5	18,9	16,6	15,5	18,0	19,9	16,5	12,6	12,9	13,8	14,1	14,9	15,4	16,1	15,2	16,7	18,3
1970	09	16,2	13,8	14,5	14,7	15,3	12,8	12,6	16,2	18,1	21,6	17,6	14,2	11,9	13,7	17,7	12,2	11,3	12,6	16,3	16,1	14,6	8,8	6,7	7,3	10,4	8,6	8,2	7,5	8,4	10,2
1970	10	9,4	8,9	6,6	7,3	10,9	13,8	9,6	10,3	12,1	11,9	11,8	9,1	10,3	7,8	3,5	5,4	6,6	5,3	7,6	4,7	4,3	3,4	2,6	3,4	7,7	8,7	4,7	8,1	7,2	11,0	11,3
1970	11	12,0	11,0	13,1	9,0	6,2	1,7	1,8	1,8	5,5	4,2	6,0	8,6	7,5	5,5	4,8	3,0	2,3	5,2	6,0	5,9	2,7	4,2	3,5	1,2	2,8	0,6	3,9	1,5	2,3	5,5
1970	12	6,7	4,9	4,0	1,4	2,6	1,5	0,7	1,0	0,9	2,8	2,6	-1,3	-1,6	-0,3	0,3	-0,2	-1,5	0,3	-1,8	0,9	0,7	-2,3	-5,0	-4,6	-6,3	-7,2	-6,3	-0,2	-3,7	-4,1	-8,6
1971	01	-12,7	-16,4	-14,2	-12,9	-14,0	-15,3	-16,8	-13,3	-8,8	-8,3	-11,8	-8,4	-5,9	-4,2	-2,7	1,1	1,1	-1,5	-1,5	1,4	0,7	1,1	2,3	3,0	3,4	5,1	5,4	4,0	1,7	0,6	1,3
1971	02	-0,9	-4,3	-2,1	-2,6	0,6	1,4	1,6	3,0	4,0	2,5	2,1	2,0	4,8	1,9	2,2	1,7	1,8	1,6	3,2	1,8	-0,3	2,3	0,2	0,9	1,6	-6,1	-8,3	-5,9
1971	03	-7,5	-6,5	-8,8	-13,1	-11,5	-9,9	-5,5	-4,9	-3,5	-3,2	-4,3	-4,9	3,2	3,8	3,6	1,9	3,9	7,8	8,6	9,7	11,0	5,4	1,4	5,1	7,4	4,8	3,9	2,6	2,2	2,7	4,4
1971	04	7,4	7,0	8,4	10,6	8,8	8,5	9,9	10,9	11,4	9,6	7,5	7,5	7,8	5,5	8,7	11,7	6,8	8,9	13,3	9,4	11,1	14,4	15,6	10,8	5,3	4,0	6,2	2,2	7,4	5,8
1971	05	3,0	3,3	6,5	6,8	9,9	10,2	11,4	13,7	15,8	12,5	17,8	20,1	18,3	20,1	15,2	20,0	22,3	21,9	19,8	18,3	16,7	11,5	13,0	13,5	15,0	14,2	17,6	15,0	13,0	11,8	14,0
1971	06	17,5	18,3	17,3	17,0	17,7	18,0	16,7	13,7	14,9	14,5	13,9	12,6	10,8	16,0	13,5	9,7	12,1	10,0	8,9	12,0	12,4	15,3	11,7	15,6	18,1	20,0	15,2	15,5	10,4	11,2
1971	07	11,6	13,6	14,5	16,8	18,2	18,6	19,2	19,9	22,8	23,3	23,4	22,4	15,6	15,9	15,1	17,1	15,9	14,9	14,9	13,9	16,1	16,3	20,2	21,3	22,7	25,0	26,6	24,9	21,0	23,0	20,7
1971	08	22,3	23,7	26,4	19,6	21,7	24,8	22,4	16,7	17,4	21,6	22,0	18,0	18,7	23,6	19,3	17,2	16,6	19,1	21,7	24,1	21,9	18,9	14,5	13,4	15,3	16,7	17,1	14,8	17,4	19,4	14,2
1971	09	13,3	13,9	17,0	19,0	13,3	12,6	11,3	11,2	8,8	11,2	10,4	12,1	10,0	9,2	6,8	6,8	5,9	7,8	10,6	11,7	13,0	13,7	15,3	15,5	13,0	10,5	12,2	10,6	10,7	11,7
1971	10	13,0	11,6	12,3	8,2	3,6	4,1	9,8	11,8	11,0	10,7	11,4	13,0	11,2	5,9	3,1	2,1	2,7	8,4	12,6	11,1	7,4	12,2	12,0	10,9	11,1	4,5	1,4	2,0	4,2	2,5	1,9
1971	11	5,9	8,5	7,9	10,5	7,2	8,2	4,2	6,5	5,8	2,3	1,1	0,1	1,4	3,0	4,7	6,1	3,7	6,2	-2,5	-5,5	-4,3	-0,3	-1,8	-4,7	-2,2	1,1	2,4	2,8	1,6	1,7
1971	12	1,5	1,1	2,1	2,2	5,1	5,7	3,7	-0,5	-4,7	1,9	6,2	5,7	4,4	5,0	4,2	5,1	2,1	0,1	1,0	5,1	9,5	8,1	6,8	4,4	2,1	-0,6	2,5	3,0	-2,7	1,6	-0,4
1972	01	-1,0	-0,3	1,5	1,7	0,0	-2,0	-1,4	-1,1	-0,2	0,1	-0,4	-2,8	-4,8	-5,9	-7,6	-10,7	-9,7	-6,7	-4,1	-2,4	-1,4	-1,4	-2,5	-4,6	-4,4	-3,0	-3,5	-3,9	-10,8	-9,9	-7,8
1972	02	-8,8	-3,3	-4,3	-4,8	-3,8	-2,0	-1,5	-0,4	1,2	0,6	1,0	0,8	2,0	1,4	1,7	0,8	1,3	2,5	5,7	2,6	1,5	2,2	3,2	3,7	6,2	4,4	4,4	4,1	2,8
1972	03	3,0	3,3	3,4	5,0	5,3	4,0	4,9	3,1	3,8	6,6	-1,3	-2,8	0,6	2,7	4,7	8,7	11,4	10,0	8,6	7,1	8,0	8,9	9,5	2,7	5,3	9,0	7,3	3,4	3,6	4,9	10,4
1972	04	4,2	5,8	10,6	8,4	8,7	9,1	10,8	9,5	8,8	9,5	8,6	8,6	7,7	8,5	8,3	6,7	4,9	5,4	7,3	6,7	8,8	11,3	8,6	3,8	-0,3	4,6	5,4	4,0	7,9	13,3
1972	05	13,7	16,6	10,6	8,0	12,2	13,7	15,7	14,6	14,6	13,6	9,0	10,0	8,3	6,2	7,5	12,9	12,0	14,1	12,1	11,6	11,4	14,4	17,5	17,9	15,8	15,8	12,8	10,3	11,6	12,4	12,8
1972	06	11,9	12,6	16,4	19,4	21,5	22,7	17,6	14,2	16,1	15,0	14,5	16,2	12,7	12,9	14,3	11,8	14,0	15,8	18,2	15,4	16,1	19,3	14,1	12,6	14,6	17,7	18,9	21,6	17,4	16,0
1972	07	12,8	15,6	14,8	16,3	19,0	19,2	17,9	20,1	24,6	16,9	12,0	13,3	15,4	15,4	19,3	23,8	24,9	24,9	24,8	25,5	25,4	22,4	20,4	24,0	19,2	17,1	16,4	18,8	15,9	13,8	16,2
1972	08	17,7	15,9	15,0	12,9	16,6	18,6	19,9	21,9	23,6	22,1	20,9	18,4	22,4	25,7	22,7	16,1	15,0	12,8	11,2	13,2	14,1	12,5	12,9	14,9	13,0	14,0	14,6	15,2	14,4	13,7	12,1
1972	09	10,8	12,0	14,5	15,4	16,8	15,4	16,5	17,6	16,3	17,6	9,0	9,2	10,2	8,8	9,4	7,6	8,3	8,4	10,7	11,2	11,4	12,1	7,7	7,0	5,7	7,2	7,8	7,1	7,1	7,6
1972	10	6,9	5,0	4,2	3,6	6,4	9,0	9,5	8,7	8,6	10,1	7,2	7,6	6,4	3,9	6,2	6,0	3,2	2,7	-0,3	0,9	1,5	1,3	6,0	7,6	6,0	4,5	7,2	7,6	9,0	7,6	6,0
1972	11	7,5	8,2	8,0	7,3	8,1	9,7	9,2	10,4	7,7	6,4	4,2	2,4	5,1	3,3	0,4	0,2	1,7	0,7	-0,2	-0,1	3,6	4,8	4,4	-0,2	-0,6	-1,3	-1,9	-0,3	2,3	2,2
1972	12	0,7	2,2	3,4	4,0	3,0	3,7	0,9	3,5	2,8	0,6	-0,9	0,7	-1,6	-2,4	-0,4	-2,7	-4,4	-2,4	0,7	-2,1	-4,3	-6,1	-7,2	-7,5	-5,4	-3,7	0,8	0,2	-3,7	-3,6	-2,5
1973	01	-2,1	-5,2	-6,0	-0,6	-1,6	-1,1	-1,0	-1,3	-0,7	-0,8	0,7	0,7	-1,2	-3,6	-3,0	-2,5	-2,2	-3,1	-2,5	-0,9	0,5	0,1	-1,4	-4,4	-1,6	-5,0	0,0	0,8	1,1	2,5	3,0
1973	02	1,3	0,6	-1,0	1,3	-0,6	1,6	3,9	4,1	4,7	1,5	-0,9	1,0	2,6	1,8	0,8	-0,9	-0,7	-0,3	0,4	1,8	3,1	2,7	-1,8	-1,9	-2,6	-3,4	-4,9	-2,1
1973	03	1,6	1,2	1,4	4,0	4,5	4,3	3,3	2,1	-0,3	-2,0	0,3	0,7	0,9	-0,4	0,6	0,7	3,1	4,0	1,2	3,3	4,9	6,4	8,7	9,4	9,1	8,3	9,3	9,7	7,5	9,8	5,2
1973	04	6,6	8,7	2,7	1,7	6,5	9,4	5,0	4,4	3,0	1,2	2,0	2,2	-1,1	1,9	3,5	5,8	4,3	4,6	2,4	3,5	2,1	4,0	7,3	9,2	3,0	8,8	10,4	13,7	12,4	13,7
1973	05	18,7	17,7	14,3	18,9	21,1	11,9	12,3	8,0	7,2	10,0	8,9	9,9	12,8	13,8	6,7	8,0	9,1	12,2	16,0	14,2	17,4	17,7	14,6	12,4	11,0	11,2	12,4	15,6	17,1	16,1	16,0
1973	06	21,2	19,1	14,4	17,2	15,7	13,7	12,9	10,8	13,2	16,7	14,8	17,8	20,8	12,2	11,2	12,7	14,6	15,5	15,2	17,0	16,5	16,9	13,3	16,0	20,7	22,3	23,7	20,3	18,4	18,2
1973	07	20,3	21,0	22,9	22,2	22,6	23,0	20,5	18,3	16,5	19,1	19,1	16,5	15,7	18,7	20,5	20,1	17,3	16,4	15,6	16,8	16,3	16,1	13,5	13,4	14,4	12,7	12,2	11,3	15,9	17,7	19,1
1973	08	20,4	20,5	19,3	17,7	18,2	24,4	20,4	14,4	16,8	20,4	22,0	20,6	17,9	18,1	18,9	19,7	21,6	21,9	22,2	20,4	13,9	13,5	15,8	17,5	18,3	17,6	16,7	17,8	18,2	17,2	12,9
1973	09	15,3	18,7	19,4	21,2	21,1	23,0	22,1	20,2	21,3	10,8	10,4	11,4	11,6	12,1	14,5	17,5	16,7	16,1	15,3	15,7	14,6	10,5	11,5	10,9	10,6	10,2	8,2	10,5	16,3	9,6
1973	10	9,7	10,2	12,0	12,4	13,4	13,3	12,7	12,2	12,5	12,3	7,5	3,1	2,7	5,3	10,3	8,4	6,8	4,5	5,0	4,9	7,3	3,4	4,3	0,5	-0,5	2,8	2,5	1,4	3,4	6,9	2,6
1973	11	0,6	-1,9	-0,2	1,6	4,7	3,5	3,7	3,6	8,1	7,6	5,7	4,1	5,2	3,0	2,2	2,4	1,8	0,5	1,7	3,1	0,5	0,5	4,8	7,9	1,0	-1,9	-2,0	-5,5	-3,8	-8,9
1973	12	-10,1	-11,5	-8,1	-0,3	1,3	2,5	0,5	4,3	-3,7	-7,5	-5,7	-0,7	1,8	-0,8	-1,4	-0,5	0,5	-1,8	-2,3	-1,6	-0,3	2,4	2,4	-0,1	0,4	0,4	0,5	0,9	1,6	0,5	-0,6
1974	01	-1,8	0,1	1,0	-0,4	-0,2	1,1	1,0	1,7	0,7	-1,4	1,1	2,2	-0,2	0,2	3,0	4,5	2,9	4,3	7,4	5,6	2,2	-0,8	1,8	3,5	3,8	-0,5	1,4	3,3	1,8	2,3	1,5
1974	02	1,3	0,8	2,6	1,9	1,5	2,6	1,0	1,2	6,6	5,4	6,2	3,1	2,3	4,2	4,5	2,3	6,1	2,7	4,4	-1,2	1,0	3,3	2,2	1,0	-0,2	-1,5	0,2	1,1
1974	03	0,3	1,5	2,3	5,0	4,7	2,1	-0,4	-0,6	1,0	1,9	1,8	2,7	1,9	2,8	2,2	3,6	6,0	11,2	8,1	10,8	11,9	10,7	10,5	9,2	12,3	12,2	12,1	12,2	11,2	11,0	10,9
1974	04	10,3	10,0	10,8	10,8	9,8	10,4	9,3	8,8	12,2	13,0	15,7	11,3	5,8	4,3	1,7	3,0	3,0	3,4	6,5	6,9	6,3	7,4	8,6	6,6	6,3	3,8	5,4	10,9	13,5	13,3
1974	05	11,2	11,1	14,2	14,3	10,9	4,8	3,3	7,9	10,4	11,4	12,3	12,1	14,8	11,9	9,1	10,2	8,9	14,5	15,5	16,2	14,8	9,8	8,9	10,1	11,9	12,5	15,6	17,4	14,0	14,2	15,1
1974	06	13,9	12,5	18,3	13,1	15,3	13,5	9,1	12,0	9,9	10,8	11,6	8,8	12,7	15,3	14,2	15,1	17,9	16,6	13,5	14,0	15,6	15,9	16,5	14,9	16,9	20,0	16,3	14,5	14,5	16,3
1974	07	15,7	13,4	16,1	13,6	16,9	16,2	11,6	13,2	15,4	14,7	15,8	16,5	17,8	16,2	17,2	20,4	15,4	12,9	12,5	13,0	13,7	15,7	20,2	16,6	11,6	13,6	16,6	18,9	19,1	20,9	20,6
1974	08	21,1	21,3	21,9	21,7	16,7	14,6	16,2	16,3	15,3	15,6	14,1	14,2	16,9	22,8	25,0	24,7	24,2	18,8	15,9	14,7	14,5	17,8	17,6	18,6	18,3	18,1	16,2	16,3	18,3	19,6	19,0
1974	09	17,2	18,0	16,7	11,9	16,8	15,9	12,9	15,7	18,9	12,2	13,0	14,9	19,3	17,6	16,4	16,9	16,4	15,6	13,1	10,7	10,5	11,5	10,2	9,2	7,9	7,9	8,3	11,7	7,1	6,8
1974	10	6,8	7,0	6,8	4,5	6,0	7,7	9,4	5,2	5,3	7,3	7,1	4,9	4,8	4,3	3,7	3,2	4,7	5,0	6,7	3,7	3,3	3,1	3,0	4,9	6,2	3,5	5,3	3,6	3,1	2,3	0,7
1974	11	1,8	2,6	4,3	4,1	2,4	0,1	-1,5	-0,4	1,9	5,7	4,6	5,3	4,0	3,7	2,7	5,2	6,5	4,2	4,1	1,7	4,0	2,8	4,3	5,0	3,9	1,8	1,8	2,8	2,2	1,9
1974	12	3,8	8,5	8,9	7,8	2,5	2,5	5,4	8,1	8,8	3,0	2,9	-0,2	-1,6	-3,9	0,6	1,0	1,8	2,0	1,1	4,7	2,6	1,6	0,5	-0,6	3,4	8,8	6,8	8,4	9,2	2,3	1,5
1975	01	3,8	5,0	1,9	2,5	4,0	4,8	3,0	-0,7	-0,7	2,9	4,5	4,7	3,3	-1,5	0,2	-0,2	1,2	4,5	3,1	2,8	3,1	2,0	4,4	3,8	3,5	0,9	0,9	2,7	1,5	1,7	2,8
1975	02	4,2	4,8	0,6	-1,0	-2,2	-0,9	-1,5	-2,2	-2,9	-0,7	3,7	2,6	0,5	3,1	-1,5	-4,6	-3,6	0,2	-0,2	-1,6	-5,8	-7,9	-6,5	0,5	-0,7	-3,5	-1,5	0,9
1975	03	0,7	2,5	7,3	4,3	6,4	6,9	5,8	7,8	7,7	7,6	6,6	8,0	4,4	4,6	5,0	3,5	0,1	0,8	6,9	5,7	0,5	0,1	0,5	0,0	0,7	0,9	1,8	4,3	0,6	1,9	0,0
1975	04	1,9	3,5	5,9	5,5	3,2	6,9	5,2	4,7	4,7	2,0	2,1	4,1	5,3	8,3	9,7	8,5	5,3	6,5	8,1	10,9	9,2	10,8	11,7	11,2	5,4	4,9	8,6	11,3	14,7	12,7
1975	05	9,2	12,8	6,0	7,2	9,8	14,7	18,1	14,8	11,5	14,5	16,0	7,8	10,7	14,3	12,5	15,0	14,3	17,4	17,5	11,5	13,9	8,1	9,4	12,2	11,3	10,2	13,3	14,9	17,1	8,7	7,6
1975	06	9,7	7,1	8,8	8,4	9,2	12,6	15,2	13,3	13,5	13,2	16,2	20,1	20,5	18,4	21,5	16,7	15,8	11,1	15,0	17,1	20,6	21,4	20,9	20,9	16,5	20,0	17,6	11,5	13,4	10,7
1975	07	11,2	17,0	20,1	21,1	17,7	19,6	18,9	21,5	23,1	17,6	21,5	18,4	20,3	22,8	21,7	18,6	18,6	19,6	16,5	17,4	15,7	18,6	21,1	17,9	12,2	13,7	15,4	17,2	19,2	20,5	19,8
1975	08	20,0	17,6	19,6	20,4	20,5	22,0	22,6	23,0	23,3	24,2	24,3	22,7	17,7	18,0	19,6	18,7	19,0	17,3	15,0	18,3	20,9	21,3	16,0	14,1	11,7	15,4	16,3	16,8	16,8	18,1	18,6
1975	09	19,6	19,6	18,4	18,2	14,4	15,0	12,5	13,4	13,2	16,8	17,6	14,8	11,1	15,4	15,3	19,1	21,5	21,5	17,5	16,1	16,5	15,0	15,0	14,4	17,0	13,5	14,4	18,8	18,6	19,2
1975	10	17,0	14,0	14,4	10,9	10,2	11,7	9,7	7,6	6,7	1,8	1,9	3,9	6,6	4,0	7,6	8,1	9,5	7,2	7,3	5,3	6,3	7,6	7,7	7,7	4,0	3,6	3,4	1,1	1,7	1,7	1,7
1975	11	3,1	4,6	5,6	5,6	5,7	5,1	5,4	5,5	4,6	5,8	2,3	2,4	5,1	4,0	-0,6	0,8	2,2	4,3	3,1	3,1	-0,1	-1,6	-6,5	-7,1	-9,1	-5,8	-4,6	1,9	5,7	1,0
1975	12	1,5	2,4	2,4	1,1	2,4	3,9	0,7	2,3	0,2	1,0	1,8	-0,4	0,2	-1,6	-3,8	-1,6	-2,2	-6,1	-7,0	-2,7	0,3	1,6	1,4	1,2	0,4	1,0	3,8	1,7	-4,2	-0,4	2,0
1976	01	2,9	1,1	3,8	-1,5	0,4	-0,5	-0,6	4,7	3,7	2,5	5,4	7,3	3,3	4,5	0,4	-3,8	0,6	0,2	0,9	3,0	2,5	0,9	4,1	-3,7	-2,9	-4,3	-8,7	-10,1	-9,1	-7,8	-5,0
1976	02	-3,4	-1,2	0,4	-0,4	1,7	-0,4	-2,3	-3,5	-4,0	0,7	0,8	-0,6	-2,5	-2,6	-4,0	-1,0	-1,0	0,1	-0,8	-1,1	-1,5	-2,0	-1,9	-2,3	2,9	5,2	3,9	4,3	4,9
1976	03	6,6	2,5	-1,0	-2,4	-5,2	-4,0	-4,6	-4,0	-4,5	-5,9	-3,3	-0,9	1,1	-2,3	0,9	2,7	1,9	1,0	-3,1	-4,6	-8,3	-4,9	-3,9	-1,9	1,6	6,3	3,9	5,0	10,0	6,2	8,7
1976	04	11,6	14,7	12,2	11,5	8,5	11,9	5,1	2,9	0,9	4,0	5,8	6,9	8,1	8,6	9,8	8,7	12,5	13,5	13,5	10,9	8,7	2,8	1,7	5,3	4,7	6,6	4,6	1,1	2,4	5,8
1976	05	8,7	12,0	12,5	12,8	13,7	16,7	17,1	17,3	19,1	19,7	19,0	12,6	10,3	6,7	11,8	15,8	17,2	17,8	17,4	12,2	10,0	9,5	11,3	12,2	15,1	14,2	10,4	10,7	14,5	13,4	11,0
1976	06	13,2	10,3	9,8	10,5	14,1	15,9	17,6	19,3	16,7	16,6	15,0	17,3	17,6	17,7	19,7	11,7	14,8	18,8	19,8	20,1	17,9	19,3	20,3	20,7	21,7	22,6	22,7	23,7	23,3	23,2
1976	07	23,6	21,4	21,8	24,5	21,7	17,8	20,8	21,2	18,6	17,0	21,1	23,5	20,8	16,8	22,9	25,2	27,7	26,1	24,0	18,7	18,6	15,9	16,9	15,6	13,9	17,2	18,4	15,8	13,6	17,5	18,3
1976	08	11,0	13,4	15,0	13,5	13,0	15,3	14,5	17,0	18,2	19,6	18,8	16,2	17,5	15,3	17,4	17,9	17,2	15,0	17,1	16,7	14,1	13,2	13,8	16,2	17,7	19,1	14,7	19,6	20,5	18,1	15,6
1976	09	13,8	14,6	10,1	11,2	9,8	11,9	13,7	14,2	16,7	11,4	10,5	14,1	16,4	11,2	9,5	11,9	11,1	10,2	11,9	11,0	10,3	12,4	10,8	10,3	10,2	10,2	14,8	15,9	15,3	12,8
1976	10	10,6	13,6	13,7	13,2	11,4	11,6	16,2	15,0	14,8	14,8	13,0	14,9	14,9	10,0	9,0	7,7	5,4	5,8	6,1	7,0	4,5	6,3	6,9	4,7	4,0	5,3	4,3	6,8	5,5	9,1	4,8
1976	11	2,9	5,4	6,5	6,3	7,0	8,9	9,7	5,7	2,5	4,2	5,8	5,9	7,8	5,8	4,6	3,6	2,9	2,8	2,1	0,9	0,7	0,8	-0,6	0,6	0,1	4,0	3,5	3,7	4,5	7,6
1976	12	4,4	3,4	0,5	0,8	-0,6	1,4	2,2	4,1	3,7	1,0	-1,0	-1,7	-1,9	-3,5	-4,6	-5,9	-7,0	-3,8	-1,5	0,3	0,8	-0,3	-0,7	-1,7	-6,4	-7,2	-4,7	-5,6	-9,8	-11,9	-12,7
1977	01	-4,4	-0,9	-0,1	-0,3	-2,9	-1,6	-0,6	-3,8	-3,1	-2,5	-4,1	-0,4	-2,2	-6,0	-2,8	-0,8	-1,3	-2,7	-4,3	-3,6	-2,5	-3,4	-2,7	-0,2	0,6	4,7	3,4	3,4	0,6	-3,8	-6,7
1977	02	-7,4	-9,5	-11,1	-3,8	1,0	2,4	4,4	4,0	1,7	0,8	4,5	1,8	3,0	0,1	0,4	0,9	2,8	3,8	6,1	7,2	6,8	6,1	4,4	4,0	4,5	0,7	-3,5	-2,4
1977	03	-0,3	0,7	7,0	7,1	5,4	4,3	4,3	4,2	6,9	8,0	7,3	7,8	5,7	6,3	2,9	7,0	8,5	8,4	5,7	5,7	6,9	7,6	8,3	12,0	9,4	8,2	10,4	2,5	-2,1	-2,7	-2,7
1977	04	3,9	7,4	8,1	5,3	5,1	5,3	4,6	2,6	-0,4	-2,4	0,3	2,7	5,8	2,2	1,4	2,3	5,5	3,5	2,7	4,3	9,5	13,7	10,0	5,4	6,6	10,7	10,5	10,1	11,7	11,8
1977	05	18,2	12,2	17,0	21,5	15,5	9,4	9,0	9,0	11,2	11,5	14,2	17,0	11,6	10,1	9,3	9,9	11,2	12,5	12,7	15,8	8,7	9,2	11,1	12,9	14,9	9,5	9,8	12,8	16,1	10,9	7,3
1977	06	9,5	9,5	10,8	11,2	12,1	12,7	16,1	16,6	18,8	22,2	16,9	18,7	21,5	19,8	16,9	16,2	19,2	19,8	14,8	15,0	15,7	16,9	17,1	19,6	19,9	15,0	13,5	14,0	17,9	14,0
1977	07	14,9	17,3	17,9	17,4	14,6	17,4	15,8	16,5	15,8	16,3	18,1	22,2	20,5	13,4	11,1	15,0	13,7	16,1	15,1	16,9	13,7	14,9	16,6	19,9	15,7	13,7	12,9	16,8	19,7	19,1	15,1
1977	08	12,6	14,3	14,6	18,5	19,2	19,3	20,1	18,5	18,2	14,2	13,7	16,0	16,2	16,5	14,9	13,9	16,0	16,3	14,4	15,5	15,6	11,9	13,4	12,4	14,6	16,9	17,9	15,9	17,7	20,7	19,6
1977	09	18,2	18,2	18,9	14,9	15,8	18,0	18,5	15,0	10,7	10,0	15,0	16,9	8,9	10,2	12,4	7,1	7,4	7,0	5,6	6,9	7,5	9,0	9,9	9,4	6,6	6,7	6,1	6,8	8,5	13,4
1977	10	9,4	7,8	6,0	8,9	11,7	12,1	12,5	12,7	13,6	12,1	9,5	7,6	10,0	10,2	6,9	4,0	3,6	4,8	4,9	4,1	4,7	7,6	8,7	9,4	11,1	8,8	8,6	10,1	8,3	7,9	6,4
1977	11	6,4	5,5	13,4	10,3	7,8	8,2	10,5	10,2	10,9	11,9	12,0	8,9	1,8	3,6	4,5	3,0	1,1	1,9	1,9	1,7	-0,5	1,4	2,5	3,9	2,3	0,7	-0,3	-2,2	-3,6	-4,5
1977	12	-1,2	-1,5	-0,5	-4,3	-8,1	-7,3	-2,6	0,2	1,6	1,0	-0,9	-1,6	-2,8	1,2	2,2	2,7	-1,6	-2,1	-3,3	-2,8	-3,2	-4,5	-0,6	8,8	5,5	4,2	4,8	2,4	1,6	1,0	0,4
1978	01	0,8	1,7	2,3	-1,2	-7,1	-2,1	0,8	0,3	-0,2	1,2	-1,4	-2,0	-0,1	0,2	-1,1	-0,3	-0,2	-1,0	-1,0	-0,1	-0,3	-1,1	-2,2	0,3	2,0	-0,1	-0,1	-1,8	0,3	0,1	-1,9
1978	02	-1,9	0,3	-0,2	-1,3	-2,3	-3,5	-3,1	-4,5	-5,5	-4,7	0,3	-4,3	-5,0	-6,5	-4,7	-6,4	-7,7	-10,3	-8,4	-9,0	-8,6	0,1	-0,3	1,2	1,5	0,4	2,8	1,6
1978	03	2,5	3,8	4,8	3,5	3,6	1,1	1,1	3,4	3,8	4,1	5,0	2,9	1,6	6,2	6,3	7,1	2,7	0,5	1,5	2,3	1,5	-0,1	1,9	2,4	4,6	3,8	4,6	8,2	12,3	11,8	11,3
1978	04	12,2	9,9	7,7	8,0	4,3	-0,5	3,2	5,6	5,3	8,1	7,1	2,8	4,2	1,9	3,7	2,6	4,1	4,7	6,5	7,1	8,4	7,2	10,3	11,6	8,1	9,1	10,8	10,8	10,4	10,9
1978	05	11,0	7,8	9,3	12,3	15,8	15,7	11,6	9,2	9,3	3,9	0,1	4,6	6,7	6,9	9,2	9,0	9,2	12,1	11,0	12,3	15,1	15,8	12,8	12,9	14,7	13,6	14,2	15,2	16,4	16,5	18,2
1978	06	19,0	21,1	20,8	18,8	17,8	19,2	20,1	16,5	16,1	12,9	10,3	9,4	10,2	11,9	13,1	13,9	14,2	12,5	14,9	14,6	15,6	14,3	17,0	10,7	10,4	11,4	11,2	10,8	12,2	17,9
1978	07	13,5	15,2	16,4	14,7	13,1	14,1	12,7	12,4	11,4	11,6	15,4	15,8	17,1	17,7	11,7	12,4	14,3	15,4	13,2	14,5	12,5	10,9	15,0	15,8	18,6	20,2	20,9	22,3	21,5	21,7	21,5
1978	08	23,0	17,5	21,0	18,9	18,5	19,1	17,9	12,7	13,5	12,8	13,2	11,7	12,9	14,5	18,2	16,9	16,0	11,1	13,6	16,6	17,9	20,0	16,5	15,2	14,5	10,9	10,3	10,1	14,0	10,0	9,6
1978	09	9,9	11,2	11,1	12,3	12,4	15,1	12,7	12,7	15,0	17,9	16,0	10,6	10,9	16,1	14,0	12,2	16,2	11,9	8,7	7,8	9,2	11,4	12,6	14,7	15,5	11,3	9,6	7,5	8,5	8,7
1978	10	7,2	8,9	9,3	7,4	8,3	11,6	11,7	8,7	9,5	9,6	8,7	9,1	12,2	10,7	9,3	7,7	8,9	6,4	5,3	5,0	4,5	6,3	7,0	8,7	8,9	4,4	3,6	6,5	8,5	8,1	8,3
1978	11	5,0	5,2	5,0	4,7	6,3	3,5	2,9	1,8	0,6	0,5	0,8	-1,3	-1,8	3,3	3,6	4,0	4,7	5,5	4,0	3,4	1,7	6,2	7,0	5,3	3,0	1,3	-0,4	-2,1	0,3	-0,9
1978	12	-0,3	0,5	0,0	-5,4	-10,3	-8,3	-8,6	-6,1	1,1	4,4	2,7	1,5	5,0	4,9	5,0	4,4	-3,4	-7,2	-5,1	-1,0	-1,4	1,5	-0,4	-1,2	3,4	5,0	4,8	7,6	8,9	6,6	-2,8
1979	01	-16,8	-12,2	-9,1	-12,0	-14,1	-13,9	-11,6	-4,3	-4,5	-3,8	-2,4	-0,9	-2,6	-2,0	-4,4	-3,6	-5,6	-12,7	-11,4	-7,8	-6,5	-4,8	-2,1	0,5	-4,7	-3,4	-0,8	-0,2	-2,3	-0,4	-0,7
1979	02	0,1	2,2	-2,0	-1,9	-2,0	-4,7	-4,3	-0,2	-5,5	-8,0	-4,4	-1,0	2,5	2,4	-1,2	-3,1	0,4	0,7	0,4	-1,0	-1,8	-3,0	-0,6	-2,0	-3,1	-3,8	-3,3	-2,9
1979	03	-0,9	2,0	4,6	5,6	1,9	3,7	4,3	1,9	3,7	1,0	-0,3	5,2	4,7	3,3	5,9	4,5	2,2	4,0	0,8	3,4	6,9	5,2	1,4	1,6	6,6	9,3	5,6	7,5	5,0	2,0	2,7
1979	04	3,7	5,6	5,2	2,8	4,2	3,6	0,3	1,4	2,9	6,8	8,3	10,0	12,2	12,0	10,9	11,8	4,6	1,8	4,1	6,9	6,0	7,1	8,3	10,1	7,8	7,6	7,1	4,7	7,1	4,7
1979	05	4,8	4,9	2,4	5,0	3,9	4,1	6,9	9,4	11,1	8,0	10,0	9,9	10,3	14,0	16,9	18,9	17,7	18,9	16,7	22,3	14,8	17,6	20,2	18,5	12,7	18,8	20,6	14,6	19,5	20,0	22,4
1979	06	24,1	22,9	23,3	23,7	22,5	20,1	15,4	15,2	16,6	18,0	20,3	21,2	20,5	15,1	14,6	12,3	11,3	10,8	16,1	19,1	18,5	18,9	18,2	20,8	19,6	20,8	21,1	15,0	17,5	14,2
1979	07	11,4	12,1	13,3	12,2	14,5	16,7	14,3	12,5	14,2	12,2	14,2	16,6	17,0	14,2	16,1	12,0	13,3	17,0	16,9	14,2	14,9	12,0	13,5	13,0	14,3	16,0	15,7	16,2	18,5	17,4	19,3
1979	08	18,1	20,8	20,6	15,8	16,1	17,5	19,5	17,6	17,0	13,5	12,3	13,8	15,7	17,7	20,1	21,6	18,8	16,0	17,6	15,8	17,0	16,9	16,3	14,2	10,4	10,0	11,9	10,7	11,7	13,7	17,3
1979	09	17,1	17,8	15,9	12,4	12,2	14,3	16,4	15,3	17,2	14,1	15,7	15,0	16,1	13,4	8,7	7,4	12,9	18,0	16,1	18,7	10,5	8,2	7,5	7,1	6,8	9,5	10,0	10,5	8,8	7,5
1979	10	7,8	6,2	5,3	6,0	9,1	6,5	7,3	8,3	5,7	8,0	8,7	9,5	12,3	11,0	12,1	9,9	10,1	8,4	6,5	7,3	6,8	3,1	2,0	1,5	1,6	0,9	1,1	2,4	3,2	4,0	2,7
1979	11	4,9	4,0	2,6	2,9	4,9	4,6	3,5	6,8	5,7	3,1	0,7	-1,0	0,5	1,2	3,3	1,5	0,9	1,8	1,7	1,6	1,6	1,8	1,2	0,7	0,6	3,5	3,7	5,4	8,3	5,8
1979	12	7,9	6,7	8,8	5,9	9,0	7,8	10,0	8,7	6,5	8,2	7,4	-1,8	-2,4	0,6	3,6	3,0	5,4	2,3	-1,1	-1,2	-1,2	3,9	3,6	1,2	0,4	-3,9	-1,3	-1,3	0,6	-1,1	-1,3
1980	01	-1,4	-2,7	-6,2	-8,9	-6,8	-3,6	-2,8	-2,0	-5,1	-6,0	-11,0	-12,7	-15,5	-15,2	-15,4	-8,5	-11,5	-7,2	-3,1	-3,6	-1,9	-1,8	0,1	-0,6	0,9	-2,1	-5,9	-8,8	-6,4	2,4	5,4
1980	02	0,0	1,3	2,7	0,7	3,3	5,0	3,8	4,1	2,7	2,5	4,4	2,5	0,5	-0,7	-0,8	1,5	1,2	-1,1	0,4	0,8	0,5	1,1	0,5	-1,2	-0,6	0,2	-4,2	-4,1	0,8
1980	03	3,4	2,5	-3,0	-1,6	-1,0	0,9	2,0	0,0	0,8	0,7	0,4	0,7	1,3	4,0	3,6	6,4	2,9	2,3	-1,0	-3,2	-3,2	-0,3	2,5	3,1	1,3	3,3	7,1	10,6	8,9	4,4	4,5
1980	04	7,4	6,5	1,0	0,5	0,3	1,5	5,6	3,7	2,5	3,1	4,8	6,2	8,7	10,5	12,8	12,1	12,3	8,2	4,3	1,2	2,2	2,9	0,1	0,8	1,9	2,7	4,7	6,5	7,7	11,3
1980	05	11,0	7,0	4,2	5,0	6,1	10,5	12,7	13,1	6,3	8,3	10,8	10,0	8,9	7,5	6,5	8,3	9,6	8,6	12,3	12,3	10,6	7,7	9,8	9,9	12,1	13,1	15,7	13,0	11,1	11,9	11,5
1980	06	11,9	12,7	13,6	13,2	16,3	15,9	17,5	18,3	18,7	16,7	14,9	18,6	21,0	24,3	15,2	15,1	16,8	11,3	14,5	14,0	14,7	10,8	12,6	14,8	12,1	12,1	11,8	11,7	10,6	11,7
1980	07	14,0	12,2	11,6	13,1	15,2	15,5	14,2	15,4	13,4	13,7	13,5	13,4	11,2	14,2	16,7	13,0	11,2	14,3	14,5	17,1	12,3	10,1	15,5	17,4	18,3	20,0	20,0	18,5	18,4	17,0	16,6
1980	08	18,0	20,7	23,8	21,6	20,3	17,1	19,1	18,4	16,0	16,5	17,5	16,1	14,3	15,9	18,1	19,5	18,9	17,8	17,6	16,2	17,2	11,0	10,7	9,6	8,9	12,9	15,6	16,6	18,6	16,7	14,6
1980	09	12,3	10,3	12,1	17,5	18,6	14,3	14,8	14,4	12,3	10,9	13,4	13,9	12,7	12,4	10,9	12,0	13,1	12,6	13,2	11,8	10,7	12,4	11,8	11,5	13,4	10,2	10,6	8,5	11,5	11,3
1980	10	8,2	10,7	7,3	8,7	7,2	9,2	12,1	8,0	6,8	4,3	5,8	6,0	6,1	5,2	6,3	8,2	14,2	8,3	4,0	3,0	3,7	5,6	7,8	10,2	8,0	2,9	7,8	13,7	10,4	6,0	1,6
1980	11	-2,9	-4,5	-3,5	-4,0	-3,7	-0,6	-0,1	0,1	-0,8	-2,5	-2,0	-2,6	-0,1	1,1	4,2	10,3	8,8	8,4	4,0	4,8	6,2	10,1	10,7	9,5	7,7	4,0	-1,4	-0,6	-1,3	-4,2
1980	12	-9,4	-8,5	-4,2	-4,6	-6,3	-3,7	-11,6	-10,3	-4,9	-1,2	2,2	1,9	3,9	5,8	7,3	2,0	-1,5	-1,1	-0,9	-0,6	1,1	0,5	3,8	7,3	7,1	1,8	-1,1	-2,2	-0,1	1,3	2,3
1981	01	0,9	0,7	3,8	1,4	-1,8	-4,2	-7,2	-12,6	-6,8	-3,9	-3,3	-2,8	-4,8	-3,6	-0,2	-3,0	0,3	0,4	-1,1	-1,8	-2,5	-5,9	-10,5	-8,4	-2,3	-4,9	-9,0	-7,0	-7,5	-7,3	-1,3
1981	02	0,5	0,6	2,3	1,2	-0,8	0,3	4,0	5,3	4,1	2,6	-0,5	-3,0	-2,7	-4,5	-2,4	-1,5	-1,6	-3,9	-4,5	-4,8	-4,3	-3,5	-2,1	1,4	-2,1	-2,9	-3,9	-1,9
1981	03	-1,0	0,3	0,3	-0,7	0,7	1,1	7,5	9,1	10,4	7,4	13,0	8,7	6,7	6,0	5,2	4,6	3,2	1,2	3,0	4,9	8,0	10,1	9,8	10,7	12,2	11,0	7,1	7,3	9,7	11,3	12,1
1981	04	12,4	11,3	7,5	5,9	4,6	6,8	10,4	11,7	9,3	10,1	11,4	13,7	13,7	8,9	10,6	3,4	0,2	0,8	3,3	3,4	6,1	4,3	1,4	2,9	7,1	10,2	4,9	3,5	4,7	8,1
1981	05	3,9	4,5	4,3	6,5	7,5	8,7	12,1	15,0	16,8	18,2	17,7	16,6	15,3	14,4	14,0	15,4	12,7	13,4	16,9	19,0	17,8	16,5	12,0	11,9	13,9	12,4	12,0	12,2	13,9	16,9	19,6
1981	06	21,5	23,5	23,3	16,8	14,1	19,0	19,2	19,0	21,0	16,7	18,5	17,5	13,4	20,4	18,7	15,4	10,2	11,3	8,8	10,9	9,0	12,7	15,3	13,6	12,1	16,5	19,2	22,9	18,0	13,2
1981	07	14,7	21,1	18,9	14,1	17,0	19,5	20,0	21,2	21,4	21,9	22,9	20,3	18,3	16,6	14,0	16,7	16,9	13,1	9,5	10,6	14,3	15,9	18,2	14,8	12,1	12,9	13,0	12,5	15,8	16,0	17,2
1981	08	20,4	21,9	20,0	19,0	21,0	21,9	21,9	21,1	17,8	17,5	17,9	17,5	18,6	19,4	20,5	20,9	12,2	13,5	16,3	14,4	13,5	13,8	11,8	12,6	12,5	14,1	11,7	10,3	11,3	13,3	14,2
1981	09	12,7	13,1	11,7	12,2	13,0	14,1	16,0	17,8	14,9	15,3	14,0	15,4	14,4	11,9	11,3	10,7	11,0	11,4	13,4	15,0	18,3	18,9	14,3	12,4	12,7	14,3	15,7	16,3	11,9	12,0
1981	10	13,4	11,6	13,1	12,2	10,9	16,3	12,3	10,7	13,0	10,8	7,8	4,9	5,3	5,4	5,4	4,7	5,9	10,7	10,8	12,0	7,9	3,2	2,6	1,7	2,0	1,6	4,0	3,9	7,8	8,2	10,6
1981	11	9,3	12,2	8,0	9,7	5,9	3,8	-0,7	-1,0	-0,9	-2,9	-0,9	1,9	4,0	0,4	-0,4	-0,8	-2,0	3,6	8,1	10,2	9,6	11,2	9,6	3,9	0,8	0,9	4,7	3,2	1,2	1,0
1981	12	-0,4	-0,6	-1,5	0,9	-1,5	-0,2	0,8	3,6	-0,4	-4,0	0,2	-3,6	-7,9	-2,5	-3,1	-8,0	-10,6	-6,8	-6,7	-11,4	-12,1	-6,5	-4,4	-4,7	-2,9	-2,1	-3,8	-7,2	-1,6	-2,6	3,1
1982	01	2,5	2,1	4,0	6,1	6,5	-3,5	-9,0	-10,5	-10,0	-17,6	-13,0	-11,6	-13,0	-17,3	-17,4	-15,2	-12,9	-10,2	-8,7	-9,8	-8,7	-6,5	-2,7	-2,4	-2,3	-0,5	-0,6	-0,4	0,9	4,0	0,3
1982	02	-2,8	-4,1	-5,4	-6,6	-5,6	-0,5	2,8	3,1	1,6	2,6	-0,7	-0,6	-1,2	-1,8	-1,0	-0,8	1,5	-0,1	-4,2	-5,0	-5,3	-3,5	-2,7	-3,9	-4,4	-4,1	-1,8	3,1
1982	03	7,2	2,3	5,5	4,9	1,0	-1,6	0,3	2,7	1,9	5,3	2,6	3,3	1,9	1,7	4,1	5,4	6,1	2,3	0,1	2,1	2,0	2,2	2,6	3,8	5,0	7,3	10,2	9,3	8,7	7,4	4,3
1982	04	7,5	10,4	8,4	6,3	10,1	13,5	9,8	5,3	2,6	2,2	2,1	0,9	1,2	2,6	5,0	6,6	5,7	4,7	5,3	5,7	7,0	5,4	5,0	7,7	9,1	5,9	3,7	6,1	5,5	3,5
1982	05	5,5	4,7	11,6	14,7	14,9	7,8	6,8	10,4	11,0	13,0	7,4	11,0	12,1	13,7	15,5	18,1	19,6	16,7	16,6	16,5	14,6	15,3	14,3	11,5	15,0	16,9	20,5	15,8	12,9	14,7	18,2
1982	06	21,0	20,9	22,9	23,8	25,0	20,7	18,6	18,4	17,1	16,7	19,5	14,3	12,7	10,6	10,7	11,0	11,4	15,6	14,6	15,0	17,4	18,9	16,8	16,7	19,5	18,0	14,3	15,7	13,4	12,5
1982	07	15,2	18,9	23,5	14,6	16,2	17,4	14,1	16,6	18,6	20,3	21,1	20,3	19,8	21,2	24,4	21,6	19,6	14,4	16,9	20,4	22,0	20,3	20,3	21,1	19,1	15,7	15,8	17,6	19,7	21,3	21,5
1982	08	21,4	21,9	20,8	18,2	19,6	19,6	17,5	19,0	18,7	19,4	18,3	21,5	22,3	16,8	21,0	18,8	16,3	17,9	17,3	13,4	14,4	14,6	16,0	15,0	14,0	17,7	15,5	14,3	16,0	15,6	16,5
1982	09	15,0	13,8	14,4	17,7	20,0	20,9	16,5	16,9	15,6	16,4	17,1	17,3	17,9	18,1	19,0	17,4	19,3	16,5	17,9	18,2	18,1	12,4	12,2	12,1	13,0	15,1	12,1	11,1	10,1	13,8
1982	10	14,5	15,1	10,2	9,0	11,4	11,4	10,9	9,5	9,0	9,2	7,9	8,5	10,8	10,5	8,4	6,9	7,2	9,0	8,3	8,9	10,0	7,0	11,5	11,1	8,2	7,1	7,6	5,1	5,4	7,0	5,2
1982	11	7,3	8,2	4,9	7,6	2,0	-1,1	-0,3	2,1	3,5	7,4	7,0	2,4	6,2	3,6	-0,4	-0,2	1,8	6,1	7,7	5,6	3,4	4,6	4,9	2,2	4,1	4,1	6,6	3,3	3,3	0,5
1982	12	-1,8	1,3	0,1	-1,7	-1,2	0,1	1,9	7,6	6,4	7,6	2,6	1,5	0,4	-0,8	3,7	7,2	2,6	0,2	-1,6	5,0	1,7	0,3	0,0	-2,4	-0,2	-0,2	3,6	1,3	-0,6	-2,0	-1,3
1983	01	0,3	-0,4	1,7	7,0	4,9	8,1	3,0	1,8	2,1	3,9	4,9	2,7	1,2	0,1	1,4	3,1	5,9	2,0	0,2	-3,1	1,0	3,0	1,4	-1,5	-0,6	4,8	9,1	6,6	7,4	4,9	0,4
1983	02	4,9	0,4	-1,3	-4,2	-2,8	-0,3	-2,1	-1,6	-3,3	-4,0	-4,2	-3,4	-4,0	-6,5	-10,7	-9,0	-5,6	-6,4	-3,6	-0,8	-5,4	-9,9	-6,2	-8,5	-7,5	-1,7	2,6	2,0
1983	03	0,8	-0,6	-0,5	-0,3	2,5	4,6	6,5	6,1	7,6	5,0	2,5	-0,8	0,0	2,6	3,2	4,6	5,6	8,2	8,3	7,5	8,0	2,7	2,9	8,6	1,5	1,4	1,2	2,8	2,2	5,7	7,9
1983	04	6,3	7,3	3,6	4,8	3,3	5,5	5,1	11,2	6,6	7,6	12,8	6,5	2,3	3,6	5,0	7,2	10,2	10,2	12,6	13,1	16,4	11,7	12,4	11,1	13,0	16,1	14,4	15,0	13,0	14,5
1983	05	13,2	9,3	9,5	8,9	7,7	8,1	11,9	9,2	10,8	13,0	11,2	15,1	14,9	16,6	17,8	18,1	19,6	14,7	10,9	14,1	18,5	13,6	13,5	11,2	9,4	9,1	8,9	10,8	11,8	14,6	17,8
1983	06	20,8	18,5	17,5	20,4	18,3	11,5	13,0	18,0	19,0	16,7	16,6	18,4	16,7	13,4	11,1	10,1	9,5	12,6	13,6	16,2	20,1	17,8	16,5	18,7	19,5	18,5	16,9	14,0	14,8	18,9
1983	07	16,7	15,4	19,1	20,3	20,6	23,2	24,4	21,9	23,3	23,1	22,0	22,2	21,4	16,6	20,2	20,6	23,2	25,9	20,9	14,4	12,5	19,8	20,9	20,1	20,9	23,6	26,8	22,0	19,3	20,3	23,4
1983	08	26,3	17,8	10,1	9,8	10,9	13,2	14,6	17,7	19,1	18,8	18,6	19,6	16,2	12,1	16,6	19,0	18,2	20,4	20,7	20,7	19,4	20,3	21,4	21,2	20,6	20,0	19,3	17,8	16,0	16,0	19,1
1983	09	20,7	17,2	14,6	12,0	15,8	12,5	11,6	10,7	16,2	19,7	13,1	11,1	10,5	14,5	19,1	12,6	11,2	12,3	16,3	10,4	13,1	12,4	9,3	16,0	10,0	11,1	13,8	13,1	11,5	11,6
1983	10	6,6	9,6	15,5	16,3	17,7	13,1	11,8	11,8	7,5	11,6	9,6	7,0	11,2	12,1	8,6	10,7	8,4	9,3	12,2	7,3	4,4	3,0	4,0	1,4	4,5	9,0	9,8	6,6	4,8	3,9	4,6
1983	11	5,9	8,1	5,6	5,2	6,7	4,2	4,4	2,6	2,9	1,6	2,0	-2,5	-3,9	-7,2	-4,9	-0,1	0,1	-1,4	0,7	-2,3	-1,1	-2,4	-0,7	-2,1	3,5	10,8	8,9	3,9	3,6	-1,6
1983	12	-3,5	-6,7	-9,8	-7,6	-6,4	-4,6	-1,6	-4,6	-0,4	0,9	-4,2	-8,1	-7,7	-6,8	-7,5	-4,1	-3,9	-3,5	-0,5	0,9	-1,3	1,7	3,8	6,2	9,7	6,0	3,0	5,2	6,0	4,5	2,8
1984	01	3,2	2,9	4,6	1,1	-1,7	-0,6	1,5	0,6	-0,3	-4,2	-2,3	-3,4	2,0	4,7	1,5	1,1	3,5	-0,1	-1,5	-2,5	-5,3	-5,6	-1,5	-1,5	-0,3	-2,9	-3,9	-4,6	-4,3	-1,2	-0,9
1984	02	-0,8	0,6	2,6	1,7	4,0	2,9	0,1	-0,3	-0,1	-1,7	-3,3	-6,1	-6,2	-4,9	-7,7	-7,8	-9,9	-7,2	-5,4	-1,7	-3,7	-2,4	-1,9	-1,1	0,9	3,1	1,2	0,2	1,4
1984	03	1,3	1,4	0,6	-0,3	0,6	2,5	1,9	-1,5	-1,6	-2,2	-0,6	-0,3	0,9	1,5	2,8	2,9	2,0	-0,5	-3,3	-2,2	-0,5	0,0	1,7	2,8	4,5	7,3	4,9	8,9	9,5	1,6	3,7
1984	04	4,4	5,9	2,2	1,7	3,3	4,9	7,6	4,9	4,5	5,6	7,2	5,7	6,1	9,3	12,5	7,0	4,1	5,3	6,1	10,0	11,6	13,9	11,1	7,8	9,8	8,6	4,2	0,7	5,2	7,1
1984	05	10,5	13,6	14,4	14,8	15,3	15,2	6,5	4,6	6,9	6,3	5,9	5,7	7,7	9,7	12,5	16,3	13,1	15,5	17,0	16,0	12,6	12,1	12,3	10,0	11,1	14,4	14,5	11,8	10,0	12,1	12,2
1984	06	15,2	18,7	20,6	18,3	16,1	9,7	12,4	10,8	11,2	14,3	10,8	12,9	16,6	16,9	10,9	11,3	13,4	15,7	17,0	20,6	18,0	16,6	12,6	10,6	10,5	11,3	14,8	14,9	10,9	10,8
1984	07	13,6	12,7	9,5	11,2	11,4	10,5	13,9	18,0	20,3	25,2	27,6	24,3	19,2	18,1	14,2	12,6	11,9	13,1	12,8	14,0	13,3	16,1	14,1	14,2	16,3	13,9	12,5	13,6	17,3	21,4	23,1
1984	08	18,7	16,6	20,4	21,7	17,8	16,5	16,0	15,2	17,5	17,4	16,7	15,7	16,0	17,1	15,6	14,3	14,2	13,9	14,8	15,5	17,6	18,2	18,3	18,6	18,1	14,5	14,9	14,6	17,5	17,9	18,1
1984	09	17,9	16,5	19,0	18,5	11,5	9,0	10,7	9,7	11,6	12,1	10,0	11,6	11,0	15,0	14,7	13,1	10,0	10,0	12,3	13,1	13,6	8,4	10,5	8,2	9,2	9,2	9,6	10,1	10,8	10,4
1984	10	11,3	10,9	11,4	10,5	11,3	10,5	8,3	8,1	13,2	13,2	13,5	11,1	8,5	10,3	10,7	6,2	6,8	11,3	12,8	11,4	7,5	9,2	12,5	9,9	11,8	9,8	6,8	2,6	2,7	3,3	4,3
1984	11	2,4	5,1	2,1	2,2	2,7	4,0	5,8	6,6	8,6	8,2	3,9	1,5	0,7	-0,7	0,6	1,8	2,6	1,3	2,0	1,5	4,9	5,9	10,6	10,3	8,1	6,9	3,2	-0,6	-2,1	0,4
1984	12	1,5	3,3	2,6	0,7	-0,7	-1,6	0,7	0,7	3,0	3,1	5,4	0,6	-3,4	-2,3	-1,1	-1,1	0,0	0,7	0,2	0,8	2,1	1,1	-0,9	-2,8	-4,7	-1,7	-3,0	-3,0	-4,6	-5,0	-6,9
1985	01	-4,3	-6,5	-8,4	-12,0	-12,6	-16,5	-21,9	-22,6	-19,8	-15,7	-11,1	-8,9	-11,9	-10,8	-4,0	-4,5	-6,4	-8,6	-10,5	-10,1	-4,2	-0,8	1,5	-2,4	-0,6	2,7	-1,9	-5,0	-3,5	1,6	3,3
1985	02	5,5	5,0	-2,1	-2,4	1,9	1,7	-4,3	-6,8	-8,0	-12,9	-16,7	-16,9	-15,4	-12,0	-11,4	-7,0	-8,0	-8,3	-7,6	-8,6	-4,1	-6,4	-3,4	2,1	2,4	1,5	0,7	0,0
1985	03	-0,1	-0,1	1,2	0,9	1,2	1,0	1,2	1,4	-0,2	-1,4	-1,0	-0,2	-0,1	2,3	1,4	2,1	0,7	-0,6	-0,1	0,3	3,9	6,2	5,2	4,7	5,2	7,4	7,5	0,2	2,9	9,6	11,2
1985	04	8,8	10,1	9,0	12,0	13,7	11,6	9,3	9,3	9,0	8,0	6,4	5,8	6,8	4,6	4,8	4,7	5,9	8,0	10,5	14,0	13,7	14,3	8,9	0,9	3,8	2,1	5,7	2,8	2,3	5,0
1985	05	7,2	6,1	3,9	7,1	10,2	14,0	14,1	12,2	9,4	13,1	15,5	17,5	20,2	20,8	15,0	16,3	12,8	11,4	13,9	16,3	12,9	12,6	11,8	13,7	17,5	18,8	20,2	19,5	16,2	15,2	14,5
1985	06	15,0	14,2	16,9	19,0	18,7	19,5	16,4	12,6	10,1	10,2	10,0	12,0	12,1	13,7	10,3	11,2	8,6	9,8	14,6	11,6	11,5	13,7	12,7	15,4	14,3	15,0	12,5	12,1	14,9	17,4
1985	07	14,8	13,5	16,1	17,1	17,5	17,4	14,5	13,4	14,1	13,4	16,5	17,6	20,2	22,2	19,5	19,6	18,0	20,4	20,1	18,6	13,4	15,1	17,4	18,7	19,7	21,0	18,9	21,2	21,2	17,6	15,8
1985	08	16,4	15,7	19,3	15,0	22,6	12,4	11,3	14,6	14,9	17,3	16,3	21,1	21,9	23,8	24,0	21,1	15,0	13,4	16,7	15,3	17,1	20,5	18,0	21,4	15,3	13,1	13,2	13,3	14,9	16,5	17,8
1985	09	16,6	14,0	14,4	12,8	13,1	10,2	8,4	8,8	9,1	11,1	14,4	12,1	13,1	13,1	12,5	12,7	14,4	14,9	16,6	18,3	19,3	20,1	13,6	13,1	13,0	11,2	11,6	12,7	10,5	13,3
1985	10	13,7	16,2	17,4	16,4	13,0	14,2	13,0	11,1	8,6	11,0	13,7	10,3	6,2	8,2	7,4	5,9	8,1	8,2	5,9	3,6	4,3	5,4	2,8	2,9	3,8	1,4	0,5	-0,4	0,8	1,3	3,5
1985	11	4,0	4,6	0,3	2,2	6,6	2,7	4,8	5,3	12,2	9,0	0,2	0,1	-0,7	0,0	-2,0	-3,8	-5,1	-5,3	-5,1	-0,3	-0,6	-1,0	-0,3	-1,4	-2,8	-4,2	-5,8	-3,5	-4,2	-3,7
1985	12	-1,1	4,6	9,4	9,6	5,6	6,1	7,2	6,5	3,4	2,8	1,9	1,7	1,6	2,7	7,0	8,0	5,0	4,1	3,5	3,0	3,9	0,4	0,0	-0,7	-0,1	4,1	4,6	-1,5	-2,4	-4,5	-5,8
1986	01	-6,5	-3,4	1,7	-2,3	-3,1	-1,9	-4,1	-3,6	-8,9	-7,9	2,0	1,5	1,7	2,8	1,0	-1,8	-3,7	-1,6	5,6	2,8	2,5	2,4	5,0	1,1	-0,6	-2,9	-4,1	-4,2	-2,4	1,3	2,3
1986	02	4,1	0,6	-2,6	-4,0	-6,1	-8,2	-11,9	-14,0	-14,2	-8,6	-9,8	-9,1	-8,5	-4,2	-4,0	-3,1	-6,3	-4,7	-3,6	-12,1	-8,8	-8,8	-11,8	-12,7	-11,3	-11,8	-11,7	-10,8
1986	03	-7,0	-4,0	-3,2	-0,9	3,0	4,3	1,7	1,8	1,7	2,8	2,3	3,0	4,3	4,0	3,8	4,4	1,9	3,8	2,5	4,4	1,8	1,6	2,5	5,1	4,0	3,3	6,5	10,7	5,9	3,9	8,4
1986	04	5,3	6,7	8,6	4,3	3,5	4,1	12,1	12,4	12,8	2,2	-3,0	-2,9	-1,3	2,7	8,9	9,9	8,5	6,2	5,1	4,5	10,1	12,2	11,2	16,9	12,2	14,2	13,4	15,1	15,0	15,7
1986	05	12,6	14,6	17,4	18,3	18,2	18,0	16,1	10,3	9,8	12,1	14,5	14,4	18,2	16,1	15,9	12,9	15,8	18,9	17,3	15,5	18,0	15,6	18,1	15,1	13,9	18,0	19,7	13,6	10,4	6,6	7,2
1986	06	9,6	10,5	10,7	8,9	8,1	9,0	8,9	11,9	15,6	16,7	16,4	10,1	12,0	18,0	20,3	22,7	23,1	22,2	19,3	20,6	17,0	17,0	16,7	16,7	18,1	17,8	20,2	20,5	17,8	16,6
1986	07	21,0	20,7	22,5	22,5	22,8	17,4	13,0	11,8	12,8	12,3	11,9	12,3	12,6	12,7	16,0	19,2	22,0	17,3	12,3	13,1	15,8	17,5	20,4	12,0	15,0	16,1	18,4	20,8	22,2	20,3	21,5
1986	08	17,9	20,9	25,1	23,4	18,5	18,6	20,0	19,9	19,4	20,6	20,0	17,2	17,2	18,4	19,5	19,2	20,2	16,7	16,4	12,7	12,4	17,1	13,2	12,5	12,0	16,2	13,6	12,4	10,9	11,3	10,8
1986	09	10,1	11,7	14,9	10,4	11,3	13,8	11,0	11,9	9,3	10,9	11,4	11,4	11,3	16,9	19,0	12,5	11,1	7,5	7,3	9,6	13,3	14,0	12,9	10,7	8,0	8,5	10,6	10,8	12,5	11,5
1986	10	12,1	13,6	11,6	7,8	7,7	11,8	12,8	11,4	10,8	8,7	9,5	10,3	9,8	8,0	8,7	6,7	7,1	7,3	10,0	10,0	7,5	13,9	6,3	3,1	6,0	7,7	4,2	5,2	5,7	5,2	7,8
1986	11	9,3	5,2	2,3	3,7	4,7	6,3	3,9	5,0	3,2	3,8	2,4	2,9	3,0	2,4	4,0	5,6	3,3	5,9	7,6	8,3	3,3	4,7	5,6	3,6	8,3	4,7	3,7	0,4	-3,8	-1,9
1986	12	-1,3	1,8	4,7	5,2	5,6	5,0	3,3	-0,8	-1,2	-1,5	0,7	-1,1	-2,0	-0,9	-0,7	1,6	1,3	4,4	2,5	0,6	-1,0	-6,7	-5,4	-4,3	-7,7	-4,6	-0,5	1,8	6,1	3,4	5,6
1987	01	4,1	-0,2	-6,1	-3,2	0,9	-0,9	-9,4	-7,6	-5,9	-11,2	-18,1	-16,8	-17,6	-20,4	-10,6	-9,9	-9,1	-8,8	-8,4	-7,8	-11,2	-4,4	0,3	-0,8	-0,5	-4,0	-8,0	-4,2	-9,7	-15,8	-17,0
1987	02	-15,0	-16,0	-9,2	-6,6	-4,3	0,7	1,3	0,0	3,9	3,8	1,7	0,8	1,3	0,9	0,9	0,2	-1,0	-1,6	-2,6	-0,4	1,3	0,8	-4,4	-6,7	-5,1	-2,6	-0,3	1,5
1987	03	-3,0	-8,1	-12,2	-11,6	-11,0	-10,5	-9,5	-6,4	-5,0	-4,8	-7,7	-7,7	-6,7	-5,2	-3,1	-1,1	-1,8	2,6	1,0	-0,4	0,3	1,5	2,8	5,2	8,3	5,4	8,4	6,6	2,7	1,1	1,8
1987	04	2,0	4,2	5,8	8,7	7,1	7,8	10,7	11,0	12,3	8,9	6,5	5,2	6,6	5,3	7,7	8,3	9,7	9,7	12,0	10,5	6,8	4,7	9,3	12,1	13,9	10,3	6,8	10,1	15,0	16,1
1987	05	15,2	17,6	9,7	7,7	9,0	7,2	7,6	9,1	11,2	13,6	7,7	12,3	7,2	6,3	10,6	7,6	9,4	12,0	13,1	8,1	6,4	5,2	9,9	11,6	11,5	12,2	15,1	11,7	12,2	10,4	10,0
1987	06	10,5	12,5	12,4	13,6	13,1	15,9	15,4	12,1	12,6	11,7	17,3	16,5	17,9	17,7	16,0	9,5	10,0	10,1	13,6	13,7	14,1	14,2	14,6	13,4	12,7	16,2	16,5	19,5	22,0	23,8
1987	07	20,8	16,5	19,7	16,6	15,8	18,7	21,3	17,6	14,4	15,0	19,1	20,5	16,9	16,8	20,4	23,3	22,1	17,2	16,1	17,1	15,4	18,2	19,2	18,5	15,9	11,2	12,0	12,5	14,6	17,9	14,6
1987	08	15,4	12,7	15,6	13,0	10,8	8,2	11,6	14,6	14,2	12,6	12,4	14,5	14,2	17,3	15,4	14,5	19,1	18,9	17,7	18,1	18,3	18,8	19,2	20,7	19,2	15,5	16,9	14,9	15,1	15,8	12,9
1987	09	14,2	16,5	17,4	16,5	15,9	13,9	15,8	12,1	13,0	15,8	14,1	18,8	20,6	21,2	15,1	14,9	18,4	19,3	15,0	15,9	18,0	18,6	20,5	13,4	10,9	9,5	8,3	7,3	6,6	6,2
1987	10	7,2	5,6	8,5	8,8	9,2	12,5	12,6	9,8	8,5	12,8	14,2	12,0	9,6	9,5	10,9	13,1	10,8	8,3	6,1	9,0	9,3	8,6	8,9	9,8	6,6	3,9	3,4	5,5	2,2	2,4	1,5
1987	11	5,2	7,3	5,0	3,9	3,0	5,0	3,0	0,6	1,8	1,4	5,4	6,4	7,1	5,1	3,5	6,4	6,9	6,6	6,6	4,8	3,0	2,9	2,0	3,9	5,9	0,1	3,0	2,2	0,3	0,2
1987	12	0,6	-0,2	-2,4	0,4	0,2	-0,2	-2,5	-7,4	-9,4	-5,3	-1,2	-3,2	-2,6	-4,4	-4,6	-0,5	4,2	9,9	6,0	6,2	7,4	5,7	1,6	-1,3	-2,4	2,7	6,0	8,5	8,1	6,9	2,0
1988	01	5,5	9,2	6,7	6,4	8,8	6,8	5,3	2,4	-0,3	-2,0	-2,7	-4,2	-2,4	-1,2	-1,6	-2,4	-0,8	-0,2	-0,3	0,0	-0,3	0,6	0,5	-0,4	2,3	4,7	2,9	1,6	2,8	3,1	2,4
1988	02	2,1	4,8	4,4	4,4	4,9	5,3	3,3	1,3	2,0	2,0	1,4	0,7	0,6	-0,7	0,5	1,4	1,0	0,9	1,5	-2,2	-1,3	1,7	0,6	0,6	-1,7	-2,5	-0,7	-1,0	-0,6
1988	03	-1,2	-3,1	-0,8	0,4	0,1	-1,0	0,8	-1,7	-2,0	-0,2	1,8	0,2	-0,8	-3,7	1,1	4,7	1,8	-0,7	0,6	3,2	5,6	5,1	5,6	5,1	5,5	3,5	3,1	3,2	4,6	6,3	7,4
1988	04	3,7	4,1	5,2	7,1	9,4	10,1	11,6	9,2	2,1	2,7	7,3	9,9	4,0	3,5	7,1	9,5	11,1	11,4	15,2	15,4	12,1	9,0	1,6	2,3	5,1	6,3	9,7	11,9	12,6	13,7
1988	05	15,8	16,1	11,2	13,9	15,9	14,7	14,7	13,4	15,0	11,2	11,2	15,5	16,7	17,4	16,7	17,0	15,7	13,7	12,2	9,9	7,9	9,8	11,1	15,5	18,9	19,9	19,1	16,9	17,6	11,1	12,9
1988	06	13,0	11,6	15,7	15,3	12,3	10,8	15,8	16,3	16,6	16,7	15,7	13,2	13,9	17,8	18,1	16,2	14,4	17,0	14,6	12,4	14,0	16,4	10,9	13,2	14,7	15,5	16,2	18,3	19,6	21,3
1988	07	20,6	15,6	14,6	17,0	21,6	17,3	16,8	17,2	16,6	17,4	20,3	14,4	18,6	15,5	14,1	13,2	13,8	15,4	13,1	18,4	19,7	21,8	26,1	22,2	18,6	21,9	15,4	16,5	17,9	15,1	17,4
1988	08	20,2	19,6	11,7	13,0	15,0	16,6	19,6	21,3	19,6	20,8	19,4	21,0	19,0	22,3	22,3	19,4	16,2	18,7	20,7	15,4	15,8	14,8	12,3	13,2	13,4	12,1	12,8	16,4	18,3	15,4	15,1
1988	09	19,9	13,6	12,7	14,5	15,7	14,6	12,7	12,8	13,4	13,9	17,1	13,6	11,7	10,9	10,2	10,3	10,9	13,4	13,1	12,2	11,1	12,1	12,7	14,2	13,5	16,1	14,9	18,2	13,7	9,0
1988	10	8,8	10,4	11,0	10,0	13,2	11,5	9,5	7,8	12,8	10,2	9,0	13,4	13,2	13,7	11,7	10,4	9,4	10,2	11,2	9,7	8,6	9,5	7,2	8,8	4,5	2,3	4,2	5,2	3,6	0,3	1,6
1988	11	4,8	3,7	-2,3	-2,0	-4,2	-2,3	2,0	0,0	0,1	-2,7	0,2	-0,9	2,4	4,1	1,2	4,7	3,4	5,2	1,1	0,2	-4,5	-8,8	-4,9	0,2	2,4	2,5	2,7	1,6	4,3	-3,3
1988	12	-2,7	-1,5	-0,1	3,1	3,5	1,4	0,5	0,6	2,0	4,0	6,8	4,3	2,3	0,8	-4,3	-4,4	-3,4	1,0	2,5	-2,8	0,4	4,1	5,6	6,0	3,4	6,0	5,8	3,1	3,0	2,8	2,8
1989	01	3,1	1,4	-5,0	-4,4	0,4	0,2	1,1	4,1	3,8	4,0	1,2	-1,4	2,5	4,5	3,0	4,4	2,9	1,5	0,6	-3,8	-0,9	-0,9	0,7	-2,7	-3,3	-2,9	-3,2	-3,6	-0,9	0,5	2,2
1989	02	2,5	1,0	-1,1	-2,9	0,6	4,9	3,5	-0,5	1,4	2,3	1,0	2,4	0,6	1,2	2,0	2,5	0,0	4,0	9,5	7,7	2,2	2,9	5,8	5,5	8,9	3,6	2,1	2,5
1989	03	3,4	3,6	4,4	4,8	7,2	6,3	5,0	4,5	3,0	5,7	7,5	4,5	7,7	4,1	6,5	8,4	10,1	2,1	4,7	7,2	4,8	8,1	3,6	5,0	6,5	6,7	9,1	11,4	9,3	13,0	12,8
1989	04	6,3	0,5	2,5	1,9	7,3	7,8	7,4	10,6	7,2	7,5	13,3	16,6	15,3	12,8	9,5	10,2	4,9	5,9	6,4	8,6	12,4	5,8	5,9	11,2	10,9	13,2	4,7	2,5	2,6	6,2
1989	05	8,0	11,3	12,6	12,1	15,2	7,2	7,0	7,0	11,7	13,2	13,1	13,5	11,4	10,5	12,4	14,9	15,9	17,8	18,2	15,1	15,6	13,3	13,4	16,6	16,9	17,2	19,3	16,2	15,3	16,0	10,6
1989	06	14,4	10,9	11,0	10,5	11,5	10,9	12,8	11,5	13,2	17,3	15,3	16,1	16,0	13,8	13,1	12,5	14,3	16,5	17,3	17,0	18,1	18,2	18,1	16,7	19,5	21,2	20,6	13,6	14,8	14,4
1989	07	17,1	16,2	15,2	20,3	21,7	21,8	23,7	21,9	20,8	20,5	15,9	17,3	17,7	13,2	14,7	14,2	12,0	13,8	13,4	15,5	16,1	20,1	20,7	19,3	19,0	18,7	17,3	17,4	17,2	19,0	14,0
1989	08	11,2	11,9	11,0	14,2	17,0	19,3	19,0	18,4	16,9	18,5	20,6	19,2	17,4	20,2	24,0	26,0	20,2	18,9	20,2	20,7	22,2	21,8	16,7	17,0	15,4	14,8	16,4	11,1	10,6	10,7	12,0
1989	09	14,1	13,7	11,2	10,6	12,0	12,0	11,5	15,7	13,4	16,3	15,9	14,5	14,2	13,6	13,7	17,4	17,9	20,2	16,9	17,0	18,7	17,6	16,7	16,5	15,8	14,8	9,6	10,8	7,9	8,9
1989	10	11,6	11,2	7,2	5,5	7,3	10,7	7,3	7,3	6,7	5,5	7,4	8,9	11,5	9,8	6,2	7,0	9,1	7,9	6,4	9,6	14,5	14,8	10,3	13,4	13,9	14,2	13,3	9,1	10,7	12,6	9,4
1989	11	11,4	8,2	7,6	7,8	6,5	7,2	5,2	2,8	3,4	0,6	0,4	-0,5	-1,3	-0,3	3,4	0,4	-2,4	-2,5	-1,7	-2,9	-3,0	-1,7	-2,1	-0,5	-8,5	-2,8	1,4	-0,7	-5,0	-8,2
1989	12	-9,3	-7,4	-7,8	-5,0	-0,5	0,2	0,3	-4,0	-3,0	-8,3	-5,2	-1,6	4,9	7,7	8,3	9,8	7,0	8,7	6,4	6,6	11,1	7,4	3,1	4,0	1,2	-1,0	-2,9	-3,0	-3,3	-4,2	-2,9
1990	01	-2,8	-1,9	-3,1	-4,8	-5,1	-5,8	-10,3	-10,7	-1,3	-0,2	-0,3	1,3	0,5	0,0	0,6	5,0	6,3	1,6	1,7	2,3	5,4	4,3	5,4	4,3	7,0	5,1	2,8	0,6	2,8	-0,7	-0,3
1990	02	3,3	4,0	6,6	4,7	3,9	1,4	3,7	9,7	2,3	2,8	2,3	1,9	0,2	3,2	0,9	0,5	-0,5	5,8	8,3	8,6	8,3	5,2	6,0	9,1	12,3	8,4	1,4	2,8
1990	03	2,7	0,5	0,5	3,2	4,8	6,8	7,8	6,8	6,2	6,2	12,0	8,6	4,5	5,9	5,9	6,4	7,5	9,3	8,9	10,8	13,2	13,7	6,9	9,7	4,6	4,0	5,0	5,8	6,3	7,2	7,2
1990	04	10,8	12,3	13,0	4,3	4,6	4,0	3,2	3,0	2,5	3,0	4,2	4,3	7,5	11,1	5,9	5,2	6,0	8,1	8,9	10,9	9,1	9,8	7,2	7,6	8,4	7,7	7,1	5,8	7,7	10,6
1990	05	14,1	14,6	13,5	17,2	15,3	17,1	16,2	15,1	15,9	16,2	14,2	14,2	14,9	14,4	15,2	15,4	15,0	10,2	11,6	14,0	15,4	15,7	16,9	16,6	10,3	9,9	10,8	8,9	7,6	12,2	13,7
1990	06	16,0	16,1	12,1	13,6	12,8	14,6	15,4	14,4	12,4	10,3	12,8	16,3	15,3	14,3	13,0	13,1	16,1	18,6	19,6	22,9	15,3	15,1	12,1	15,4	18,3	20,6	22,0	20,8	23,9	23,1
1990	07	16,1	15,8	16,8	11,3	15,7	13,3	12,9	16,1	18,7	13,1	14,6	19,3	19,3	13,6	17,2	20,3	17,1	16,3	14,9	18,8	20,7	17,3	15,2	15,5	16,1	18,3	19,6	21,8	24,8	20,6	22,4
1990	08	23,1	21,7	22,3	23,2	25,5	14,8	13,3	15,5	17,3	19,1	19,4	22,1	24,7	21,4	17,8	20,0	13,3	15,6	15,1	18,1	12,2	13,1	14,4	17,2	20,8	19,5	19,2	21,8	23,2	22,9	20,7
1990	09	15,1	13,1	13,7	13,9	10,9	13,6	11,3	11,5	12,3	9,6	12,5	9,8	11,5	11,3	11,4	9,2	10,6	8,6	13,9	10,9	7,3	9,3	13,6	9,9	10,0	9,7	8,1	10,4	12,6	17,1
1990	10	14,9	10,6	11,8	10,0	9,3	12,7	14,0	7,7	6,8	9,0	10,7	9,4	10,9	12,3	13,8	11,0	12,1	12,3	10,2	10,3	3,7	1,2	2,6	2,4	2,9	3,1	3,7	8,2	5,6	6,0	7,7
1990	11	7,4	6,2	5,2	2,9	1,0	0,9	1,6	3,8	3,4	-0,6	3,1	6,6	5,4	5,6	8,2	7,2	10,9	5,9	2,9	5,7	4,4	2,4	2,5	1,1	2,4	2,6	1,1	0,9	1,7	-1,3
1990	12	-3,0	-1,3	-1,5	1,0	-0,3	-4,7	-8,0	-6,7	-1,6	3,2	1,0	-0,3	-0,3	-1,1	-2,3	-1,0	-2,2	-1,1	-1,2	-1,5	0,9	1,7	2,1	-3,4	-3,8	-1,8	3,2	0,9	5,7	5,8	3,5
1991	01	2,6	4,3	9,3	7,6	2,9	3,7	4,7	4,6	7,2	12,2	7,6	3,9	0,7	-4,1	-5,5	-4,8	-6,6	-4,9	-3,9	-5,0	-0,7	-0,3	0,7	-0,5	-1,3	-2,1	-0,4	-1,5	-1,2	-3,9	-10,0
1991	02	-10,2	-9,7	-8,9	-6,8	-11,6	-13,8	-7,0	-4,5	-3,8	-3,1	-5,7	-6,2	-7,8	-9,5	-4,8	-2,7	-4,9	-1,8	-2,5	2,3	-3,9	-0,8	1,9	5,3	2,4	2,0	-2,3	-1,8
1991	03	0,3	0,9	1,8	3,5	1,9	3,4	4,7	5,7	6,4	7,6	7,6	6,1	6,4	3,7	7,5	9,7	8,2	8,7	9,0	9,7	12,6	7,3	6,2	6,7	5,4	2,6	1,4	-0,8	1,3	4,4	2,6
1991	04	7,0	10,2	12,0	9,5	9,4	8,7	8,2	6,5	6,9	7,3	8,9	11,0	10,9	10,4	11,3	4,9	3,6	2,7	1,4	0,6	0,2	3,0	4,8	4,6	3,7	6,4	9,8	9,5	8,0	7,5
1991	05	9,9	8,6	6,3	7,1	6,9	8,9	5,3	7,9	9,5	10,2	12,8	8,9	9,3	10,2	4,9	5,4	8,6	7,3	7,9	13,5	13,3	14,6	6,2	4,9	6,4	5,9	10,8	11,0	13,2	14,4	16,7
1991	06	13,3	10,9	13,2	9,7	8,5	11,8	15,6	14,8	16,3	16,0	12,9	17,9	18,2	14,6	17,3	16,7	10,8	10,2	12,7	13,0	13,5	20,7	20,4	17,1	17,5	20,6	14,9	11,0	11,3	15,2
1991	07	19,0	18,6	18,5	19,0	20,5	20,9	22,7	23,7	20,4	20,5	23,8	25,6	18,7	17,7	17,3	17,7	16,6	16,3	18,9	16,8	15,8	16,8	18,8	18,8	16,1	13,9	13,7	18,2	18,9	20,5	18,6
1991	08	20,4	17,6	19,1	19,3	19,8	21,5	24,3	25,4	18,3	18,2	21,5	15,7	17,3	17,7	16,9	20,3	19,5	15,0	13,5	13,1	14,9	17,0	17,8	18,8	15,8	14,5	13,6	13,7	12,5	14,0	16,4
1991	09	16,2	17,6	18,9	17,2	17,2	11,8	11,5	12,1	14,3	17,0	15,9	11,6	12,6	13,3	17,3	17,2	16,4	13,8	15,7	11,8	12,0	16,2	12,5	13,8	15,8	15,0	12,2	11,6	15,8	12,7
1991	10	13,4	10,8	9,0	11,9	10,2	9,2	13,3	15,4	11,8	10,4	11,5	13,2	13,1	12,2	11,2	12,1	11,4	8,3	5,1	3,5	-0,2	2,8	3,2	5,0	2,5	-1,2	-1,4	-1,4	-0,6	-1,6	-1,7
1991	11	-1,3	1,3	8,5	6,2	4,6	2,2	4,2	8,6	3,4	1,8	3,6	4,3	4,6	4,2	4,6	1,0	0,7	0,7	1,2	0,8	0,0	-3,5	-2,3	-0,5	0,9	2,6	2,2	1,2	1,1	0,4
1991	12	0,6	-0,8	-1,3	0,0	0,5	-1,5	0,4	-1,7	-11,7	-10,5	-7,8	-9,2	-7,7	-3,5	-4,4	-6,2	-5,8	2,4	2,6	1,7	0,1	1,5	8,5	2,0	-0,2	0,5	1,6	-2,5	-0,2	2,1	-0,3
1992	01	-1,7	1,7	2,7	3,0	4,2	6,7	4,0	3,0	6,3	0,5	-0,9	1,9	-1,2	1,1	3,4	2,5	1,8	2,3	1,7	-5,9	-8,0	-4,9	-1,7	-1,0	-1,5	-1,0	-0,8	-1,3	-1,0	0,5	0,8
1992	02	-0,8	-0,8	1,0	0,6	0,8	4,5	4,6	2,9	-1,0	1,6	3,9	6,7	8,3	4,4	5,6	1,7	-3,0	-4,9	-2,3	-1,9	1,2	2,1	3,0	3,1	2,2	2,7	4,9	0,7	2,4
1992	03	2,8	3,9	5,6	5,7	5,9	5,6	4,5	3,0	3,3	4,3	3,4	5,3	3,8	-0,4	1,2	1,3	2,1	4,7	6,5	7,2	7,4	4,0	5,0	2,7	2,6	2,5	1,0	1,4	-0,3	3,2	6,4
1992	04	5,4	5,8	7,7	6,9	3,1	3,5	6,0	4,4	6,7	6,2	7,6	11,5	8,4	6,9	9,2	5,4	2,6	6,0	8,6	4,5	7,2	10,2	8,5	11,0	16,9	16,2	11,4	12,6	8,0	10,0
1992	05	13,4	13,9	8,7	10,2	11,3	13,1	13,5	15,4	9,9	10,6	10,9	12,0	16,8	18,6	16,8	18,1	11,8	12,3	14,5	15,5	17,6	17,5	17,1	18,5	16,6	14,6	14,8	14,4	14,0	15,7	17,5
1992	06	19,0	20,3	18,1	16,6	20,4	14,6	14,4	14,6	15,7	13,4	13,3	14,8	18,4	17,9	19,6	18,9	16,6	17,9	19,3	21,1	19,0	19,2	18,3	15,6	18,1	17,5	17,0	18,8	20,7	22,1
1992	07	23,1	19,4	20,0	19,5	16,5	16,1	14,4	18,8	19,3	16,7	16,8	16,2	16,6	17,8	15,5	18,0	22,0	20,7	20,6	24,0	25,2	19,8	17,9	20,6	20,6	20,6	23,0	15,7	17,8	22,1	19,8
1992	08	20,9	21,5	24,9	19,0	20,3	23,8	24,4	26,4	27,9	21,9	17,3	18,0	17,7	15,4	14,8	17,2	19,8	19,9	22,1	22,8	20,5	18,6	17,9	17,4	21,2	20,9	21,2	24,6	25,0	19,5	21,4
1992	09	11,9	14,9	17,3	10,6	10,5	10,2	12,6	14,5	13,5	14,9	16,8	14,4	15,0	13,6	12,2	14,9	11,3	11,8	12,9	14,5	14,4	16,9	15,5	14,1	16,2	14,4	15,0	15,1	14,0	10,0
1992	10	10,6	11,8	12,1	10,9	13,3	15,9	11,9	9,2	8,1	7,0	7,4	3,3	2,4	4,6	9,4	4,6	1,4	1,5	4,1	5,1	5,8	3,7	5,5	3,1	3,0	4,2	3,3	8,0	6,5	3,6	2,0
1992	11	1,8	3,1	5,5	5,0	7,6	8,8	8,7	4,0	-0,1	2,2	8,5	3,7	1,3	2,0	1,7	4,8	3,0	2,3	3,5	1,1	1,8	1,2	2,7	3,7	3,9	8,2	2,5	4,3	-0,3	-0,4
1992	12	2,7	1,6	7,5	6,1	3,0	0,4	0,0	1,4	0,9	1,1	0,6	1,5	1,8	3,4	0,5	0,9	-0,2	-0,7	-0,7	-0,2	0,3	0,9	-0,8	-6,5	-7,5	-9,3	-5,7	-6,7	-9,6	-7,8	-5,7
1993	01	-6,8	-13,0	-14,5	-9,9	-8,4	0,6	3,7	2,8	1,7	6,6	10,6	7,3	4,7	6,3	2,4	8,6	7,3	3,8	2,6	7,0	7,9	10,4	3,9	8,5	1,2	-1,1	-2,0	-2,5	-4,3	-12,4	-13,8
1993	02	-14,4	-12,5	-9,2	-6,5	-3,8	-0,2	0,6	-3,6	-1,7	-2,4	-2,9	-2,6	-3,4	-2,3	-1,3	-2,2	1,0	1,8	2,3	1,0	-2,1	-7,4	-6,2	-3,5	-3,8	-4,9	-5,4	-3,5
1993	03	-0,5	-2,6	-4,7	-6,5	-4,2	0,9	0,5	-2,9	-4,0	0,6	0,5	2,5	6,8	6,0	6,8	9,6	9,5	10,0	5,6	6,6	10,4	10,9	6,2	4,1	1,6	-0,1	-2,5	-1,3	-1,3	-0,5	4,2
1993	04	6,8	5,5	5,1	7,3	5,5	7,5	5,7	4,8	2,0	3,4	4,6	5,2	6,7	8,7	8,2	7,6	10,5	10,8	8,1	9,2	13,9	15,6	16,4	18,2	18,5	17,5	17,3	18,4	18,6	16,0
1993	05	16,7	16,8	13,6	9,7	8,0	11,7	13,7	14,9	17,1	17,7	16,8	18,6	19,4	17,2	14,4	13,1	15,8	18,3	18,5	20,6	16,4	10,2	11,7	14,7	19,2	19,2	17,0	15,4	13,0	19,1	15,7
1993	06	15,0	19,7	15,6	18,6	19,8	21,8	18,5	19,1	20,5	21,4	19,7	12,2	12,7	14,6	11,7	15,1	13,7	15,0	19,4	15,8	14,7	17,3	13,4	11,9	11,0	10,8	12,1	10,3	15,7	16,9
1993	07	16,1	20,2	21,2	21,7	20,2	12,2	14,1	13,8	18,4	19,4	9,8	11,3	11,3	13,9	15,9	17,3	19,3	18,6	18,5	15,6	13,4	13,8	15,0	17,8	16,2	13,9	14,4	16,8	17,9	22,7	17,0
1993	08	17,2	19,5	22,1	22,2	20,1	15,3	16,2	19,2	16,8	14,4	14,2	19,1	17,3	20,3	23,2	23,0	15,4	14,8	16,6	18,8	18,5	22,4	12,9	12,6	13,4	13,4	14,3	11,3	11,4	12,6	10,5
1993	09	12,1	12,1	11,4	9,8	8,6	10,3	12,0	16,3	18,2	15,0	13,7	12,7	15,5	12,6	13,4	11,6	11,7	8,9	9,6	10,2	15,4	17,8	15,6	15,7	16,8	10,4	9,1	7,6	8,1	4,9
1993	10	7,7	14,5	11,3	9,9	13,4	10,4	13,7	13,7	9,8	10,9	13,2	14,3	13,3	12,3	10,9	6,9	4,0	2,2	3,8	4,5	5,1	4,0	4,9	2,5	3,2	2,1	1,6	0,0	-0,1	2,6	-0,3
1993	11	3,4	3,7	4,4	4,8	7,5	7,2	8,0	6,5	5,0	4,7	5,1	3,8	1,7	2,8	1,8	-0,9	-2,2	-4,8	-6,3	-5,9	-5,1	-2,9	-4,9	-3,2	-2,4	-5,2	-6,1	-6,2	-8,3	-9,1
1993	12	-3,3	1,3	5,4	6,4	3,0	2,4	0,1	1,4	6,8	5,9	2,3	1,4	4,5	4,0	3,7	3,9	2,2	5,7	7,7	1,6	4,3	2,0	2,5	2,0	0,6	-1,0	-0,4	-2,6	-1,7	5,1	7,3
1994	01	2,0	1,0	2,8	5,5	5,2	2,9	0,4	2,2	2,2	3,4	4,7	4,1	6,7	5,3	2,4	-1,0	-2,8	-2,6	-1,6	-1,8	-2,3	-0,2	4,1	1,8	5,0	3,0	4,5	2,1	0,4	2,6	2,5
1994	02	1,6	3,4	0,4	2,3	1,7	1,7	1,6	0,7	0,9	1,2	0,1	-2,8	-10,7	-8,7	-5,9	-6,1	-9,8	-10,3	-6,9	-3,9	-1,8	0,8	-0,6	1,4	3,5	3,3	1,2	6,9
1994	03	5,4	5,1	4,2	2,4	3,7	4,1	5,5	9,0	9,9	7,2	5,2	7,1	4,9	7,5	8,3	3,7	2,7	2,5	5,6	1,5	3,3	5,1	10,6	9,5	11,0	3,9	1,5	3,8	10,2	11,8	11,0
1994	04	10,5	5,1	1,5	6,3	4,0	2,8	4,7	5,3	5,2	1,5	1,4	2,6	3,6	3,7	5,7	9,4	6,8	4,3	6,0	8,0	11,2	12,9	13,9	14,1	14,3	11,9	11,0	14,1	16,5	17,6
1994	05	7,9	7,8	10,5	12,3	9,3	9,7	12,5	12,8	14,6	11,0	13,5	10,1	13,0	16,4	15,7	18,2	14,0	18,0	13,0	9,5	13,9	14,7	14,5	16,3	14,4	14,5	9,0	12,2	11,4	8,9	12,9
1994	06	15,7	19,3	15,1	12,8	10,8	8,9	13,9	19,1	9,5	11,1	11,4	13,7	14,4	13,5	13,5	12,3	10,2	16,8	19,7	16,9	17,8	19,9	14,9	16,3	20,8	23,4	25,5	27,2	24,5	18,5
1994	07	19,3	21,5	24,2	23,3	19,9	20,0	15,1	14,4	15,9	18,0	21,7	22,1	23,4	23,8	21,5	23,2	21,7	21,1	18,0	18,0	19,7	22,5	23,0	24,8	26,2	24,6	23,0	26,2	25,7	26,6	28,2
1994	08	26,8	21,7	23,4	24,3	26,5	25,2	20,7	20,1	20,0	22,5	18,8	16,6	15,9	14,6	13,9	15,4	17,8	13,0	15,0	16,8	18,0	19,1	16,0	15,4	14,9	15,6	17,4	17,9	13,9	14,6	18,3
1994	09	19,0	17,3	13,8	14,9	16,3	15,1	15,6	17,3	12,4	12,9	14,4	18,5	16,5	16,0	13,1	10,7	9,2	8,9	8,8	10,7	10,8	11,8	11,5	14,8	13,9	15,4	14,9	10,6	11,3	12,1
1994	10	11,5	12,3	13,4	4,1	3,9	2,9	2,6	2,1	4,0	5,3	4,2	4,1	6,8	6,5	6,9	6,5	1,1	0,7	1,5	5,0	8,0	6,8	6,4	7,1	7,9	7,1	7,0	7,5	5,5	11,0	15,2
1994	11	10,5	6,2	5,7	7,9	8,8	6,4	5,3	6,4	7,7	6,0	4,2	-1,8	0,4	8,9	10,0	6,0	4,7	3,6	4,3	10,5	7,5	3,6	0,7	7,2	4,9	5,6	6,4	6,6	5,5	4,6
1994	12	-0,5	-3,2	-1,8	2,1	6,3	4,3	0,8	3,6	4,6	2,7	10,0	9,8	8,7	0,9	-2,1	-2,5	-0,5	-1,7	-0,7	-0,8	-1,4	-1,5	-4,4	-4,4	-4,1	-1,9	4,9	9,3	9,4	5,2	3,4
1995	01	0,7	-2,1	-3,7	-8,7	-10,3	-7,8	-7,9	-7,7	-4,1	0,6	-0,2	-1,8	-3,1	-3,7	-1,0	-2,4	-4,2	-4,3	-4,1	-3,3	-3,2	4,5	5,7	3,0	1,1	8,9	0,8	2,9	6,8	2,9	-0,7
1995	02	3,9	3,0	0,1	3,5	4,2	6,7	6,5	7,3	-3,1	-2,1	4,9	6,1	4,7	4,8	5,6	5,3	5,1	3,6	4,7	7,0	10,0	3,4	1,7	2,3	3,0	2,6	0,9	5,2
1995	03	6,2	3,8	5,7	1,2	1,0	2,8	0,3	1,2	1,7	1,9	3,7	2,0	1,4	-2,4	-0,2	0,9	4,7	5,0	3,8	2,6	1,9	2,2	4,6	8,3	5,6	4,9	1,2	-0,9	-1,4	0,0	1,2
1995	04	5,3	11,4	13,1	9,4	6,7	9,7	9,9	2,8	1,4	3,7	3,9	5,0	0,5	2,6	3,5	4,9	5,3	9,4	13,2	6,7	11,2	19,0	17,8	15,8	10,8	12,1	11,2	7,4	9,1	11,5
1995	05	8,7	8,0	11,0	13,7	14,9	15,9	13,8	14,7	8,3	7,2	10,0	11,0	6,8	5,5	8,1	10,6	12,0	12,5	6,7	9,0	9,2	9,6	13,4	16,6	17,8	20,4	16,9	18,8	19,9	17,3	15,9
1995	06	16,0	9,3	12,8	14,3	15,0	13,7	14,8	14,9	10,3	13,8	10,7	10,3	11,8	13,9	12,0	12,9	12,0	14,3	17,1	20,5	18,5	11,3	11,1	14,5	15,2	16,6	19,5	16,4	19,8	21,1
1995	07	21,9	19,1	19,2	15,7	15,7	17,6	19,9	22,6	24,7	24,9	23,8	22,0	21,1	21,5	19,2	18,7	18,7	17,7	19,4	22,5	25,7	22,9	14,7	17,6	19,9	22,0	22,9	17,1	20,9	21,4	22,9
1995	08	21,8	19,0	19,1	20,2	19,9	21,2	22,1	16,9	18,2	17,5	20,3	20,5	21,1	17,5	16,5	13,8	17,9	21,8	20,7	18,8	20,4	22,3	21,9	19,5	18,4	15,3	13,9	9,7	10,3	9,8	9,2
1995	09	10,9	10,2	12,2	12,6	12,6	12,7	15,9	14,6	13,7	15,8	15,4	17,6	18,1	14,0	11,4	13,0	11,8	13,3	14,4	13,1	10,9	10,1	11,5	12,8	12,2	12,3	12,7	7,0	6,9	6,2
1995	10	7,3	13,1	14,4	15,2	14,3	14,6	14,3	14,3	12,6	13,7	10,7	11,5	10,9	10,7	9,7	9,1	10,4	11,9	11,8	10,5	4,8	3,8	4,6	3,4	6,1	8,1	8,0	9,1	10,0	10,4	6,5
1995	11	7,1	3,7	1,5	-0,4	-2,3	0,1	1,9	-0,9	3,4	3,5	1,9	2,3	3,4	4,4	7,8	9,8	2,8	-3,3	0,9	-2,6	-5,1	-7,6	-0,9	-0,4	-2,3	-3,1	-2,3	-1,0	-0,6	-0,4
1995	12	-2,0	-1,4	-0,8	-3,7	-6,0	-4,6	-0,5	0,1	-1,2	-2,2	0,0	-1,2	-3,4	-4,4	-2,4	-0,9	-2,0	0,2	0,9	-0,2	-6,7	-0,9	8,0	1,0	0,2	-2,1	-7,6	-12,2	-13,2	-9,7	-5,2
1996	01	-3,7	-6,6	-4,2	-5,4	-7,2	-4,8	-2,8	-0,7	-0,1	0,3	0,2	1,3	0,9	0,2	-1,3	-4,2	-5,8	-4,5	-4,6	-5,2	-5,0	-7,4	-5,2	-7,6	-11,3	-9,5	-7,6	-6,8	-5,3	-7,6	-9,5
1996	02	-9,1	-7,8	-3,7	-5,4	-5,1	-9,0	-9,7	-8,7	-11,5	-9,1	-4,9	-1,6	-1,6	-3,2	-3,0	0,3	1,6	1,7	1,4	-0,7	-5,1	-6,2	-6,3	-4,3	1,1	-1,6	-1,4	-0,9	1,5
1996	03	-1,6	-2,5	-4,4	-5,8	-1,9	-0,3	-0,3	-2,2	-2,9	-3,6	-5,9	-5,1	-3,1	-3,7	0,9	1,7	1,8	2,0	1,8	1,3	3,1	3,1	3,4	5,7	2,8	3,3	-0,3	1,6	1,1	-0,1	-1,8
1996	04	-0,3	0,6	-1,1	0,6	3,1	7,6	9,8	9,3	7,5	9,1	6,3	-1,8	0,7	4,2	5,9	7,8	8,6	11,6	14,0	16,0	17,1	17,2	18,7	12,4	12,7	12,7	12,9	14,2	8,6	10,1
1996	05	12,2	12,3	10,7	9,6	8,7	10,4	12,6	10,9	5,8	6,7	9,6	10,2	11,9	12,1	12,2	9,7	14,7	17,7	16,2	11,6	12,1	8,5	11,1	15,4	14,3	11,8	13,2	7,6	12,2	17,0	21,3
1996	06	20,3	16,7	14,4	13,8	16,8	20,1	23,9	24,0	21,8	22,9	21,3	19,6	11,9	11,9	13,9	14,5	18,0	18,2	13,2	12,9	14,5	8,6	10,5	11,6	12,8	14,4	16,0	15,9	14,1	12,0
1996	07	13,7	14,6	15,4	18,9	21,0	14,8	15,0	11,4	11,4	13,1	12,9	16,4	19,0	21,5	16,9	11,4	13,4	11,6	12,0	13,5	14,9	17,2	19,6	18,2	14,0	14,9	17,9	20,0	18,2	16,1	18,3
1996	08	21,0	19,1	15,1	13,3	14,3	14,1	16,6	18,1	18,8	18,4	17,2	15,5	16,0	14,3	15,1	15,2	16,1	18,1	20,2	20,0	18,4	19,4	20,1	19,1	15,0	17,4	14,7	14,3	14,8	14,1	13,9
1996	09	12,7	12,5	15,2	14,4	10,8	7,9	10,5	9,5	9,0	10,6	10,0	10,3	7,1	9,5	9,4	8,8	7,8	9,1	9,4	9,4	8,1	8,9	8,5	7,3	8,4	7,5	10,4	11,5	11,2	15,3
1996	10	14,4	9,1	7,9	10,0	10,0	9,1	11,3	12,0	12,5	10,2	9,8	6,3	6,6	9,8	10,9	13,5	10,2	8,7	7,7	8,1	9,2	8,5	7,2	6,1	4,2	4,8	8,6	11,6	9,5	6,6	5,8
1996	11	9,6	10,7	10,2	10,3	8,7	9,1	10,0	4,0	5,9	5,2	5,9	6,9	6,7	2,4	3,6	4,7	4,2	8,0	1,9	1,2	2,1	-0,4	-2,2	-0,6	-1,2	-0,2	0,0	-1,3	-0,6	0,3
1996	12	0,4	1,2	1,3	0,5	-0,7	-2,0	-1,6	-1,3	-0,1	0,9	0,0	-0,7	0,2	-3,5	0,0	0,3	1,2	3,2	2,5	-3,7	-11,2	-15,1	-8,9	-13,0	-12,2	-12,9	-18,1	-19,8	-16,3	-16,7	-16,4
1997	01	-12,5	-8,7	-5,8	-3,1	-6,3	-9,2	-9,4	-5,9	-3,3	-2,7	-3,1	-6,3	-9,5	-8,4	-8,1	-8,4	-8,8	-6,4	-3,5	-1,2	-0,4	-1,4	-0,4	-0,1	0,1	-4,4	-6,3	-0,4	0,5	0,3	0,2
1997	02	-5,5	-7,2	-7,1	-0,5	1,1	-0,8	-0,2	1,7	3,3	5,2	4,4	7,1	5,4	2,0	1,1	-1,1	-2,3	2,8	1,2	3,5	6,8	5,7	6,5	7,8	9,7	6,8	3,0	4,6
1997	03	6,7	10,4	3,8	4,8	4,5	6,5	4,9	5,3	5,4	7,2	7,1	7,6	7,4	8,4	7,8	2,3	-0,2	0,3	3,9	-2,0	0,1	0,7	1,5	0,7	1,9	4,9	10,3	7,0	2,4	3,9	7,4
1997	04	8,7	8,6	10,5	2,5	1,7	0,4	0,5	1,8	5,6	8,2	4,4	1,7	1,6	6,3	1,5	0,2	1,9	7,6	3,1	1,3	3,2	3,1	5,5	9,6	11,3	7,8	8,8	11,4	11,2	9,5
1997	05	6,5	13,4	15,8	14,8	16,5	14,1	5,9	7,4	9,7	11,7	17,4	16,9	16,2	20,4	20,9	21,3	22,1	20,7	16,7	14,6	13,3	10,1	9,5	8,0	9,9	11,6	10,4	7,1	13,1	9,1	7,6
1997	06	9,7	13,5	12,4	15,5	17,6	13,5	18,0	18,3	19,2	19,6	20,5	17,8	19,7	17,0	14,8	16,2	12,7	11,9	14,6	12,2	17,2	11,6	13,7	12,6	12,7	15,7	15,9	20,3	26,2	19,5
1997	07	15,0	19,4	19,1	15,7	14,8	14,7	15,5	16,5	16,8	18,1	18,1	18,8	18,1	19,8	17,0	16,6	19,2	16,2	13,3	13,5	15,8	18,5	18,8	19,1	16,8	15,9	19,3	17,5	18,1	18,6	15,2
1997	08	12,8	15,4	17,5	18,6	19,0	18,3	18,8	19,6	19,7	19,8	20,0	20,5	21,1	21,3	18,9	19,7	18,5	16,5	16,6	19,8	20,3	21,4	20,6	22,0	22,0	22,2	21,0	22,0	13,3	13,4	16,9
1997	09	18,4	19,3	19,8	18,6	19,7	17,9	16,2	16,2	13,4	10,3	12,4	17,6	11,8	9,4	12,1	12,9	14,7	15,5	11,6	8,1	7,8	10,7	12,9	10,6	10,9	12,1	9,1	9,9	11,8	12,6
1997	10	13,1	10,4	8,5	10,3	12,9	13,8	13,4	16,3	18,9	13,2	9,9	6,5	5,2	4,6	4,8	3,6	4,1	6,0	6,4	6,0	1,8	0,9	4,0	2,9	3,6	1,2	-2,4	-2,3	-0,1	2,3	2,3
1997	11	0,6	2,7	2,0	-1,0	0,1	4,3	9,6	6,9	5,6	6,1	3,8	6,7	5,8	2,4	2,9	3,2	3,2	-0,1	-3,9	-3,0	-0,3	-0,9	0,0	0,4	0,6	0,8	1,5	2,4	4,9	4,6
1997	12	2,6	-0,4	1,9	0,5	-0,9	0,3	0,5	2,2	3,5	6,1	8,6	5,9	2,9	1,2	-6,1	-10,4	-5,6	-5,7	-3,6	0,8	0,9	0,3	1,0	4,6	8,8	6,6	3,0	2,1	1,5	0,7	0,2
1998	01	-1,8	2,8	6,7	5,3	4,6	3,2	7,4	7,7	8,7	6,3	-1,2	-2,3	-1,4	-1,5	2,3	4,9	2,5	1,9	3,3	0,8	-0,9	-0,8	-2,3	-3,1	-4,7	-6,1	-8,9	-5,8	-2,2	-2,9	-9,1
1998	02	-11,7	-10,4	-4,1	-5,1	-2,9	1,2	1,3	0,4	2,7	6,0	7,2	8,5	9,6	11,0	10,1	9,7	2,2	3,4	6,9	4,8	5,3	5,8	5,2	5,5	7,5	8,7	7,4	4,9
1998	03	2,3	4,6	9,4	15,8	5,0	3,9	8,6	6,1	-2,2	-2,6	-2,6	-0,6	1,3	3,5	1,3	5,2	7,1	6,8	2,3	0,8	-0,5	-0,7	-0,9	-0,1	0,4	1,6	5,8	8,8	8,5	8,9	12,3
1998	04	11,4	10,7	11,1	9,7	8,6	9,6	10,1	7,9	8,2	8,5	8,5	6,1	5,5	4,6	6,5	6,9	8,2	6,6	5,2	8,6	8,2	10,0	13,3	13,1	13,4	16,3	17,6	14,1	15,3	15,2
1998	05	14,6	12,9	11,8	7,8	9,4	10,5	12,7	17,8	19,5	19,5	20,8	20,9	16,4	14,3	10,5	11,3	12,6	13,4	16,1	14,4	8,7	8,4	8,3	10,6	12,3	13,0	18,0	21,0	22,1	17,7	15,2
1998	06	14,0	18,4	17,4	19,6	24,3	26,1	21,6	14,2	18,9	18,2	14,6	13,0	9,9	12,9	13,3	13,7	12,5	13,5	15,7	18,9	21,7	19,4	16,5	15,6	19,3	18,9	19,9	17,3	18,0	19,2
1998	07	16,9	14,4	16,9	13,4	13,9	15,2	11,4	10,9	13,3	16,1	16,3	15,4	19,5	13,7	13,8	14,2	16,8	17,9	19,3	24,7	25,7	19,2	23,6	19,7	18,2	19,1	19,8	16,9	16,8	17,2	16,8
1998	08	21,0	21,2	16,5	20,1	17,1	18,5	21,3	23,9	20,4	19,8	25,2	24,2	16,4	15,7	19,8	21,5	21,2	21,2	17,4	20,1	16,9	14,3	12,8	14,5	11,9	14,4	10,7	11,1	12,1	13,2	11,8
1998	09	13,9	15,8	15,1	15,3	14,0	14,0	15,2	14,9	17,8	20,6	14,4	12,5	8,6	8,2	10,3	11,1	10,5	11,7	11,4	11,3	11,4	10,6	11,3	12,4	9,4	10,5	11,6	13,8	11,4	11,7
1998	10	8,0	5,2	5,4	7,2	7,3	6,6	13,2	10,8	10,7	10,6	9,7	7,8	7,2	10,3	11,9	10,1	13,0	7,9	6,0	4,4	8,1	13,3	12,7	8,7	8,4	6,2	6,8	11,0	6,4	4,3	4,4
1998	11	4,7	4,3	6,5	6,0	3,1	3,9	2,4	3,5	6,4	8,7	3,7	0,9	0,9	0,7	1,6	0,4	-0,7	-2,3	-4,0	-3,4	-9,0	-7,6	-3,9	-1,9	-1,8	-1,9	0,1	0,4	-1,4	-1,3
1998	12	-4,8	-5,5	-2,2	-3,1	-1,5	-2,8	-4,1	-5,3	-7,4	-7,7	-11,3	-4,3	5,4	4,0	6,5	5,0	3,5	2,7	3,2	1,5	-1,5	-1,3	-1,3	-2,6	1,7	4,5	8,6	1,3	-1,9	0,1	-0,7
1999	01	-2,8	-3,4	0,8	6,7	9,1	7,6	5,0	2,2	1,9	-0,4	2,0	-3,2	-1,0	1,5	3,4	5,8	2,5	-1,2	-1,2	-2,1	-2,7	-1,6	-0,3	1,9	6,9	4,3	1,0	0,4	-6,2	-7,2	-13,5
1999	02	-5,2	-1,3	1,6	4,7	2,3	0,5	-0,8	-4,8	-9,1	-8,5	-8,8	-6,0	-3,5	-5,4	-4,2	-0,9	-2,0	-1,6	1,6	1,9	1,9	0,9	-0,5	-0,8	-0,4	2,2	4,9	4,9
1999	03	5,8	7,9	9,1	7,3	3,7	2,1	1,9	1,6	3,1	6,4	1,4	1,7	3,5	4,3	4,7	0,3	-0,6	1,1	2,8	2,3	4,6	5,1	2,9	5,6	9,4	12,1	11,6	8,4	5,5	8,1	9,5
1999	04	10,5	10,1	11,0	10,3	10,8	13,2	9,8	8,1	9,3	11,6	8,6	8,6	7,4	6,2	6,2	2,4	2,5	3,7	4,6	5,4	8,0	11,0	12,1	12,5	11,6	10,1	10,9	10,8	11,0	13,5
1999	05	16,3	11,3	12,3	12,0	10,5	9,6	10,0	11,4	14,4	17,2	13,3	13,7	12,9	11,8	9,3	8,4	11,8	12,2	14,6	17,7	14,8	12,8	12,1	16,0	16,0	16,0	18,3	21,7	20,6	22,2	18,1
1999	06	16,3	20,5	18,0	13,7	19,6	16,0	15,9	12,8	14,8	17,7	13,7	11,3	14,8	14,4	16,2	15,9	17,6	11,6	13,0	15,3	12,4	10,9	13,7	13,5	13,7	16,5	18,3	15,2	18,9	18,3
1999	07	16,5	18,6	22,3	25,5	24,6	19,9	16,3	14,5	17,4	20,9	19,4	18,6	20,6	17,0	14,7	15,5	19,2	22,2	22,2	20,3	19,6	16,6	13,1	14,2	19,0	21,0	17,6	18,4	18,5	19,4	19,8
1999	08	20,7	20,4	20,7	21,2	17,7	21,6	18,7	21,8	20,3	18,4	15,9	13,3	13,0	17,4	16,4	15,8	15,7	18,1	16,3	15,7	14,7	13,3	14,2	17,2	18,7	19,8	18,8	16,3	15,1	16,9	13,7
1999	09	12,8	13,4	15,9	16,9	16,7	16,5	16,9	17,8	19,6	20,0	18,9	19,7	18,6	17,8	18,9	17,5	19,1	17,2	18,7	20,9	13,9	17,9	16,7	16,1	13,5	14,9	14,7	13,1	14,2	14,7
1999	10	12,8	15,4	11,2	9,2	8,3	8,3	8,0	9,2	11,5	12,7	12,6	8,3	6,7	8,6	5,4	3,7	3,8	2,0	1,9	2,1	5,2	7,1	8,2	9,6	9,8	12,3	10,9	11,0	9,7	7,4	8,8
1999	11	7,9	12,1	5,8	3,5	4,7	6,3	4,8	5,4	5,3	4,0	2,1	3,0	2,2	1,6	-1,7	-1,6	-0,2	-0,2	-2,2	-2,6	-3,1	-2,2	-2,8	-0,3	3,0	3,5	2,6	3,3	-1,6	0,4
1999	12	5,9	3,0	5,6	1,9	0,4	0,5	4,7	5,4	7,8	4,0	3,4	8,9	2,8	1,2	-0,6	-1,9	-1,1	0,7	-2,2	-2,3	-2,6	-8,1	-7,3	-4,9	-4,3	2,5	0,9	-1,5	-0,1	0,1	-1,1
2000	01	-0,3	1,1	0,5	2,1	2,3	-1,8	1,4	1,4	-0,1	-0,1	-1,5	-4,4	-4,4	-4,7	-2,3	-1,4	4,2	1,4	-0,9	0,3	-2,7	-2,2	-8,7	-8,9	-9,1	-5,4	-1,3	-1,9	3,4	3,9	7,0
2000	02	6,3	7,5	3,0	3,1	6,4	7,5	6,0	8,5	4,0	3,2	3,2	1,2	2,2	0,9	4,0	1,3	-0,7	-0,9	2,7	-0,2	-3,0	-1,4	0,9	3,3	3,6	1,6	2,3	6,9	7,0
2000	03	5,4	1,7	5,5	1,1	-0,6	3,0	6,6	8,3	10,1	2,0	6,7	2,1	2,5	6,7	0,9	1,5	0,7	-0,1	1,4	2,9	3,9	4,6	8,5	6,6	7,4	7,2	3,9	3,4	6,8	3,1	4,6
2000	04	6,0	7,6	8,9	9,5	6,6	2,9	5,8	4,6	5,6	5,8	7,2	5,5	7,4	8,3	10,9	10,8	13,4	10,1	12,2	14,0	16,6	18,9	19,7	14,3	12,5	14,0	17,8	18,8	18,5	17,2
2000	05	15,9	16,0	13,8	16,4	17,4	18,2	19,6	17,7	17,6	19,9	20,0	15,9	14,1	17,1	19,5	21,9	19,6	13,5	9,9	9,1	12,5	10,4	12,8	16,1	19,7	16,9	15,2	14,5	9,7	12,0	9,9
2000	06	15,0	19,6	22,6	20,5	21,4	16,0	11,3	14,1	19,4	22,8	24,2	20,3	22,9	21,2	15,1	11,3	12,1	19,3	21,7	25,8	27,4	25,9	15,8	15,3	11,9	12,2	11,3	12,9	11,6	15,1
2000	07	18,3	17,5	21,7	17,8	17,7	16,9	16,6	11,0	13,4	15,7	13,1	12,0	12,8	12,7	12,9	13,2	13,8	14,4	14,4	15,6	13,0	15,6	18,4	17,7	18,3	16,1	18,2	16,4	15,4	14,6	17,3
2000	08	20,4	20,8	18,6	17,1	18,1	14,9	16,5	14,9	17,0	20,0	19,6	20,3	21,8	22,2	23,1	21,5	23,6	21,5	24,2	24,6	22,6	17,3	16,5	17,1	16,0	16,0	16,0	15,5	17,1	18,3	17,0
2000	09	16,4	15,1	12,8	11,7	11,1	12,8	11,9	13,5	17,9	17,2	18,4	18,5	17,3	16,3	15,9	14,4	12,5	10,0	9,0	11,1	8,7	10,9	10,5	9,0	11,1	12,8	12,3	14,8	14,2	16,0
2000	10	16,2	13,8	12,5	13,5	14,1	9,5	7,5	8,2	7,0	8,5	10,8	12,6	12,7	13,6	15,1	14,4	12,2	9,3	10,4	8,9	7,4	7,2	4,4	9,8	13,7	9,8	8,3	10,4	9,9	9,7	9,1
2000	11	7,1	7,6	7,9	6,7	3,8	8,2	8,3	6,9	5,5	4,7	3,4	3,4	6,5	6,0	6,8	5,4	4,7	2,5	1,7	3,3	5,0	4,9	4,0	5,4	4,3	5,4	4,2	4,0	5,7	1,8
2000	12	1,8	2,4	3,3	4,9	2,6	2,3	1,8	2,1	2,9	6,8	7,2	10,4	9,9	7,5	4,5	2,1	0,7	0,2	-0,4	-4,8	-5,7	-7,1	-8,9	-5,1	-5,0	-1,9	-1,2	0,3	-1,6	-2,9	-2,6
2001	01	-4,9	-1,8	0,4	-1,2	2,6	6,0	3,1	1,8	0,1	-0,4	-1,0	-4,5	-9,3	-7,1	-8,9	-9,7	-3,7	-4,2	-1,8	-1,4	-2,0	-1,6	-1,5	0,2	1,7	1,0	0,9	0,4	0,3	0,0	-1,6
2001	02	-2,0	-4,1	-3,4	1,3	6,1	9,3	5,9	3,4	4,6	1,3	3,5	5,7	3,7	2,9	4,0	2,6	1,1	0,8	2,7	2,2	3,8	2,1	-4,4	-9,7	-7,3	-5,0	-4,2	-2,4
2001	03	-0,1	-0,3	-0,3	2,9	0,8	-0,6	2,8	5,2	6,0	8,1	9,7	12,6	6,7	4,7	2,5	6,2	6,2	6,5	4,3	-0,2	-1,3	0,8	4,7	10,4	7,6	-2,0	-2,5	0,9	2,6	4,5	7,9
2001	04	10,0	11,0	12,0	12,6	5,6	7,3	7,9	4,4	5,6	7,8	9,1	4,5	-0,3	0,2	2,0	3,4	3,4	5,0	4,2	4,9	3,8	2,7	6,3	9,8	12,2	8,4	10,4	9,8	13,7	18,5
2001	05	20,5	17,9	19,7	15,5	10,1	8,1	7,3	11,3	13,6	15,3	15,4	12,4	13,7	16,8	14,3	16,0	16,4	10,1	9,3	13,3	12,2	12,2	13,8	15,6	15,7	17,1	18,0	17,4	18,5	15,1	13,2
2001	06	10,3	11,7	8,9	8,4	11,5	12,2	15,0	12,4	12,7	13,4	8,7	12,8	14,9	14,6	18,7	16,6	14,6	13,6	12,3	14,6	15,2	11,9	13,4	16,3	17,7	18,7	20,9	17,7	19,5	20,6
2001	07	17,0	15,2	16,0	18,7	19,5	22,1	20,0	16,9	16,4	19,0	16,4	16,9	15,9	21,6	19,9	13,7	11,9	13,9	15,2	14,7	15,3	19,2	20,8	19,5	20,0	21,0	22,2	23,6	20,4	22,1	22,9
2001	08	18,8	19,6	20,5	17,0	16,7	18,1	17,8	18,7	18,9	14,2	13,3	14,9	18,3	22,3	23,3	24,8	19,4	21,3	20,8	19,7	17,0	18,2	20,5	20,9	23,1	21,4	18,6	14,1	13,6	15,2	14,6
2001	09	13,7	13,3	16,5	14,3	12,1	12,2	12,4	10,7	8,9	9,8	10,7	10,5	12,8	11,8	11,0	9,8	10,2	9,0	10,2	11,8	11,8	10,4	10,7	12,5	11,3	11,0	11,2	13,4	13,0	13,8
2001	10	15,3	18,7	18,9	12,1	9,4	10,7	11,7	12,1	14,3	13,1	13,7	12,9	12,0	11,8	9,7	11,1	11,4	10,9	9,8	10,4	10,7	11,8	9,2	8,8	10,4	10,1	8,8	9,9	10,3	13,7	13,2
2001	11	6,9	7,4	6,4	7,7	3,3	4,3	7,2	7,5	0,3	-0,1	-1,9	0,7	0,5	-1,2	-1,4	1,5	0,4	0,7	3,9	1,6	3,3	2,8	0,5	-0,2	-0,8	1,0	1,6	1,6	3,2	1,2
2001	12	-1,5	-2,2	-1,7	0,3	2,7	2,9	1,4	-1,1	-4,4	-1,8	0,6	0,2	-11,0	-9,5	-5,1	-1,9	-1,4	-0,8	0,7	-4,6	-2,5	-1,5	-9,3	-6,1	1,8	0,6	-2,0	2,3	-0,1	-2,4	-6,7
2002	01	-3,3	-2,5	-10,4	-11,7	-7,7	-4,6	0,0	-0,9	-2,5	-5,4	-5,2	-2,2	-2,9	-4,8	-4,6	-5,7	-2,4	-2,3	1,4	3,6	5,6	5,0	4,2	7,4	2,5	7,3	8,9	10,8	9,2	8,0	7,5
2002	02	7,2	10,2	4,1	4,1	8,0	5,0	4,9	5,0	9,2	4,9	8,5	10,0	5,4	0,0	-1,4	0,9	2,1	3,5	1,9	5,0	-1,5	0,1	1,9	0,1	1,5	9,2	5,7	3,7
2002	03	3,3	0,6	0,8	3,6	2,5	7,3	6,3	4,8	6,8	4,3	7,6	6,1	9,9	3,0	3,3	4,5	5,6	7,8	7,1	7,6	7,7	3,7	1,6	0,3	-0,4	-0,2	0,0	2,0	7,2	9,6	8,7
2002	04	9,4	9,8	8,4	6,6	3,0	-0,2	0,8	3,7	3,9	4,8	6,9	8,1	8,7	7,2	6,3	7,4	8,2	10,2	9,8	9,3	10,1	11,1	13,1	10,8	13,1	13,7	7,3	11,6	10,3	11,2
2002	05	16,4	15,2	16,4	16,2	10,1	12,7	14,4	17,7	17,9	15,8	15,0	14,1	16,6	13,6	13,7	18,3	19,3	16,9	13,2	14,8	16,3	17,9	18,6	14,4	15,5	11,7	13,8	13,9	14,4	15,4	16,5
2002	06	12,1	13,4	16,7	19,0	20,0	16,1	15,1	13,7	14,6	13,9	13,8	17,1	19,2	17,5	19,1	17,7	21,3	25,0	23,6	23,0	20,1	21,7	21,3	14,6	17,1	18,9	19,0	15,3	11,8	15,5
2002	07	17,6	14,7	18,2	14,9	17,1	18,7	18,2	21,4	23,8	22,0	16,0	19,2	20,3	20,5	19,4	19,3	19,7	16,9	16,9	18,5	20,0	16,1	17,4	16,9	14,0	15,6	17,3	21,8	24,3	23,7	22,1
2002	08	19,6	18,6	21,8	18,6	18,4	18,4	17,7	17,2	20,1	19,9	19,1	15,5	15,0	17,0	18,7	19,7	20,7	21,5	21,8	21,0	18,1	17,0	20,0	21,5	21,8	21,9	20,1	18,0	20,0	20,0	20,6
2002	09	14,4	15,0	17,3	19,1	14,9	15,4	17,2	18,4	19,3	16,3	14,8	13,1	11,6	14,0	11,1	10,1	12,7	13,7	13,9	11,6	11,5	11,0	9,4	6,9	5,9	8,9	8,4	7,7	8,4	8,9
2002	10	9,6	11,0	12,5	10,5	9,8	9,3	5,5	5,7	7,0	6,3	4,5	3,3	2,7	8,2	10,7	12,9	11,4	6,2	4,9	3,6	5,4	9,8	12,2	4,8	9,0	8,8	9,8	6,3	5,9	6,1	6,2
2002	11	7,5	7,1	2,6	2,1	-0,1	-2,8	-2,1	2,8	3,4	1,4	4,4	6,0	5,9	5,1	4,9	9,3	7,8	4,1	6,1	2,9	4,3	4,9	4,8	3,4	5,1	6,2	6,4	6,1	5,7	4,5
2002	12	4,3	3,5	4,3	4,1	2,2	-0,7	-4,1	-6,4	-8,6	-8,5	-8,5	-6,9	-5,4	-4,4	-3,0	-0,6	-0,4	-1,6	-1,8	-3,5	-1,2	-0,1	-1,6	-3,7	-3,6	-4,0	-2,6	-2,0	3,4	5,8	-6,3
2003	01	-7,4	7,4	5,3	-1,1	-6,3	-4,0	-10,1	-10,7	-11,0	-7,1	-8,2	-6,0	-2,4	2,9	2,8	2,7	0,4	1,1	0,1	0,0	-3,1	-1,0	1,5	1,5	0,5	1,0	3,9	3,9	0,4	-2,0	-3,6
2003	02	-5,9	-4,8	1,9	-0,6	-1,2	-2,8	-1,9	-6,2	-3,7	-3,6	-4,3	-7,1	-7,1	-6,5	-4,2	-5,9	-8,0	-7,1	-5,2	-4,4	-5,1	-1,6	-1,7	-1,5	-0,9	-0,1	0,2	3,4
2003	03	5,3	3,5	4,0	0,8	2,2	0,1	1,0	3,0	5,7	8,2	12,2	5,9	0,9	-0,1	1,2	3,0	2,2	4,5	4,9	1,6	-0,3	0,2	5,0	7,9	9,5	8,5	8,4	9,2	8,7	10,4	5,2
2003	04	7,4	5,7	4,5	3,7	3,5	-2,5	-2,5	-3,0	-1,4	4,2	0,9	5,0	7,9	10,0	12,8	11,5	10,8	5,3	7,5	12,2	13,0	12,7	12,1	12,1	14,4	16,3	11,2	14,8	15,5	18,4
2003	05	14,2	16,4	11,6	14,7	20,0	20,3	16,5	20,1	16,7	14,3	15,7	15,7	12,9	8,6	6,5	10,5	14,2	14,6	16,2	11,7	11,5	11,8	15,0	19,1	19,5	16,8	15,7	16,7	18,2	18,5	18,7
2003	06	19,4	20,8	21,7	23,4	22,8	20,7	22,0	22,6	19,2	21,9	22,4	24,3	20,4	20,5	18,8	18,2	18,9	16,8	17,9	16,6	14,3	18,0	21,9	20,3	16,7	16,9	19,0	19,1	21,7	25,1
2003	07	14,9	16,8	16,3	15,3	15,1	15,5	15,7	17,3	16,4	15,6	19,5	17,0	15,7	19,1	21,7	24,2	19,8	18,6	22,4	23,2	25,0	21,4	20,5	22,8	19,2	22,2	24,1	18,8	17,5	19,6	19,7
2003	08	22,5	24,5	26,6	26,3	24,5	22,7	22,1	24,6	23,7	24,3	22,5	24,0	26,8	21,9	17,5	18,9	22,3	21,6	18,4	20,0	20,5	22,1	20,7	16,1	17,8	18,6	15,7	18,8	20,7	14,7	12,1
2003	09	12,0	11,0	12,9	14,5	12,8	16,5	16,7	17,5	14,9	14,8	11,7	13,7	12,7	13,1	12,7	14,8	17,2	17,0	19,8	20,8	20,5	19,9	13,2	9,6	9,8	11,2	13,4	13,2	12,4	9,0
2003	10	10,9	14,1	13,4	11,4	7,2	8,2	6,9	7,2	8,2	12,0	12,5	7,1	4,6	4,4	6,1	3,8	1,7	3,1	2,5	3,5	3,0	2,8	-0,4	-2,9	1,7	3,3	1,1	1,5	1,0	4,4	5,4
2003	11	6,9	6,3	8,9	7,0	4,9	-0,2	4,2	5,6	2,5	0,8	1,3	-0,4	-0,1	-0,9	3,9	1,7	5,1	6,7	9,7	8,1	6,8	3,9	4,9	4,4	6,3	5,4	6,2	5,6	5,4	3,1
2003	12	5,9	6,1	5,1	4,2	2,6	1,6	-3,4	-4,2	-6,5	-1,0	-1,4	1,5	6,1	5,1	-1,2	-1,0	1,1	-2,2	-2,2	2,8	5,1	-1,1	-8,8	-10,2	-2,9	0,1	-0,9	-2,8	1,1	-0,1	-0,8
2004	01	-5,0	-5,2	-6,1	-6,2	-10,4	-10,6	-1,4	-2,8	-0,5	0,8	2,2	2,1	2,9	2,8	1,4	2,5	2,3	-1,6	-1,7	-1,5	-4,5	-9,9	-12,4	-16,8	-9,3	-4,6	-4,8	-4,1	-3,2	-1,2	2,8
2004	02	6,7	7,0	9,4	11,3	11,7	10,5	8,4	2,4	-0,5	-0,3	-1,7	-7,3	2,0	4,2	2,5	1,7	2,1	0,7	-1,2	-1,9	0,4	0,5	-2,1	-4,5	-2,0	-1,3	-2,2	-1,7	-3,1
2004	03	-3,2	0,4	0,0	-3,7	-3,6	-3,1	0,9	-1,3	-1,8	-0,1	1,0	3,0	3,8	5,7	8,9	10,5	11,4	14,6	13,0	12,1	8,6	6,0	3,8	3,5	0,1	-0,8	0,7	3,5	4,8	6,0	6,2
2004	04	8,1	10,4	11,4	9,8	7,1	4,5	4,0	3,5	3,7	6,7	5,3	5,9	7,3	9,4	11,4	10,2	9,7	12,3	9,4	10,3	12,5	15,5	13,6	8,0	7,5	10,5	11,4	12,6	14,8	17,1
2004	05	14,7	11,9	14,8	15,9	14,7	11,6	7,7	9,6	8,8	9,6	12,8	12,7	9,1	10,1	12,1	10,6	12,1	13,4	16,3	14,9	12,5	6,1	5,8	9,1	10,3	11,8	11,0	10,8	14,0	16,7	17,4
2004	06	12,9	12,9	14,5	16,8	13,0	15,9	17,4	20,9	19,3	19,5	19,1	15,5	14,5	16,6	18,9	11,8	15,4	14,6	15,0	12,4	13,1	16,8	17,3	15,6	15,0	16,1	14,5	16,9	14,7	17,3
2004	07	17,8	13,7	12,5	17,6	16,7	14,7	17,9	19,2	15,2	13,1	12,4	13,6	12,8	14,2	16,9	20,2	22,2	22,5	20,5	23,2	21,3	20,5	22,3	19,0	19,8	14,8	14,6	15,9	19,2	21,8	22,7
2004	08	18,9	19,6	20,2	21,7	23,3	20,9	21,1	21,7	21,7	22,0	23,0	26,0	17,3	16,2	17,5	20,2	21,7	24,0	23,2	16,2	14,8	15,3	15,5	15,8	17,5	15,3	16,2	17,6	17,4	15,7	14,4
2004	09	14,3	16,8	18,7	17,7	17,8	18,9	18,3	14,7	12,2	14,2	16,7	14,6	14,2	19,5	15,2	11,8	11,0	14,3	16,1	16,0	13,2	10,0	9,4	9,4	10,6	9,2	11,5	13,6	12,6	8,2
2004	10	10,8	12,0	10,8	13,9	16,7	16,4	11,9	9,0	7,3	5,2	4,1	3,5	6,4	6,0	7,0	6,6	6,3	8,3	7,0	7,3	12,5	9,9	13,3	13,9	12,6	9,2	8,5	9,3	10,4	9,6	8,2
2004	11	9,3	10,1	11,6	12,3	7,8	3,7	3,3	2,3	0,6	1,4	3,3	5,2	1,9	-0,8	0,3	3,6	6,6	6,6	1,5	0,4	-0,3	4,7	3,9	-1,8	-0,9	0,8	3,6	3,9	4,1	3,4
2004	12	3,9	3,4	2,7	1,2	-0,1	2,4	1,4	1,4	-0,6	-2,7	-3,3	-4,0	-3,9	-3,8	-4,4	-4,8	1,2	1,2	-1,2	-4,0	-5,6	-3,6	3,7	5,0	5,6	3,6	1,0	0,7	1,1	-0,6	2,1
2005	01	4,1	3,1	2,6	4,1	4,0	4,0	6,6	9,1	5,8	6,0	4,3	6,7	2,8	1,5	1,0	-2,5	-2,9	-1,5	1,5	3,9	2,3	0,7	-1,9	-4,8	-4,9	-6,2	-7,0	-6,1	-5,6	-4,5	0,0
2005	02	-0,2	-0,2	-1,3	-1,7	-6,9	-7,2	-6,8	-7,8	-6,0	-0,3	3,0	6,5	1,1	-1,2	-2,4	-2,4	-2,8	-5,1	-2,7	-2,4	-2,1	-5,0	-6,7	-5,6	-2,2	-1,9	-7,4	-9,8
2005	03	-8,1	-7,1	-7,8	-8,8	-5,6	-4,6	-4,1	0,8	-0,8	-7,0	-0,8	0,2	0,6	1,1	4,1	8,1	10,1	12,0	2,1	-0,1	1,1	4,5	5,7	9,1	10,1	9,6	8,3	9,5	8,7	7,2	4,6
2005	04	5,2	8,1	8,8	10,5	11,9	11,0	13,4	8,7	4,5	4,9	5,7	9,7	11,1	13,5	14,0	14,8	11,7	12,5	12,9	6,1	3,9	7,0	8,1	12,3	10,5	11,0	11,8	10,7	14,0	14,8
2005	05	18,8	21,9	16,5	13,6	9,7	7,9	8,6	6,4	7,0	7,0	7,2	8,9	11,7	14,1	12,3	12,8	9,8	8,3	10,3	13,1	18,4	18,1	13,8	14,4	17,3	19,8	22,2	24,5	24,7	21,0	12,8
2005	06	12,3	15,5	20,4	13,0	13,4	11,0	8,7	9,8	11,7	13,1	9,9	12,4	16,9	19,7	16,3	20,3	19,7	16,4	17,5	20,4	21,1	18,7	19,5	22,8	20,7	18,5	20,3	20,5	20,4	15,5
2005	07	15,5	17,2	20,7	21,1	10,4	14,0	15,4	11,6	15,7	17,3	17,5	21,2	22,0	21,7	22,5	19,9	18,9	22,6	17,5	17,4	14,1	14,4	13,4	18,0	18,4	18,9	24,2	27,1	27,9	19,1	17,7
2005	08	19,6	19,4	16,6	14,5	16,4	14,9	10,6	11,8	13,8	14,1	14,2	16,3	14,1	15,2	13,9	16,7	17,7	19,2	19,6	19,1	18,5	16,9	16,4	16,2	17,9	14,8	16,0	18,6	19,7	20,3	21,2
2005	09	21,3	20,0	17,8	17,5	16,3	17,8	18,9	20,1	18,6	18,6	18,4	17,7	13,4	15,7	17,0	14,2	9,2	9,4	10,6	10,0	11,5	12,8	13,7	14,5	15,2	14,5	13,6	11,8	11,1	8,1
2005	10	9,8	9,8	11,4	14,3	14,8	13,5	13,6	11,8	10,7	10,2	11,6	10,3	7,7	8,6	9,1	6,1	7,1	4,6	4,7	3,7	7,4	12,6	13,9	10,8	14,7	13,8	11,5	10,1	7,6	5,4	4,8
2005	11	3,7	7,0	8,7	8,5	7,6	5,3	5,5	4,6	5,1	6,7	7,2	4,3	3,6	3,3	2,7	3,5	1,5	-0,1	-0,9	0,6	0,7	0,0	-0,4	-3,9	-2,7	-1,6	-2,2	-0,3	0,3	0,4
2005	12	-1,4	-4,4	-0,7	2,7	2,0	1,4	2,2	1,6	0,3	-0,5	-0,8	1,7	1,7	1,7	2,5	2,0	-2,1	-1,9	-0,9	1,7	0,9	1,4	2,1	3,5	0,1	-1,4	-3,6	-4,6	-6,1	-8,6	-4,5
2006	01	-0,7	0,4	0,4	-0,8	-1,0	-1,5	-1,8	-4,9	-6,9	-8,8	-6,5	-3,5	-4,2	-4,8	-6,2	-7,7	-5,2	-0,3	-3,7	1,9	1,7	-11,0	-14,2	-12,9	-9,8	-9,1	-9,2	-10,7	-10,4	-7,6	-6,5
2006	02	-6,5	-8,2	-4,2	-3,5	-9,8	-8,1	1,2	1,6	0,1	-0,9	-2,6	-3,3	-2,8	-2,8	1,3	2,0	3,0	2,7	3,0	1,3	0,7	-0,8	-1,6	-1,8	-3,2	-4,4	-5,1	-2,3
2006	03	-1,5	-3,3	-1,7	-2,0	-2,8	-1,0	-2,7	-2,1	2,0	3,5	-0,3	-5,7	-6,9	-3,9	-3,0	-0,4	-0,6	0,0	1,2	1,1	1,4	-0,6	-0,6	1,9	6,5	9,6	13,7	8,7	6,8	8,3	10,8
2006	04	10,2	10,4	8,0	3,3	2,7	2,8	6,4	8,7	8,7	2,3	3,8	4,3	7,0	6,4	9,1	10,8	10,3	11,4	11,7	13,0	14,8	12,7	10,7	12,6	15,5	15,9	14,5	7,7	5,9	6,5
2006	05	9,3	12,4	15,1	14,4	14,2	14,4	14,9	14,3	15,6	13,7	15,0	17,5	14,3	13,4	14,8	17,3	13,5	15,5	13,7	11,9	13,0	17,4	13,2	11,7	12,0	11,7	14,3	13,8	10,3	7,9	7,5
2006	06	8,3	10,9	11,7	9,9	9,1	10,1	11,6	15,1	16,5	15,4	17,9	20,5	20,9	22,7	22,5	22,6	17,7	19,2	21,7	23,3	24,1	20,8	19,2	20,5	23,3	24,1	19,9	17,7	18,4	14,7
2006	07	18,4	18,4	19,6	20,3	21,5	23,4	22,3	20,3	22,3	23,9	26,7	23,1	24,5	19,5	18,6	17,6	21,3	22,2	24,6	26,9	23,9	25,4	22,4	24,0	25,4	26,3	25,4	21,5	20,0	22,6	21,5
2006	08	19,6	17,0	15,0	14,5	15,2	16,2	17,6	17,4	16,1	15,8	14,2	14,0	14,6	14,8	14,4	17,7	21,5	18,8	20,2	16,8	17,2	14,9	15,0	17,4	15,1	14,1	13,9	13,7	11,5	12,4	12,8
2006	09	14,8	19,2	19,6	20,3	17,1	19,0	22,4	12,7	13,0	14,4	15,7	15,9	17,5	17,0	19,5	19,6	18,6	16,9	15,0	13,6	14,2	15,9	15,9	17,0	16,5	16,3	16,2	14,9	15,2	16,9
2006	10	15,0	14,9	13,6	10,9	9,8	12,8	12,2	9,9	11,0	11,4	11,4	10,4	11,9	10,4	6,8	8,1	5,3	6,1	7,1	7,4	11,0	13,8	13,8	15,2	10,3	11,4	14,0	11,9	11,2	6,2	10,6
2006	11	3,9	-0,4	-1,6	4,0	7,9	7,6	7,3	8,3	7,6	4,2	5,0	4,9	6,3	11,0	11,4	4,1	5,6	6,9	5,9	4,1	5,4	4,5	5,3	8,4	7,0	8,2	7,5	7,1	6,9	6,7
2006	12	4,4	2,6	3,0	7,7	11,1	8,6	6,3	5,0	4,8	3,9	2,2	2,7	5,1	7,0	5,3	5,1	2,7	1,6	1,5	2,9	3,6	3,5	1,3	-1,2	1,8	0,5	-3,8	-2,2	0,1	-2,7	6,5
2007	01	7,1	1,3	3,1	5,3	5,6	7,9	5,9	6,4	10,5	10,5	6,7	6,5	10,0	6,7	1,0	1,7	6,6	12,5	8,4	10,4	4,8	1,9	-4,0	-4,6	-4,4	-6,4	-2,5	1,5	2,8	3,4	3,7
2007	02	3,4	5,3	2,9	2,7	2,6	0,4	-0,7	3,4	3,6	3,9	5,0	6,4	6,1	5,7	4,6	2,9	2,9	1,7	0,9	3,5	1,6	5,0	4,8	2,7	5,7	5,3	3,9	7,7
2007	03	7,8	4,3	5,6	3,4	6,4	7,8	6,8	7,0	6,6	3,7	4,6	8,3	9,0	6,6	5,2	5,9	6,9	6,6	2,0	1,8	1,5	2,3	4,0	6,2	8,2	7,0	7,6	7,8	6,1	7,7	9,2
2007	04	10,1	11,2	8,2	3,7	7,7	9,6	6,8	5,6	11,4	12,1	11,2	12,9	15,8	16,7	15,2	14,3	16,7	6,7	9,7	7,5	8,1	11,6	15,8	13,1	14,9	15,2	17,2	18,5	11,4	11,2
2007	05	8,8	10,1	13,3	14,1	14,8	11,6	14,4	10,9	11,0	15,4	15,5	13,4	19,0	20,2	11,8	11,5	7,9	11,4	16,5	19,9	21,3	19,6	18,6	20,4	20,8	21,5	20,1	17,8	11,9	10,8	14,1
2007	06	17,7	16,7	15,2	16,7	19,2	19,3	20,7	21,6	22,8	21,4	20,6	20,5	21,2	21,4	20,8	16,4	19,5	18,7	21,6	24,0	20,5	16,2	16,0	18,9	19,5	14,1	12,6	12,3	15,6	17,1
2007	07	20,2	17,6	16,7	14,7	14,2	16,1	16,0	20,1	15,3	11,7	12,0	14,8	18,3	23,2	26,2	28,6	26,9	21,8	22,7	23,2	22,3	18,6	21,7	16,9	16,2	20,3	20,1	18,6	17,4	13,4	13,2
2007	08	15,6	19,6	16,1	17,3	18,9	22,0	23,3	21,4	20,4	17,0	17,4	17,5	18,7	20,9	23,1	18,6	15,4	17,5	19,2	17,7	16,5	18,0	20,6	20,1	20,7	20,5	16,7	14,6	14,4	13,4	15,7
2007	09	14,0	15,5	11,6	8,6	10,6	11,8	13,1	13,9	12,8	10,8	11,4	12,7	12,0	14,0	11,9	13,4	17,9	11,7	8,5	10,2	13,4	13,9	15,2	15,6	10,7	10,7	11,0	10,3	12,2	12,8
2007	10	13,3	14,5	13,5	15,4	11,1	9,8	10,4	10,1	9,9	8,1	7,2	9,5	7,0	4,5	8,0	11,3	13,2	7,1	3,9	4,0	3,0	2,5	3,1	5,2	6,2	7,0	6,0	6,6	7,3	7,0	4,7
2007	11	5,2	9,0	10,9	6,4	1,9	4,4	4,5	7,3	4,3	1,4	2,2	1,4	1,2	-0,4	-1,2	-0,9	0,7	1,0	0,7	1,1	-0,3	0,6	2,3	3,7	1,6	-0,2	-2,9	-2,6	-2,5	2,6
2007	12	5,8	7,1	5,6	3,1	5,5	7,5	9,0	2,8	4,1	3,3	3,1	3,2	0,8	-1,4	-3,4	-3,8	-2,5	-3,5	-5,2	-5,3	-6,0	-5,6	-6,0	-3,3	-2,5	-3,9	-2,1	-1,4	-2,2	1,6	0,9
2008	01	-0,4	-2,6	-2,7	-3,4	-4,3	-0,7	0,9	2,0	0,3	4,0	-0,8	0,8	-0,3	0,4	1,3	1,6	1,5	4,2	9,9	9,8	8,0	2,8	2,1	5,2	3,3	3,9	6,1	5,2	4,6	2,7	2,1
2008	02	6,4	1,8	-0,1	1,5	5,0	6,7	1,6	2,1	4,2	1,5	3,3	0,4	-1,4	0,0	-3,1	-4,8	-2,1	2,8	2,5	3,0	6,4	9,5	8,6	10,9	7,1	10,7	6,5	4,5	6,2
2008	03	6,9	7,1	5,2	1,1	-1,0	0,9	3,1	5,0	4,8	6,3	6,0	7,7	4,9	4,2	5,6	7,0	3,6	-0,2	-0,6	0,6	2,9	1,1	0,1	-1,1	-0,6	0,2	3,5	5,5	6,1	8,8	9,0
2008	04	9,5	6,7	5,0	4,6	5,6	3,1	1,6	5,1	10,5	10,9	13,5	7,3	9,8	12,1	6,3	5,5	4,5	7,3	6,3	6,9	11,4	7,0	10,1	10,7	7,6	9,5	11,9	15,1	9,8	12,0
2008	05	9,9	9,8	10,0	9,8	11,8	12,6	12,5	15,0	15,6	13,4	15,4	16,5	17,1	14,2	14,7	13,9	16,2	11,2	9,5	9,0	9,3	10,3	13,0	13,7	15,6	15,9	18,8	19,0	18,9	21,9	22,4
2008	06	20,4	21,1	18,8	16,4	16,4	17,2	18,7	16,6	18,7	21,7	15,5	14,1	10,7	12,6	12,8	12,6	16,2	17,4	18,6	17,8	18,0	23,0	22,5	18,7	20,1	19,6	17,3	17,5	21,4	19,9
2008	07	20,3	23,9	21,7	17,6	17,2	19,9	16,2	14,9	15,3	17,5	20,5	17,3	13,7	15,7	18,0	17,3	14,1	15,6	18,8	18,5	13,7	13,1	16,6	16,5	21,3	22,2	22,9	23,5	25,3	22,6	22,4
2008	08	24,1	19,6	20,4	19,4	17,7	19,9	24,4	19,5	13,9	19,6	21,8	21,6	17,8	19,6	12,5	12,0	15,1	18,9	22,4	17,0	17,9	20,3	15,2	13,4	15,6	18,3	19,6	18,2	17,0	16,1	16,0
2008	09	16,1	19,4	22,2	17,5	20,4	21,0	15,4	15,1	17,1	18,4	18,7	16,2	10,5	9,0	8,6	6,4	6,2	7,6	8,6	9,3	10,1	9,1	10,2	9,1	9,2	9,3	10,1	9,8	11,5	10,0
2008	10	13,4	10,4	8,2	6,9	9,0	12,5	11,2	11,3	12,3	11,0	10,2	11,1	9,3	14,0	13,8	9,3	6,5	5,7	7,2	10,2	13,7	7,0	5,8	1,4	4,2	3,5	8,5	6,7	4,0	3,9	3,8
2008	11	6,6	7,6	9,5	6,9	10,7	7,7	8,2	6,7	9,6	9,3	8,6	6,2	4,9	3,4	7,1	7,3	2,0	1,4	5,6	6,6	1,6	-1,3	-1,5	0,3	-0,6	0,8	2,2	0,0	1,0	0,9
2008	12	3,6	3,0	2,6	2,4	3,5	3,2	2,2	1,3	-0,4	-0,5	0,4	-0,4	1,3	4,3	4,9	4,5	4,1	1,4	1,7	3,1	3,5	6,3	3,0	3,2	-0,6	-3,7	-2,8	-5,4	-6,4	-5,3	-6,5
2009	01	-5,1	-4,7	-7,2	-2,2	-3,9	-10,1	-7,1	-9,7	-10,3	-9,5	-7,6	-9,3	-10,1	-8,0	-1,0	-1,9	-2,3	2,0	2,5	1,3	0,4	-0,6	2,0	2,0	-0,4	-0,7	-0,2	-2,3	-1,8	-2,2	-2,5
2009	02	-2,2	1,9	2,3	0,0	-0,8	0,4	0,7	0,4	-0,1	3,4	-0,4	-3,5	-5,0	-3,7	-4,0	-0,9	-3,7	-4,1	-3,7	-1,1	-1,2	1,1	1,4	0,2	2,4	2,1	3,8	5,2
2009	03	3,6	4,8	4,5	4,3	6,2	5,2	3,4	3,6	2,9	3,7	2,8	2,7	4,8	6,3	6,4	5,5	6,2	4,2	1,1	-0,3	0,6	4,1	5,7	0,3	0,8	4,2	6,0	8,1	6,2	5,6	4,3
2009	04	7,9	10,6	13,9	13,6	12,6	12,8	14,5	14,9	14,3	16,0	15,1	13,3	14,3	12,5	14,8	15,2	8,2	8,5	10,8	13,4	12,5	10,5	6,8	12,5	14,6	15,6	16,9	17,0	11,4	13,9
2009	05	15,6	13,6	14,4	7,7	9,5	11,0	14,2	17,3	15,9	15,9	11,6	11,5	12,9	10,2	12,2	12,7	18,1	16,7	16,1	19,5	20,1	13,0	14,2	19,0	20,1	20,7	12,4	11,8	9,2	9,6	12,6
2009	06	15,7	15,0	9,9	9,3	9,5	11,3	13,2	16,1	16,2	16,0	13,7	10,3	14,1	18,7	19,5	14,7	15,8	20,8	15,5	12,8	13,1	12,9	14,2	14,5	17,1	18,6	18,1	17,5	19,3	20,2
2009	07	20,6	20,8	20,8	18,8	20,5	18,8	18,2	14,7	14,3	14,4	12,7	17,2	21,0	21,3	20,0	22,4	22,6	13,8	15,1	15,5	20,1	22,8	22,4	20,1	15,4	16,5	20,4	17,3	20,1	20,5	18,3
2009	08	20,9	21,5	18,2	17,3	19,0	21,6	20,9	20,0	20,1	19,8	18,4	18,0	17,6	17,3	20,9	22,2	22,2	18,7	20,5	22,8	21,1	15,7	17,0	17,8	21,5	20,5	22,6	22,8	15,8	16,4	18,6
2009	09	21,9	21,5	19,0	15,4	12,7	14,0	16,5	18,1	17,8	18,6	14,6	13,7	12,3	13,3	17,7	18,1	16,0	17,2	16,5	16,4	17,6	17,8	18,4	14,9	12,2	13,3	13,6	15,8	14,8	11,5
2009	10	12,9	9,7	11,5	14,3	11,8	16,1	19,2	15,7	8,3	10,1	11,0	6,4	4,0	2,7	1,6	3,1	3,6	3,6	2,7	3,1	4,6	7,4	7,8	8,4	8,3	10,6	10,2	9,4	8,3	1,9	-0,2
2009	11	0,5	2,6	3,2	5,2	6,0	3,8	3,6	4,5	5,3	4,5	5,2	5,6	8,0	6,1	7,9	9,3	13,1	8,8	7,5	5,5	7,1	8,3	10,0	10,1	10,5	7,7	6,6	6,8	4,7	4,7
2009	12	3,8	2,1	1,0	0,2	1,9	5,7	6,2	4,7	4,8	3,4	2,3	-0,2	-3,3	-3,3	-2,4	-5,7	-8,2	-12,6	-13,5	-12,6	-5,1	-2,9	0,0	0,9	3,7	0,8	-2,5	1,2	-1,5	2,0	4,6
2010	01	-1,2	-3,3	-3,6	-4,3	-7,3	-4,5	-4,7	-5,7	-4,7	-3,9	-6,8	-7,6	-4,4	-2,6	-1,5	-2,0	-1,3	1,1	0,7	-1,8	-6,9	-8,5	-8,8	-6,9	-7,2	-9,5	-10,5	-1,5	-0,9	-2,3	-5,4
2010	02	-3,5	-1,0	-0,6	-1,7	-0,6	-0,1	-6,0	-8,5	-7,0	-5,1	-5,9	-5,4	-4,3	-7,8	-4,2	-5,6	-3,4	1,3	0,3	0,1	-0,6	-0,8	3,4	4,4	5,0	4,4	3,2	6,4
2010	03	3,7	1,7	-0,2	-1,6	-4,3	-6,2	-5,4	-5,4	-5,3	-2,9	-1,4	-0,4	2,1	2,9	0,4	1,5	3,4	7,8	8,6	10,1	11,4	7,6	9,7	9,4	12,7	12,2	6,8	7,3	9,2	12,1	6,0
2010	04	6,2	4,7	7,1	9,0	5,8	6,4	8,6	9,8	9,4	5,0	3,5	6,0	8,7	6,8	6,9	7,3	8,6	11,1	12,1	10,5	5,2	6,0	9,3	12,2	13,7	12,9	10,8	12,3	16,8	18,3
2010	05	15,0	12,5	11,6	9,1	7,8	9,7	9,4	11,0	11,5	11,1	13,7	13,9	10,4	7,3	7,1	10,1	11,7	9,0	7,5	11,7	14,3	15,7	15,3	15,8	14,7	12,4	12,8	14,9	14,8	14,5	11,0
2010	06	10,1	10,9	13,2	14,4	18,5	21,5	17,8	20,4	21,4	24,3	22,8	20,9	15,8	14,4	16,1	14,1	17,5	15,2	12,4	12,5	13,2	15,5	16,1	16,9	18,7	19,0	19,5	20,0	23,3	21,0
2010	07	22,0	25,3	23,3	23,4	21,4	14,9	17,5	21,2	24,4	26,2	27,0	27,4	23,5	25,5	22,6	27,3	21,3	15,9	19,3	20,3	24,1	23,1	19,3	15,8	13,6	17,4	17,5	18,3	15,5	15,8	19,1
2010	08	21,9	21,3	16,4	17,0	19,0	16,9	15,1	18,0	17,1	20,9	20,8	20,6	18,4	17,2	21,3	15,9	14,8	16,0	15,5	18,5	21,1	23,5	21,8	20,2	15,4	20,8	17,9	12,5	12,2	10,0	11,1
2010	09	12,1	12,7	13,9	11,8	11,6	10,6	11,9	13,2	14,6	14,2	15,6	15,7	13,6	13,0	13,6	12,0	10,9	10,0	9,2	12,0	14,5	14,3	14,8	15,2	13,7	9,1	8,7	9,8	8,4	6,8
2010	10	9,0	10,7	10,3	11,0	11,6	11,8	11,8	10,6	8,1	6,6	6,0	4,8	3,9	4,4	7,2	7,2	6,5	4,5	5,6	5,2	3,7	4,4	6,6	6,2	3,0	3,2	4,4	7,5	7,5	3,7	4,7
2010	11	7,5	7,7	10,2	14,4	13,8	10,0	5,7	3,9	4,2	3,3	4,9	9,1	13,7	11,9	7,3	5,8	5,1	4,7	3,5	3,9	3,9	5,9	1,7	1,3	0,2	-1,3	-4,9	-3,5	-3,6	-5,7
2010	12	-8,7	-9,8	-12,6	-6,8	-5,6	-3,1	-0,5	0,4	-1,9	-3,4	1,8	0,1	-7,0	-5,3	-7,8	-8,7	-7,3	-9,0	-6,3	-0,8	-3,0	-2,0	-0,3	-0,8	-5,7	-8,6	-5,3	-6,1	-9,4	-13,6	-3,6
2011	01	-0,9	-1,2	-3,7	-8,0	-6,9	-2,0	3,5	3,8	0,4	0,8	0,5	2,3	5,4	8,6	6,6	5,5	-2,2	5,3	1,0	-1,0	-2,8	-5,1	-2,5	-2,1	0,0	-0,2	-2,2	-4,7	-9,8	-8,6	-8,9
2011	02	-8,0	-5,0	-1,5	2,8	7,1	6,6	6,2	3,1	1,6	1,6	7,5	-1,2	-0,7	-0,4	-0,9	-1,6	0,6	-0,2	-2,7	-6,5	-8,4	-10,3	-9,8	-6,7	-5,2	-3,4	-0,5	1,6
2011	03	-0,1	-0,5	-0,6	0,0	-0,1	-1,4	-3,3	-0,5	5,3	6,2	7,1	6,8	6,4	9,6	8,2	9,3	8,0	2,7	2,4	2,5	4,1	6,5	7,3	7,7	9,2	4,4	3,8	6,8	7,9	10,6	11,7
2011	04	12,7	12,7	15,1	8,2	10,4	12,9	15,4	11,9	8,3	10,2	12,0	7,6	4,5	4,9	6,7	8,3	10,8	10,8	11,8	14,0	15,6	16,7	16,7	15,2	9,9	10,5	11,2	14,4	13,6	12,8
2011	05	11,0	8,2	1,9	6,0	7,2	11,6	13,7	12,5	14,0	17,5	19,0	15,8	12,3	13,1	8,9	11,6	14,6	17,7	17,8	17,4	18,3	18,9	17,1	17,5	13,7	20,3	13,6	11,3	16,5	20,6	21,2
2011	06	14,2	15,5	20,3	21,6	22,8	18,9	20,1	19,4	14,3	16,6	16,7	14,9	17,1	16,7	19,1	22,0	18,8	14,3	13,3	14,3	17,7	21,1	17,3	14,0	13,9	16,8	20,3	20,3	20,9	16,2
2011	07	13,6	12,7	12,7	16,1	17,7	20,8	22,3	17,8	21,6	21,6	18,3	20,2	19,6	15,3	16,7	17,8	19,7	15,3	19,2	15,6	14,3	14,3	13,2	15,4	15,4	16,8	17,3	17,5	17,3	12,8	13,4
2011	08	16,1	19,3	21,2	19,5	19,2	21,3	17,2	17,0	14,2	11,9	17,6	19,0	17,9	19,5	16,2	17,8	19,5	22,8	19,2	18,7	21,3	23,8	24,2	25,3	21,3	24,5	14,1	15,5	15,3	13,0	14,3
2011	09	15,9	17,2	20,4	21,7	16,3	15,6	14,9	12,5	15,5	19,4	21,6	17,4	18,6	14,7	12,4	14,3	18,5	12,9	10,6	12,6	14,7	14,6	12,4	12,6	13,2	16,6	17,2	13,9	14,2	16,6
2011	10	15,4	16,5	16,4	17,2	15,7	16,8	7,4	6,5	5,7	11,9	14,1	8,6	6,4	3,6	3,7	4,3	4,6	11,2	5,7	4,0	2,8	-0,1	4,3	8,6	8,5	9,5	8,9	8,2	6,4	7,6	7,8
2011	11	7,4	5,6	6,2	7,0	8,3	8,9	7,3	8,1	7,6	4,5	-0,8	0,3	-0,2	-1,6	-3,3	-2,0	0,1	5,1	3,6	2,4	2,8	0,1	-1,3	-0,8	-1,0	2,5	6,0	3,3	-0,3	1,0
2011	12	3,6	3,6	5,9	7,2	2,8	1,5	2,6	3,1	4,8	1,2	-0,1	2,1	3,6	7,0	3,2	4,3	1,6	0,5	-0,8	-1,7	1,2	1,3	5,2	4,2	2,9	6,1	5,1	3,5	3,1	1,3	0,7
2012	01	7,1	8,1	5,9	4,1	2,9	2,0	2,2	3,0	2,6	3,6	4,5	5,6	0,1	0,2	-1,6	-2,3	0,5	1,0	3,1	0,7	1,6	3,6	2,3	0,5	-1,0	-4,5	-5,0	-3,2	-3,9	-5,6	-7,5
2012	02	-11,1	-14,0	-14,1	-13,0	-12,6	-14,4	-12,5	-11,3	-8,7	-14,6	-15,6	-13,3	-6,9	-3,7	0,3	-1,4	2,1	2,9	2,0	-1,6	0,1	2,0	4,4	7,3	5,7	1,4	1,2	4,8	9,8
2012	03	8,7	6,0	2,4	1,2	0,6	-1,5	0,8	2,6	2,1	5,7	5,9	6,6	6,1	4,7	4,4	11,4	11,4	11,2	4,7	6,0	9,1	9,2	10,9	10,5	11,2	7,3	9,9	11,4	7,8	6,9	4,2
2012	04	4,3	6,2	11,0	11,2	4,7	4,1	1,8	-0,8	5,2	10,6	9,1	5,7	8,0	8,8	6,8	4,6	4,1	7,5	7,9	8,6	9,3	7,4	8,4	9,0	10,5	16,9	19,4	21,4	21,4	19,0
2012	05	21,2	19,7	16,1	16,0	14,3	10,7	10,8	13,7	15,6	19,8	22,4	9,5	6,5	9,2	10,0	7,5	7,3	10,4	16,3	19,5	21,0	19,2	21,4	18,6	16,1	16,4	16,5	15,0	18,0	17,1	16,0
2012	06	12,1	12,5	15,0	13,9	9,0	11,9	18,7	18,7	17,1	12,7	14,2	15,6	14,4	12,2	18,5	22,3	21,2	23,4	20,5	23,0	19,5	18,6	18,1	21,7	15,4	14,1	17,6	20,8	25,3	26,6
2012	07	21,3	19,7	18,4	20,9	21,6	21,9	17,9	20,9	19,3	19,7	18,3	14,2	14,1	17,1	13,4	12,8	15,2	18,3	18,2	15,7	14,1	13,3	17,8	21,6	20,2	23,7	24,9	23,5	18,6	18,6	20,2
2012	08	21,7	23,3	19,4	20,9	22,5	20,3	17,2	17,0	16,6	15,4	14,7	15,4	15,6	17,1	18,7	16,8	18,0	20,9	24,5	29,5	25,0	21,2	20,2	20,4	21,9	17,2	15,7	19,3	19,9	21,5	14,2
2012	09	15,1	14,7	16,4	17,5	17,0	12,7	15,8	18,4	18,7	20,4	19,9	11,7	10,6	12,1	13,0	13,2	14,8	16,8	9,6	9,1	10,2	10,3	9,7	13,8	15,2	17,3	14,0	11,9	11,8	11,4
2012	10	10,5	12,1	12,4	12,7	13,6	15,6	8,8	7,2	6,7	6,5	5,3	6,8	8,0	8,7	7,1	6,0	10,1	11,1	9,3	8,0	7,8	9,1	8,6	7,2	8,3	3,0	-0,7	-0,7	-1,4	2,4	5,1
2012	11	4,4	6,9	10,8	8,4	6,5	3,4	6,4	6,5	5,5	3,9	5,6	6,8	4,2	-1,1	0,5	3,4	3,8	3,1	3,2	3,1	5,4	5,9	5,7	4,4	7,4	5,4	5,4	6,1	1,4	0,1
2012	12	-2,0	-2,0	-0,9	1,2	-1,1	-3,4	-6,8	-6,9	-4,1	0,2	-4,2	-8,0	-5,0	-5,1	0,1	3,2	2,6	2,4	2,1	-0,3	-1,8	-0,3	0,8	5,9	4,8	5,6	6,1	-0,3	0,1	0,8	3,2
2013	01	2,7	2,3	3,9	7,8	6,1	5,9	3,4	4,2	4,3	2,1	-3,3	-5,5	-4,3	-4,1	-5,1	-3,6	-4,0	-6,7	-7,1	-5,1	-5,5	-7,5	-6,2	-6,5	-9,6	-11,8	-2,1	-0,1	3,6	8,2	5,2
2013	02	3,9	1,1	-0,2	2,6	2,5	-0,2	-1,1	-1,6	-2,4	-3,1	-3,8	-2,7	-2,7	-2,2	-1,0	-0,2	-0,4	-0,5	-1,5	-4,3	-5,6	-5,7	-4,0	-0,2	2,2	0,8	0,2	1,2
2013	03	0,5	-1,4	-1,0	0,3	1,9	3,3	6,0	5,0	3,6	6,6	-3,7	-4,2	-5,1	-6,0	-5,6	-3,4	-0,6	-0,2	1,1	4,3	0,2	-2,7	-5,2	-5,0	-3,6	-2,9	-3,3	-0,2	0,9	1,1	-0,9
2013	04	-1,2	0,2	-0,4	0,1	0,9	1,0	1,4	3,7	6,0	6,7	10,5	8,7	8,5	10,6	14,3	13,9	15,6	18,0	10,2	7,4	13,0	12,8	11,9	13,3	17,0	18,9	11,6	7,0	10,2	10,7
2013	05	9,8	12,0	9,5	11,6	13,8	14,0	16,7	16,6	16,9	12,5	11,3	10,7	9,2	12,5	16,5	17,9	17,5	13,3	15,4	11,6	12,0	8,6	7,4	7,7	7,5	6,2	9,4	11,8	12,0	9,9	11,2
2013	06	11,9	9,6	8,4	11,6	14,2	14,5	15,8	18,3	16,7	13,9	14,9	17,9	20,7	15,6	18,1	18,5	22,9	26,7	26,0	26,3	19,2	20,3	18,2	13,2	10,8	9,9	12,0	13,5	14,5	11,7
2013	07	17,1	19,6	18,8	17,9	18,1	18,9	18,8	20,2	21,4	20,2	14,4	15,9	17,2	18,9	17,0	19,2	20,7	22,0	21,3	18,8	20,2	23,1	23,0	21,4	21,7	25,1	27,1	29,5	20,8	17,8	19,7
2013	08	22,3	24,9	26,9	20,2	21,6	23,5	22,7	22,9	15,1	16,4	16,2	18,5	16,4	14,8	16,7	18,7	20,6	22,7	16,5	13,3	15,3	16,0	16,1	17,5	13,9	14,8	13,8	15,2	15,6	17,2	18,0
2013	09	11,9	13,6	17,3	17,1	17,3	17,0	17,8	18,9	13,4	12,1	11,7	10,9	12,0	14,9	15,2	12,6	8,3	10,1	8,9	11,3	10,5	12,4	14,2	13,6	12,1	10,2	6,2	8,0	8,4	7,5
2013	10	5,4	4,3	4,1	4,7	7,6	8,2	9,5	9,3	9,6	9,8	6,6	8,0	7,5	5,9	8,8	7,2	10,4	7,6	8,1	12,3	14,0	13,0	13,1	13,1	10,2	14,4	13,6	15,4	9,9	6,7	5,3
2013	11	6,1	11,2	8,2	8,8	4,0	7,0	12,4	12,2	7,2	5,0	4,4	2,6	1,7	0,5	2,1	4,3	1,0	4,4	5,9	3,8	3,8	5,3	4,9	2,6	-1,3	-1,6	-3,0	1,1	1,7	3,2
2013	12	2,8	1,4	-2,9	-1,5	2,3	0,0	0,2	3,6	5,4	6,3	4,0	0,4	-0,8	0,9	2,6	2,7	-2,9	-3,2	-2,2	0,6	0,8	5,1	6,3	1,0	2,1	3,2	4,5	0,4	3,1	0,1	-2,7
2014	01	0,2	0,9	4,1	5,0	3,7	3,2	6,6	6,0	7,8	4,1	3,6	0,7	0,9	0,2	0,8	1,3	2,2	2,2	3,7	2,9	-1,3	-2,4	-3,1	-2,7	-10,6	-8,9	-3,6	-3,1	-3,6	-1,9	-0,2
2014	02	0,2	-0,7	-2,0	-1,6	0,0	2,8	3,6	5,2	3,3	1,4	3,0	0,5	4,0	2,6	3,6	5,1	3,6	2,7	5,1	5,4	4,5	3,1	3,6	3,8	1,6	2,7	4,2	3,6
2014	03	2,3	3,2	5,6	4,6	5,6	5,3	4,8	4,7	5,4	5,2	6,3	5,6	7,9	7,9	6,4	10,0	9,7	9,6	8,4	12,9	14,6	12,0	4,1	2,9	3,4	4,9	7,5	6,6	8,9	10,5	9,5
2014	04	10,5	12,4	13,7	13,3	10,8	12,1	14,2	12,0	7,5	6,6	7,8	9,5	10,7	6,5	5,1	5,0	6,7	4,8	12,6	11,8	11,8	12,3	14,4	13,9	13,0	14,7	13,9	13,3	11,8	14,0
2014	05	11,9	8,0	5,2	6,2	7,6	13,7	11,5	12,3	14,4	12,6	10,3	9,6	9,0	7,3	9,6	9,3	9,8	9,8	14,9	17,3	19,1	21,4	18,8	14,3	17,4	18,4	15,6	13,1	7,7	10,0	13,8
2014	06	13,6	13,7	13,6	16,0	14,7	17,8	20,5	24,1	24,6	25,2	23,0	18,0	15,9	13,2	13,3	16,1	15,3	17,4	16,8	12,3	12,2	14,0	15,6	15,9	11,6	14,0	17,5	18,5	15,5	13,7
2014	07	15,4	16,4	18,1	22,4	21,0	23,2	23,3	19,3	14,3	12,8	17,0	16,4	16,1	18,2	21,0	21,5	21,0	23,9	24,7	26,0	21,3	22,3	19,8	17,0	21,0	20,9	21,1	20,2	20,7	20,2	18,8
2014	08	19,9	23,0	21,1	17,0	17,2	18,8	19,5	20,3	21,0	23,2	16,3	16,3	16,4	15,3	14,6	13,2	15,0	16,0	16,0	14,5	14,2	14,9	14,7	11,4	13,7	12,7	12,3	15,0	16,1	16,3	14,2
2014	09	13,2	13,0	14,5	17,8	18,5	19,4	18,5	17,9	15,4	14,0	13,4	15,0	15,8	15,6	17,4	16,4	16,0	15,2	17,4	16,3	14,9	10,3	7,8	9,8	10,9	12,6	13,2	13,0	14,6	15,2
2014	10	14,2	13,8	12,3	10,2	11,6	10,6	10,9	13,2	14,2	13,5	14,5	13,4	14,3	13,3	11,9	14,0	12,7	11,5	13,6	13,6	11,4	6,1	8,6	6,8	5,7	8,4	5,1	2,7	4,0	6,6	9,2
2014	11	9,0	6,3	6,4	8,3	8,9	8,0	7,9	6,0	6,3	8,4	10,5	10,3	10,1	9,8	10,6	7,5	6,4	7,3	4,1	4,4	3,9	2,5	3,5	4,4	2,9	0,1	1,6	1,0	1,2	0,9
2014	12	-1,1	-1,3	0,7	4,9	3,8	3,4	3,0	0,8	-1,5	-0,4	3,5	6,0	7,9	7,2	7,2	4,2	3,1	8,3	8,2	3,1	4,1	6,5	8,2	5,9	2,5	-1,8	-4,8	-6,2	-5,4	-5,2	-1,0
2015	01	1,5	1,7	0,8	0,9	1,1	-0,9	-0,3	3,9	6,5	9,4	2,2	3,9	5,8	5,1	2,7	2,2	2,1	2,3	0,9	-0,2	-0,1	2,5	-0,7	-1,0	0,5	0,4	0,8	1,3	1,1	-0,4	-0,8
2015	02	0,2	-0,7	-0,9	-3,1	-3,4	-3,7	-2,3	-1,7	2,1	3,1	1,6	0,1	0,0	-0,5	1,9	1,5	-0,6	0,5	-1,2	3,5	1,3	1,6	2,9	3,4	2,1	2,0	0,7	2,5
2015	03	2,7	4,1	3,5	3,0	2,3	2,7	4,7	6,2	4,8	6,0	3,2	2,5	2,4	2,3	4,9	7,3	8,0	6,5	5,6	5,3	5,6	2,0	3,0	6,5	10,0	9,1	5,9	4,7	8,7	3,7	5,2
2015	04	2,6	1,3	2,2	1,6	1,5	0,8	4,3	5,9	8,6	10,5	13,0	10,3	7,9	10,3	15,5	13,6	7,2	4,8	7,2	10,9	13,1	7,3	10,6	12,0	15,3	14,4	14,2	4,9	7,7	8,4
2015	05	9,0	9,1	12,5	17,0	19,9	12,9	11,9	13,4	13,3	12,3	12,9	18,9	14,5	11,3	11,7	14,8	12,4	15,4	15,2	9,3	11,1	12,3	14,2	13,9	14,1	10,9	9,8	13,2	14,9	12,5	15,3
2015	06	17,2	19,0	21,4	17,1	20,2	24,1	17,3	13,4	10,4	15,2	17,6	21,9	19,1	19,3	14,8	12,6	13,5	14,5	11,0	12,0	12,9	13,3	10,3	13,2	16,5	17,9	16,7	16,5	18,8	20,9
2015	07	21,3	23,3	25,1	27,2	26,2	22,1	26,2	19,0	14,5	14,6	18,9	21,1	17,3	18,0	19,3	22,8	24,1	26,2	23,1	21,2	25,6	29,5	21,7	23,6	18,7	16,8	16,6	17,7	14,9	15,3	16,6
2015	08	20,1	20,6	23,4	26,1	23,5	26,5	29,1	29,2	24,5	27,5	27,6	26,9	26,8	27,4	23,3	19,8	16,6	14,7	15,2	17,1	17,4	16,8	18,5	19,8	16,4	19,7	22,8	22,9	22,5	25,5	26,1
2015	09	24,0	15,9	16,0	14,5	13,8	11,1	10,3	12,2	11,8	10,3	13,0	14,9	17,2	14,7	16,1	19,7	19,3	15,4	15,4	11,7	12,0	14,1	11,9	12,0	13,7	12,6	11,0	10,2	10,0	8,1
2015	10	8,7	10,5	12,1	12,6	13,2	13,3	13,6	12,7	10,3	7,8	4,3	2,2	2,2	4,5	9,3	6,8	5,9	5,7	6,9	6,5	7,8	9,1	7,9	6,1	9,6	8,3	9,0	8,0	8,1	8,4	8,8
2015	11	6,1	3,0	1,8	3,5	9,6	11,3	14,1	12,2	13,4	13,9	11,9	9,8	9,3	5,6	9,6	10,5	10,9	11,3	10,5	5,1	1,7	0,4	-0,2	-1,0	0,7	2,0	1,9	0,3	4,8	7,2
2015	12	6,7	7,9	5,4	4,2	4,4	6,1	6,0	1,9	3,3	1,1	2,8	4,0	3,8	1,6	4,0	4,6	9,1	8,9	7,9	3,9	5,0	9,0	7,4	4,4	9,0	10,0	8,2	7,9	3,4	0,3	-2,5
