title	Denní úhrn slunečního svitu v hod.	 	 	 	 	 	 	 	 	 	 	 	 	 	 	 	 	 	 	 	 	 	 	 	 	 	 	 	 	 	 	 	 
1961	01	0,4	0,0	0,0	1,0	2,2	4,8	1,0	0,0	3,4	4,5	0,0	5,7	4,4	2,3	0,0	0,0	5,3	7,2	6,6	6,7	0,0	0,0	0,0	0,0	0,0	5,9	6,5	6,2	6,4	0,1	1,6
1961	02	0,0	3,3	4,3	3,4	5,7	0,0	4,8	4,2	0,3	0,0	2,5	0,0	0,4	0,0	3,1	0,0	8,2	0,4	0,0	0,3	2,7	0,0	0,0	3,5	2,6	2,8	0,4	0,0
1961	03	2,9	4,5	0,0	1,9	8,6	4,1	8,3	9,0	8,9	8,9	3,3	6,8	0,0	1,2	3,2	9,0	9,0	6,8	5,3	3,6	6,0	4,3	0,9	3,1	4,2	8,3	5,1	4,5	0,0	1,0	0,0
1961	04	4,2	0,6	3,3	1,0	8,7	11,2	9,9	3,4	10,3	10,0	5,8	10,2	9,8	11,3	6,5	0,0	6,8	6,5	1,2	9,9	11,5	11,1	4,9	11,0	12,7	11,8	0,8	9,8	3,0	6,4
1961	05	0,1	8,0	6,9	4,3	2,5	1,6	4,6	11,2	2,9	5,9	4,8	2,2	3,4	12,2	5,7	7,4	0,8	9,1	0,9	4,9	5,6	6,1	10,4	12,4	10,1	8,6	3,7	0,0	0,0	0,0	6,1
1961	06	12,8	13,4	1,8	1,5	3,8	0,5	5,4	0,6	7,8	5,2	0,8	10,5	1,3	3,3	8,1	13,0	14,2	14,2	0,9	14,2	12,2	11,4	13,1	14,3	14,5	7,6	6,6	13,0	14,2	14,7
1961	07	14,8	14,7	13,8	9,4	9,0	7,4	12,1	10,4	2,7	3,1	11,0	13,6	2,4	8,5	9,0	9,6	7,1	4,5	3,5	4,6	0,9	2,0	1,5	6,3	7,5	12,8	0,0	0,0	3,4	0,5	6,0
1961	08	12,1	0,9	10,0	3,1	9,2	10,7	2,9	5,6	3,2	11,0	6,1	0,0	5,3	5,9	0,2	4,4	0,0	1,3	4,4	5,8	10,5	5,9	4,4	0,8	5,3	10,8	10,2	10,4	11,3	11,9	12,1
1961	09	12,5	12,4	6,5	6,8	7,9	2,7	3,7	2,9	0,3	0,0	6,2	3,2	9,2	4,2	8,7	11,4	10,8	9,4	5,5	8,6	9,8	10,2	10,1	9,1	6,5	5,4	1,4	6,0	8,4	5,7
1961	10	4,6	8,2	7,8	1,0	8,6	9,1	5,8	0,0	7,8	9,2	9,1	0,9	4,9	7,9	5,8	8,7	1,7	0,0	3,8	3,1	0,0	8,4	5,7	8,6	0,0	3,0	0,0	2,0	3,4	4,2	3,5
1961	11	1,6	5,9	1,1	1,8	0,0	0,0	0,0	0,0	0,9	0,0	0,0	3,4	0,7	0,0	0,0	0,0	0,0	0,0	5,6	4,2	7,1	5,5	0,0	0,0	0,0	0,0	0,0	3,1	3,6	0,7
1961	12	1,0	4,0	4,6	3,2	5,4	0,0	0,0	6,3	2,3	0,0	1,0	0,0	0,0	1,9	1,2	1,5	6,3	0,0	4,8	2,2	0,0	0,0	5,6	4,5	4,4	0,0	0,0	0,0	4,2	0,0	0,0
1962	01	0,0	0,7	3,9	0,8	0,0	0,0	3,5	0,0	0,3	0,2	0,0	4,8	3,3	2,9	6,9	5,2	5,4	2,9	2,5	1,1	0,0	4,9	5,9	0,0	2,3	0,0	0,7	3,6	1,2	1,1	7,7
1962	02	6,2	0,0	3,6	0,0	2,2	2,7	3,2	0,2	5,3	6,8	4,1	0,0	0,0	5,9	4,2	0,0	5,2	8,7	0,0	0,0	5,6	0,0	2,5	0,0	3,8	2,6	0,0	0,0
1962	03	0,0	1,9	2,8	0,3	2,9	0,8	5,7	8,5	7,8	4,3	0,0	0,8	8,0	10,5	3,6	2,0	1,6	7,3	5,5	7,2	3,1	9,3	1,3	8,9	4,4	6,0	2,9	5,1	0,0	1,1	0,8
1962	04	9,0	5,0	10,1	0,4	5,5	2,1	6,4	3,5	0,6	6,2	10,0	10,9	0,0	4,2	0,0	3,7	0,3	3,4	7,3	9,4	10,5	12,6	12,4	12,4	11,5	7,9	1,5	4,0	5,4	1,8
1962	05	5,3	6,9	3,5	4,4	2,5	7,1	2,2	2,2	4,3	13,4	10,6	3,9	3,6	1,3	3,5	4,3	1,5	11,7	10,4	2,6	12,8	4,4	4,1	0,0	3,7	0,0	7,5	8,5	7,9	11,5	11,4
1962	06	0,0	10,0	6,1	8,5	4,1	15,0	5,4	15,1	13,3	7,9	6,3	3,1	12,9	9,9	11,0	8,0	7,9	7,5	9,3	6,8	9,7	12,4	13,8	14,6	11,7	13,1	9,7	0,9	6,7	4,0
1962	07	0,1	2,7	0,0	4,9	4,8	6,6	0,5	10,8	11,9	10,4	6,4	9,0	5,3	0,9	2,3	2,0	0,9	0,7	11,5	5,8	10,9	10,3	14,0	12,8	13,9	11,6	10,0	4,6	11,1	9,4	8,1
1962	08	12,7	10,4	5,0	12,8	4,8	8,9	0,5	12,2	13,1	9,6	9,0	13,3	12,7	10,1	2,2	10,1	2,6	7,7	9,1	7,3	8,3	7,8	9,2	5,4	9,3	12,4	12,4	6,2	4,9	11,2	10,9
1962	09	9,9	11,1	11,5	9,5	5,2	0,0	3,1	5,3	9,9	11,5	1,0	10,2	0,5	8,1	10,4	4,9	0,3	0,0	2,1	5,5	5,1	4,0	0,0	7,0	7,7	9,7	8,1	1,8	7,2	8,4
1962	10	8,8	7,7	9,3	6,1	4,1	0,3	3,5	7,4	9,0	9,2	8,8	2,3	1,1	0,0	1,4	4,9	2,7	8,4	4,6	0,0	6,5	5,5	6,3	7,5	6,1	7,7	0,0	0,0	0,4	8,5	0,0
1962	11	0,0	0,0	5,1	0,0	5,8	4,1	0,0	2,7	0,5	0,0	0,0	0,0	0,0	0,0	0,0	2,0	2,6	1,3	1,6	2,6	4,6	0,0	7,1	0,0	4,0	0,0	0,0	0,0	0,0	0,0
1962	12	2,3	5,5	6,8	1,6	4,7	0,0	0,7	2,2	0,0	1,8	1,2	0,4	0,0	3,8	1,7	0,8	2,0	0,0	0,0	0,0	0,9	4,1	0,5	0,0	3,6	0,0	5,3	2,0	0,0	0,0	0,0
1963	01	0,0	0,0	0,0	0,0	1,8	1,7	0,0	0,0	0,0	0,5	6,4	4,3	6,3	2,4	2,2	5,2	5,0	1,5	7,0	6,5	1,4	6,3	0,2	0,0	0,0	0,4	2,1	0,0	2,9	1,2	0,0
1963	02	7,0	2,7	0,0	5,3	7,5	2,0	3,0	0,0	0,0	0,0	0,0	0,0	0,0	2,4	2,6	2,8	1,3	0,7	1,2	0,0	0,2	3,1	8,4	6,8	9,0	0,0	8,7	8,9
1963	03	8,9	8,9	7,9	0,0	9,0	5,8	3,9	7,8	2,7	2,0	7,1	1,1	0,2	3,4	0,4	0,0	0,0	0,0	0,0	0,0	0,0	0,0	8,6	7,3	10,3	0,0	0,0	1,9	4,8	0,6	0,0
1963	04	0,0	0,0	6,8	10,2	8,0	6,5	6,2	10,6	10,7	5,1	0,3	6,5	0,0	4,7	5,3	0,7	7,0	2,7	7,9	3,5	5,6	0,7	12,5	11,2	10,2	0,0	13,0	11,3	3,8	0,0
1963	05	10,3	0,0	0,0	0,0	0,0	2,1	9,9	9,1	6,6	4,2	3,5	0,1	11,4	1,9	4,9	9,9	7,9	0,5	3,7	10,6	14,0	14,2	13,6	10,8	0,0	0,4	7,0	7,4	13,8	14,7	13,0
1963	06	6,7	10,7	14,6	14,8	7,4	13,9	10,5	9,5	0,1	5,8	3,5	14,0	13,6	8,1	0,0	12,6	4,6	6,6	10,6	0,4	1,9	8,2	6,2	12,1	6,8	8,7	14,3	11,8	7,0	8,2
1963	07	1,0	10,4	12,7	6,6	10,8	7,7	14,3	2,7	4,1	7,4	5,6	10,5	9,7	7,2	14,0	13,6	10,7	12,4	7,7	3,9	8,5	13,5	13,0	8,9	12,7	0,0	10,8	7,2	10,7	14,0	14,3
1963	08	13,2	13,4	13,3	9,1	11,9	11,6	8,3	1,2	7,7	8,2	7,9	7,9	10,5	7,9	1,8	7,8	10,9	3,2	4,3	1,6	0,0	5,3	5,9	11,9	9,1	11,3	7,3	0,4	6,8	0,0	0,5
1963	09	7,9	3,9	6,2	10,4	0,0	7,2	0,0	4,4	0,0	6,4	10,5	9,3	7,4	10,1	9,8	9,2	9,2	3,6	0,9	6,3	4,9	6,1	6,1	9,1	3,1	6,5	5,0	5,6	3,8	0,6
1963	10	2,4	7,0	7,3	5,9	6,9	3,1	0,0	8,4	3,5	0,0	4,2	9,5	9,6	7,1	3,0	9,6	5,9	4,0	7,7	8,9	2,3	6,3	6,4	0,3	5,6	2,1	0,0	8,5	7,0	5,8	7,5
1963	11	3,0	2,3	0,0	3,4	0,0	0,8	0,0	2,1	0,6	2,5	6,3	2,4	2,4	5,2	0,0	0,0	2,1	2,1	0,5	0,0	1,1	0,0	4,3	7,8	2,6	0,0	0,0	2,7	3,8	3,8
1963	12	0,0	6,9	6,3	0,0	2,6	0,1	0,0	0,0	5,9	0,0	0,0	0,0	0,0	3,4	0,0	0,0	3,9	0,8	6,3	0,0	1,2	0,3	5,9	5,4	0,0	0,0	2,6	3,8	0,0	2,6	0,0
1964	01	0,0	2,3	2,7	5,3	0,0	0,0	0,0	0,0	0,0	0,0	5,2	2,6	0,0	0,0	4,6	1,1	5,9	6,6	6,0	5,5	7,4	6,1	0,0	1,4	0,0	0,0	0,0	0,0	5,2	2,1	4,3
1964	02	0,1	4,5	0,0	4,7	4,3	1,7	5,5	0,0	0,9	5,3	0,0	3,3	8,0	7,9	5,3	1,1	0,0	0,1	0,0	8,8	8,5	8,9	8,9	1,3	0,0	0,0	0,0	0,0	0,0
1964	03	7,4	0,0	0,0	0,0	4,9	1,8	4,4	7,0	4,5	0,0	0,0	8,2	0,0	0,0	0,0	8,6	7,9	8,9	7,0	0,0	0,0	2,4	4,0	2,5	0,7	0,0	0,0	0,0	0,0	4,1	0,0
1964	04	0,0	1,2	5,5	0,0	0,0	0,0	2,8	5,2	0,0	8,9	8,6	3,6	0,0	4,8	4,7	12,8	12,9	13,2	11,5	8,9	0,0	9,4	1,8	4,4	8,7	12,2	13,3	11,2	8,1	9,5
1964	05	7,0	9,2	0,0	6,8	8,5	9,5	9,3	1,7	10,7	10,4	8,5	7,1	13,4	0,0	6,7	11,7	11,7	12,8	6,1	0,7	0,0	9,8	14,1	14,1	14,4	12,1	12,8	12,4	6,2	9,8	10,0
1964	06	8,6	10,2	9,7	14,3	15,1	9,1	12,8	7,2	11,2	14,8	14,4	14,9	14,9	11,6	0,0	0,0	2,2	12,0	6,6	4,0	0,4	3,9	14,2	5,3	1,6	6,8	10,8	7,7	3,5	7,1
1964	07	1,2	2,7	13,2	0,4	8,5	9,3	13,0	13,7	11,4	0,0	9,8	9,7	10,6	7,3	11,6	2,1	8,8	13,7	13,1	9,4	8,1	4,4	5,0	2,1	10,0	12,4	12,7	6,7	7,4	11,0	12,3
1964	08	0,6	6,6	2,1	2,2	11,8	12,3	12,2	3,6	2,2	0,0	0,0	9,2	0,0	0,0	6,8	5,4	11,0	7,5	4,8	5,1	5,1	0,0	8,1	11,0	6,0	11,9	12,4	12,0	6,0	4,5	6,8
1964	09	2,0	11,6	11,5	11,0	10,7	1,1	0,2	1,5	2,4	3,4	10,8	7,4	11,1	11,0	10,1	9,4	8,3	7,3	5,1	2,6	6,0	4,2	9,9	10,6	9,9	9,3	2,5	9,2	9,3	5,5
1964	10	9,8	8,7	6,4	9,6	9,7	9,4	7,7	0,0	0,0	6,1	4,2	2,7	0,0	1,7	4,4	4,4	0,9	0,4	1,3	0,0	0,0	0,0	1,7	2,4	0,0	8,2	2,1	6,8	7,4	4,2	0,0
1964	11	4,6	0,0	0,0	0,0	0,0	0,0	0,0	0,0	7,0	0,0	0,0	0,0	0,5	0,0	0,1	0,0	3,1	2,0	5,1	0,6	0,0	0,2	0,3	0,0	1,4	5,6	0,0	0,0	0,0	0,0
1964	12	0,0	0,0	0,0	5,8	1,1	0,0	0,0	5,9	5,6	2,2	0,0	0,0	0,7	0,6	0,0	0,0	0,0	0,8	0,0	1,3	0,0	2,0	4,5	0,0	0,0	0,0	0,0	0,0	0,6	5,4	0,0
1965	01	0,0	0,0	0,0	1,1	0,5	0,0	1,6	0,0	0,2	0,2	1,5	0,6	0,0	0,0	5,8	2,1	0,5	2,5	2,7	5,8	0,0	0,0	0,3	3,6	0,0	0,0	0,0	0,0	0,0	0,0	0,0
1965	02	1,5	2,6	0,0	0,0	0,0	0,0	0,0	5,8	2,6	1,1	5,4	0,0	0,5	1,9	5,4	0,0	5,5	0,0	0,0	1,5	1,3	0,3	3,0	7,1	1,1	9,7	6,6	0,8
1965	03	1,0	0,0	0,0	4,0	1,8	0,0	0,0	9,1	4,0	8,0	9,2	0,0	0,0	3,4	5,4	0,0	6,8	5,1	5,3	4,8	0,2	7,7	4,5	3,1	2,9	0,0	2,0	0,0	2,5	7,8	11,2
1965	04	11,3	10,8	11,3	8,0	6,5	8,2	1,8	3,5	0,0	0,0	4,5	2,2	4,5	0,8	8,5	0,0	5,4	6,4	9,4	6,9	1,5	0,0	0,4	5,2	0,6	5,9	1,1	1,5	2,8	4,2
1965	05	9,1	12,7	13,1	2,8	2,1	3,2	4,0	1,3	1,6	2,3	0,0	8,4	5,8	6,6	7,5	5,8	11,1	0,0	0,7	5,5	10,8	7,6	0,0	2,2	7,2	8,2	9,6	0,0	0,0	13,9	5,7
1965	06	0,0	11,9	11,4	0,0	0,0	0,0	5,8	5,9	1,6	5,1	4,5	5,8	0,0	8,1	10,8	12,4	0,0	8,2	8,1	11,7	11,1	11,4	14,2	12,2	14,4	11,7	5,2	12,9	13,7	13,7
1965	07	4,8	7,0	0,7	4,4	7,7	1,5	9,9	0,0	10,0	6,0	4,1	1,9	14,1	12,9	4,3	3,6	3,2	0,3	1,9	10,1	3,9	13,5	10,7	11,2	8,7	8,8	3,2	5,9	4,4	8,6	7,3
1965	08	6,8	9,5	2,5	4,2	12,5	9,3	12,2	9,0	0,4	1,2	8,5	8,9	12,6	13,0	9,6	10,6	9,5	9,1	9,6	11,5	9,0	10,9	4,9	2,2	0,0	7,6	6,6	7,4	4,3	7,8	9,6
1965	09	0,0	6,0	0,6	7,6	10,6	1,0	4,8	8,3	2,1	0,9	2,2	8,4	8,0	2,3	8,0	11,0	11,1	9,1	6,0	8,1	7,2	9,8	2,1	2,1	6,7	8,8	7,1	0,0	8,2	8,4
1965	10	5,9	1,1	3,8	5,6	6,5	6,9	4,9	0,0	4,6	9,8	9,0	8,8	9,6	8,5	9,1	3,6	1,8	4,6	2,6	3,6	7,7	8,1	9,0	8,6	4,1	7,8	8,4	6,1	6,1	8,1	0,0
1965	11	1,1	5,1	1,8	3,2	8,3	4,0	0,0	0,0	0,7	0,0	0,0	0,9	0,0	0,0	0,2	4,4	0,0	0,0	2,9	0,0	0,0	0,3	4,0	1,2	6,2	0,0	0,0	0,0	4,1	1,1
1965	12	2,7	5,8	0,5	0,9	0,0	7,2	0,0	2,5	5,0	3,4	5,8	4,0	0,0	5,0	0,0	0,0	0,0	0,0	1,2	0,0	0,0	2,9	3,1	1,6	0,0	2,4	2,4	3,9	6,5	0,1	2,9
1966	01	0,0	4,8	2,1	0,0	5,5	3,0	0,0	4,8	0,0	0,0	0,0	0,0	0,2	0,0	6,0	3,1	1,8	4,2	1,4	4,5	0,0	0,0	0,0	0,0	0,0	0,0	0,0	0,0	6,3	1,3	0,0
1966	02	0,0	2,8	0,0	1,6	3,1	3,4	3,4	0,0	0,4	0,0	1,5	0,0	0,0	0,0	0,0	0,0	0,0	0,2	0,0	7,7	4,0	1,7	2,6	5,7	0,4	4,9	4,2	3,3
1966	03	3,2	0,5	3,2	1,5	0,0	3,5	0,2	3,2	3,6	2,2	0,3	4,7	0,0	0,5	2,8	4,8	0,0	0,0	3,8	10,8	9,8	8,0	1,4	3,8	8,0	6,0	0,0	8,1	4,1	6,5	2,7
1966	04	3,7	10,5	9,8	1,7	6,1	9,4	2,2	0,4	8,2	0,0	4,4	0,0	6,5	8,9	0,4	7,1	0,0	6,3	5,5	5,4	0,0	10,5	11,3	9,5	0,6	3,1	11,4	11,5	7,0	12,2
1966	05	13,2	13,6	12,9	10,4	1,4	0,0	0,0	0,5	0,0	1,6	8,6	13,3	13,6	13,1	12,1	12,3	13,7	13,5	6,3	4,5	8,3	11,5	4,0	12,5	6,6	1,5	0,0	1,3	8,2	12,7	9,7
1966	06	9,2	4,7	10,2	12,0	13,3	11,0	6,2	6,5	8,7	4,9	12,6	8,9	10,1	10,1	12,2	13,8	13,3	5,2	0,0	5,4	2,8	12,5	14,1	3,0	4,7	4,2	4,9	6,2	0,3	4,4
1966	07	10,0	11,0	13,6	11,8	5,9	0,0	2,2	1,5	8,4	4,3	10,2	13,1	5,0	3,6	5,6	4,1	1,8	6,1	5,2	7,3	1,4	2,1	6,1	2,3	7,8	5,3	6,4	1,0	9,1	10,8	11,9
1966	08	9,8	3,2	1,6	2,2	10,1	9,6	3,6	9,0	3,9	12,7	12,1	12,2	13,2	11,6	0,0	2,9	11,3	11,7	3,5	1,0	3,8	5,7	3,7	5,9	0,0	0,0	3,3	8,8	9,2	5,7	0,0
1966	09	5,0	2,8	5,3	8,7	1,9	0,0	11,0	2,4	3,1	9,6	9,1	10,1	5,4	7,4	10,0	2,5	9,3	5,0	10,2	9,8	9,2	8,2	2,3	1,0	0,0	2,8	0,2	4,4	7,0	0,0
1966	10	1,7	7,6	6,1	9,5	0,0	6,4	8,1	9,1	8,3	4,2	0,8	0,0	0,0	0,0	0,0	5,3	0,0	1,8	0,7	4,3	1,8	4,6	0,1	0,4	0,0	0,0	0,0	0,0	0,0	8,7	4,0
1966	11	0,0	0,0	0,0	0,0	7,4	7,7	0,0	0,0	0,5	2,9	3,2	0,7	3,7	3,2	1,2	3,9	0,8	0,0	0,0	6,1	0,8	6,6	0,0	0,0	0,0	5,7	0,0	0,0	0,0	4,1
1966	12	1,2	1,5	2,3	6,1	0,6	0,0	0,0	0,5	2,7	0,0	1,5	0,0	3,9	0,3	0,0	0,2	0,0	0,0	1,0	0,0	3,1	5,1	0,0	0,4	3,7	2,1	1,0	0,0	5,9	5,1	3,2
1967	01	1,5	4,0	3,3	1,2	0,0	5,5	0,0	0,9	0,0	4,4	0,0	3,1	0,0	0,0	0,0	2,7	1,4	6,8	0,0	6,3	0,0	0,0	5,1	0,0	2,3	2,1	2,6	0,0	2,5	3,1	0,0
1967	02	2,6	0,0	0,0	2,6	0,4	4,9	5,8	4,1	3,6	1,1	5,0	6,6	8,6	8,3	8,3	8,3	1,8	0,8	1,9	2,6	4,6	6,3	3,2	6,9	8,1	7,1	2,4	0,0
1967	03	8,6	1,2	0,3	0,2	8,0	0,0	3,6	1,0	2,7	4,5	1,2	7,1	1,1	8,1	6,2	5,2	4,2	2,3	1,1	3,3	0,0	6,9	1,7	8,5	6,5	9,4	8,9	0,0	5,7	9,0	9,5
1967	04	8,0	5,3	0,0	1,8	1,1	2,9	8,9	9,8	2,9	9,0	8,6	9,1	5,1	3,0	7,9	11,7	12,0	4,4	8,8	4,8	0,0	4,1	6,7	4,7	0,0	0,0	0,0	0,4	11,0	12,8
1967	05	10,1	3,0	0,0	6,8	12,5	6,0	11,8	6,8	11,9	11,4	12,2	12,3	10,7	9,7	9,1	9,2	0,0	0,8	12,0	0,5	7,7	11,3	0,8	3,9	3,8	4,4	10,8	13,3	10,7	0,0	3,6
1967	06	8,8	3,9	10,7	13,4	2,4	11,2	10,7	0,0	0,1	1,2	7,2	0,0	6,6	2,3	2,1	0,9	9,8	10,1	13,4	7,8	0,0	13,4	14,1	13,5	13,7	12,4	7,2	5,0	14,3	8,9
1967	07	12,0	11,0	11,0	5,5	3,0	8,2	11,8	3,7	0,0	3,0	6,0	13,4	13,6	12,3	3,4	2,5	7,7	12,1	14,2	10,3	10,3	7,0	6,2	12,1	9,8	6,9	12,2	11,3	6,7	12,4	12,3
1967	08	6,1	10,1	10,2	0,7	0,6	9,5	4,8	10,0	12,2	4,1	3,4	6,6	1,0	8,9	8,2	10,5	3,8	10,2	7,6	0,0	5,7	4,2	10,4	10,1	3,8	2,0	5,8	9,6	9,4	5,8	6,2
1967	09	4,5	3,1	8,8	3,8	9,9	8,9	0,3	0,0	0,0	0,0	0,0	0,0	0,0	2,5	9,2	1,6	5,5	0,9	6,6	8,1	0,4	3,6	8,1	10,2	10,2	6,2	6,6	8,8	9,5	7,7
1967	10	8,5	4,7	1,2	4,0	5,1	6,4	1,0	5,2	0,5	7,2	9,2	9,7	4,1	4,7	3,1	1,5	5,3	2,7	8,3	5,4	8,9	7,8	6,2	2,0	6,3	4,5	5,5	7,3	0,8	5,9	8,1
1967	11	3,3	5,4	0,0	7,1	0,0	0,7	5,2	0,0	0,0	1,6	3,7	1,0	7,7	6,8	0,0	0,0	7,0	1,7	5,4	7,1	1,6	0,0	0,0	0,3	0,4	0,0	0,0	5,2	4,9	4,3
1967	12	2,8	0,0	7,0	0,7	0,0	0,0	4,5	1,6	0,0	3,7	1,6	0,0	0,0	0,0	0,0	0,0	5,1	0,0	0,0	4,9	0,9	0,4	0,0	5,4	2,3	0,7	0,0	2,6	0,0	0,0	0,2
1968	01	0,0	3,6	3,9	0,0	1,2	0,4	0,0	5,5	1,9	2,7	2,5	0,0	6,1	0,0	0,0	1,4	1,4	0,3	2,4	0,1	0,0	0,7	0,0	1,4	1,9	2,5	4,6	0,0	0,9	0,0	3,7
1968	02	7,5	0,3	0,1	0,0	0,0	0,0	0,0	0,1	5,3	0,0	0,7	0,0	0,8	0,0	2,2	3,6	5,9	4,4	8,9	0,0	0,0	3,7	0,0	0,0	0,0	4,5	0,5	1,8	0,0
1968	03	3,3	9,5	8,1	2,7	0,0	2,0	5,1	0,9	4,5	0,0	4,4	9,1	0,9	3,7	1,9	3,8	2,9	8,4	9,3	8,4	7,0	5,9	3,9	8,1	11,5	10,0	10,5	10,6	11,6	11,0	5,8
1968	04	11,8	4,6	0,3	10,2	6,9	2,4	2,2	7,4	11,5	6,6	5,1	11,2	11,2	11,3	6,4	7,1	7,5	11,2	10,1	9,6	11,9	12,4	11,2	9,2	0,0	6,8	0,9	7,2	5,7	7,0
1968	05	10,2	5,5	5,2	10,7	7,4	9,2	1,5	8,6	12,6	4,5	12,9	0,0	6,5	8,9	12,7	2,9	2,7	5,1	5,9	11,8	8,9	0,0	0,0	3,0	3,4	6,2	6,3	9,7	11,3	0,0	11,2
1968	06	0,0	3,1	10,8	11,8	0,2	7,4	5,3	3,3	0,1	3,6	0,0	4,3	10,1	13,9	13,5	14,2	13,5	9,5	8,0	7,0	3,0	14,4	14,8	0,4	8,0	7,6	12,6	9,8	9,5	13,9
1968	07	14,3	14,9	14,4	10,5	12,9	11,0	13,6	9,6	8,6	10,4	3,7	9,4	9,8	9,4	2,6	9,6	6,9	5,4	3,7	2,9	1,7	8,1	0,0	0,5	6,3	1,9	3,0	10,1	13,7	12,7	8,7
1968	08	11,4	2,5	0,2	11,5	13,3	9,3	0,4	1,3	2,9	10,6	6,5	5,1	8,3	4,6	6,0	7,4	3,2	10,9	3,8	9,2	2,0	1,0	1,5	3,5	8,2	4,4	2,0	6,1	5,7	0,0	5,6
1968	09	0,6	11,4	8,4	8,2	0,0	0,0	0,4	8,0	10,5	11,1	8,9	0,0	8,8	6,8	0,0	4,8	7,8	6,7	2,7	6,7	0,0	4,8	6,4	0,7	1,3	8,5	10,5	9,8	1,6	2,8
1968	10	5,2	0,0	0,0	0,0	0,3	2,6	0,0	8,5	2,6	5,1	3,8	1,2	0,0	0,0	2,5	4,4	5,9	0,0	5,1	9,0	8,9	8,0	4,2	0,0	0,0	2,5	0,0	0,0	2,0	6,5	6,5
1968	11	1,9	2,6	1,3	0,0	0,0	0,0	0,0	0,0	1,5	0,0	5,3	0,0	0,0	0,0	0,0	0,0	0,0	0,0	0,0	0,0	0,0	0,0	1,7	0,0	3,1	4,8	4,5	1,0	0,0	0,0
1968	12	0,0	0,0	0,0	0,0	0,0	0,0	0,0	0,0	0,0	6,5	5,0	6,0	6,5	5,4	0,0	0,0	0,0	0,0	2,9	0,6	0,0	0,0	0,1	2,1	0,0	0,6	0,0	3,2	3,1	1,8	3,5
1969	01	0,3	0,0	0,0	0,0	0,0	0,0	0,0	0,0	0,0	0,0	0,0	0,0	0,0	0,0	0,0	0,0	0,0	1,8	3,4	0,4	0,0	0,0	0,0	0,0	0,0	0,0	0,9	0,0	0,7	2,5	0,0
1969	02	5,1	4,5	5,7	1,4	4,9	7,2	7,0	0,0	6,1	5,3	3,4	0,5	0,2	4,5	0,0	3,7	7,0	5,3	2,3	0,0	4,3	0,0	0,0	0,0	0,0	1,4	0,0	0,0
1969	03	0,0	0,3	3,9	8,1	8,4	9,1	9,6	3,4	8,4	8,9	0,5	0,0	2,4	3,2	0,0	0,0	0,0	0,0	6,0	9,4	6,8	5,1	1,4	0,0	0,0	0,0	0,0	0,0	4,1	5,6	3,3
1969	04	0,8	4,8	2,7	9,3	9,7	11,3	11,4	11,3	11,6	11,8	0,6	2,6	2,3	8,6	6,2	5,6	6,9	6,7	1,0	8,9	11,9	1,4	6,8	0,0	0,9	11,2	10,6	0,6	3,2	4,0
1969	05	2,5	8,0	8,3	10,0	13,0	7,9	4,6	1,1	3,6	8,4	2,5	12,5	12,9	11,9	9,7	2,2	11,3	7,0	3,3	11,0	3,1	4,6	11,7	13,2	11,7	7,3	10,8	5,4	3,8	10,1	11,4
1969	06	4,9	6,5	1,6	2,1	0,0	2,1	1,1	13,1	14,2	11,0	14,3	14,7	12,3	10,6	9,7	8,1	3,5	12,5	0,0	0,0	4,6	12,0	13,1	8,5	5,2	4,2	7,1	0,0	7,1	3,8
1969	07	13,7	8,0	8,2	0,7	9,9	3,9	6,3	4,0	5,9	6,5	5,4	2,9	5,4	12,9	13,9	14,4	12,3	6,8	10,3	9,8	4,8	5,1	11,2	12,6	12,1	11,6	9,1	11,5	13,1	8,8	6,7
1969	08	12,1	12,8	12,6	8,5	13,4	10,5	0,0	7,4	11,3	11,4	5,1	10,5	4,0	7,4	4,6	0,0	1,6	1,3	7,4	9,6	6,3	7,2	1,4	2,1	8,1	0,0	1,5	2,4	0,9	0,2	6,2
1969	09	9,4	3,1	9,2	3,5	10,3	10,1	7,2	9,5	10,8	2,2	10,8	10,7	10,9	6,6	0,6	1,3	1,5	10,2	11,3	10,6	1,1	3,3	9,4	9,9	11,0	6,8	5,3	10,0	7,6	2,1
1969	10	1,8	2,4	0,0	3,6	2,9	9,2	2,1	4,3	3,3	4,8	7,5	8,8	7,9	7,3	7,1	2,8	0,0	2,9	7,5	9,3	7,5	7,0	3,0	1,1	3,6	0,3	7,0	3,9	1,6	1,6	0,1
1969	11	4,0	8,1	0,0	1,8	2,9	6,0	6,0	0,9	1,3	6,4	1,5	0,4	0,0	0,0	2,5	4,6	3,9	3,9	0,5	0,2	6,5	0,0	0,0	0,0	0,0	0,0	6,3	0,9	6,2	1,1
1969	12	4,0	3,2	0,0	4,0	0,0	3,3	1,1	0,0	0,0	0,7	0,0	0,0	0,0	0,0	0,0	0,0	0,0	0,0	0,0	2,1	6,4	0,0	0,0	0,0	0,0	0,0	0,0	0,5	0,0	0,0	0,0
1970	01	0,0	0,0	0,5	0,0	0,0	7,0	1,5	4,4	0,5	0,0	0,0	0,0	0,0	0,0	0,0	0,0	0,0	0,0	0,0	0,0	0,0	0,0	0,0	0,0	0,0	0,7	0,0	0,2	0,0	0,1	0,0
1970	02	6,2	6,4	3,9	3,3	1,4	2,7	5,9	3,2	1,1	2,9	4,3	4,0	2,4	2,5	0,0	7,7	3,6	3,0	0,0	0,0	0,2	0,0	0,0	0,4	4,4	0,5	0,0	0,0
1970	03	5,3	0,0	7,9	0,0	0,0	0,0	7,0	8,6	4,7	8,7	0,6	0,0	4,6	0,0	3,9	0,0	0,1	0,1	3,4	5,5	3,8	2,9	0,0	0,0	5,2	10,9	1,0	7,2	6,7	1,9	5,7
1970	04	2,3	4,3	1,7	4,8	7,2	7,9	1,8	3,2	0,0	8,8	9,8	7,9	1,2	3,1	4,7	2,6	0,9	5,0	5,8	0,0	9,2	0,5	0,1	4,6	3,4	0,0	2,9	3,6	6,1	6,7
1970	05	3,6	2,9	2,4	5,2	3,5	6,4	5,8	11,1	7,5	8,7	2,6	0,0	4,2	7,0	9,1	1,6	11,1	12,7	3,1	0,0	1,0	7,4	8,4	12,6	12,7	0,7	3,8	2,8	5,2	0,5	2,4
1970	06	0,0	4,9	3,1	3,6	0,0	9,6	13,1	9,6	3,8	1,7	7,2	11,6	13,6	12,2	12,7	8,9	4,5	10,4	13,6	14,6	14,2	10,6	6,6	7,7	4,0	7,2	11,1	9,5	5,4	0,3
1970	07	7,2	8,9	7,4	2,9	5,9	6,6	11,8	13,1	3,3	11,5	6,0	12,6	13,2	12,7	3,4	1,1	1,9	5,4	5,3	5,3	12,5	7,8	12,5	9,2	3,6	0,5	1,0	13,1	11,6	6,0	9,4
1970	08	5,5	3,4	0,0	7,7	11,3	7,6	4,5	2,1	1,8	5,2	0,8	9,3	12,0	9,1	0,0	1,3	1,3	12,3	11,2	11,5	0,0	0,0	0,0	0,5	9,1	8,4	9,2	6,9	9,3	8,0	7,4
1970	09	1,0	8,9	0,4	2,9	5,0	1,0	10,7	8,3	10,2	11,2	5,7	8,8	4,2	11,2	11,5	2,5	10,3	7,3	9,2	5,8	3,0	8,0	6,2	8,0	1,8	4,0	9,4	9,7	10,1	3,4
1970	10	0,0	0,0	5,4	0,0	0,0	9,3	4,2	0,0	0,0	1,6	2,1	1,1	0,0	0,0	8,5	0,0	7,4	8,0	0,6	0,0	0,2	2,4	0,9	2,4	0,4	0,2	7,1	0,0	0,0	0,3	0,1
1970	11	0,4	0,0	1,6	3,4	0,0	0,5	0,0	1,5	0,0	0,6	1,1	4,9	0,8	0,0	1,7	0,0	1,5	0,8	0,0	0,4	0,0	0,0	1,3	6,4	0,0	2,8	0,0	0,0	0,6	0,2
1970	12	1,0	0,0	0,0	1,8	0,0	5,2	0,0	1,1	0,0	0,3	0,0	0,0	0,0	0,0	0,0	0,0	0,0	0,0	2,2	0,0	3,4	1,2	1,3	0,0	0,0	0,0	0,0	0,0	2,5	0,0	5,3
1971	01	5,6	6,5	0,0	5,9	0,0	0,0	1,4	0,0	1,3	0,0	1,9	6,5	4,0	6,0	0,0	0,2	1,2	0,0	0,0	2,4	0,0	0,0	6,9	0,3	0,4	5,7	1,0	3,3	1,4	3,2	0,0
1971	02	0,0	6,7	0,0	4,5	0,0	0,0	0,9	0,0	0,0	0,0	0,0	4,6	0,0	7,0	7,5	0,0	0,0	1,3	0,3	0,0	7,2	0,3	2,1	3,9	2,2	2,8	4,6	0,0
1971	03	0,8	3,3	2,1	0,1	5,6	0,0	0,0	5,5	7,6	6,5	7,5	9,3	1,2	7,4	6,7	0,0	7,3	9,2	4,5	6,9	7,1	2,7	7,8	6,7	0,3	0,8	3,9	5,9	0,9	0,0	0,0
1971	04	1,4	0,2	2,2	2,0	0,0	1,7	5,2	4,6	9,4	1,8	1,5	7,4	8,1	12,3	11,5	11,5	3,2	12,0	12,6	7,3	8,2	10,7	6,1	0,3	0,0	2,4	5,4	4,7	10,1	12,8
1971	05	0,0	0,0	0,2	0,0	0,4	1,1	10,3	11,9	11,4	0,4	11,3	12,3	8,5	10,6	6,9	13,0	13,6	10,2	4,7	8,0	5,2	0,0	0,8	4,9	5,8	4,6	8,6	5,0	1,5	0,0	2,1
1971	06	8,3	8,1	7,9	7,2	7,6	6,0	3,5	0,8	0,7	0,6	5,7	2,1	2,6	12,9	5,3	4,5	10,7	4,6	0,0	1,2	0,6	4,3	2,9	11,2	10,4	8,9	5,3	7,2	1,2	7,7
1971	07	0,2	2,5	5,2	7,5	10,5	13,3	14,4	14,6	14,0	12,4	12,0	9,6	1,5	13,3	7,2	9,0	7,0	9,2	12,1	5,6	5,1	2,7	12,6	13,2	11,4	11,6	13,5	13,1	6,7	12,1	7,3
1971	08	5,8	10,7	11,5	5,8	7,2	12,9	9,2	1,2	10,3	12,1	6,3	2,0	12,2	12,0	3,7	7,9	12,6	13,0	12,6	9,7	7,1	5,8	0,0	1,9	11,3	4,8	4,7	7,6	9,5	9,1	5,0
1971	09	9,3	4,0	11,0	11,8	6,4	8,2	11,8	5,3	2,4	0,0	0,0	7,0	4,3	1,8	5,9	6,8	1,8	0,0	3,0	4,5	9,1	9,0	10,5	4,0	0,3	1,9	5,8	0,0	0,0	0,4
1971	10	7,1	8,0	6,8	0,0	5,2	10,0	10,7	7,5	9,0	6,8	9,3	8,2	1,0	0,0	3,0	8,7	9,5	1,9	8,1	6,2	1,6	2,1	6,9	5,5	5,7	2,2	5,5	1,0	2,2	7,4	7,3
1971	11	0,0	0,0	5,2	4,2	8,3	7,6	6,1	2,7	0,0	0,0	0,0	1,2	0,0	0,0	0,0	0,1	0,0	0,2	0,0	7,0	1,1	2,7	0,0	0,0	0,1	0,2	0,0	3,6	0,0	0,0
1971	12	0,0	0,0	0,0	0,0	0,0	0,0	0,0	4,7	3,1	0,5	0,0	0,0	0,0	2,2	4,8	4,8	0,8	2,0	1,5	2,4	0,1	0,3	0,0	3,4	4,1	0,0	3,1	1,2	0,0	0,0	0,0
1972	01	4,5	0,0	0,0	2,0	0,0	0,0	0,0	0,0	0,0	0,0	0,0	0,0	4,9	0,2	6,1	5,3	1,6	0,0	0,0	0,0	0,0	0,0	0,0	0,0	1,8	1,4	0,0	0,0	0,0	0,0	4,0
1972	02	0,0	0,0	0,0	3,3	4,1	3,8	0,0	0,0	0,0	0,0	3,3	0,0	0,0	0,0	3,2	6,1	0,0	0,0	5,3	3,6	0,0	0,0	0,0	0,0	0,0	0,0	0,0	0,0	0,0
1972	03	0,0	0,0	0,0	5,7	0,1	0,0	4,1	0,0	5,0	0,0	0,0	9,2	10,2	9,9	9,9	10,3	9,8	10,2	9,8	9,5	6,4	6,0	7,2	6,0	10,1	6,0	2,7	4,2	6,0	3,8	7,4
1972	04	0,0	0,2	0,7	5,2	0,0	5,7	1,2	0,6	9,8	6,3	0,6	0,8	0,0	5,4	1,7	2,2	0,0	0,0	1,8	0,8	0,1	0,4	10,6	3,5	10,2	4,5	3,8	4,7	8,4	9,3
1972	05	9,4	11,7	1,6	0,0	8,4	6,6	9,3	2,6	6,4	7,6	3,5	2,6	3,3	0,0	0,0	0,0	11,6	8,1	0,4	0,6	4,6	9,0	13,6	10,9	3,0	0,0	7,6	5,9	2,7	3,6	6,8
1972	06	5,8	9,3	12,8	13,7	13,3	11,2	6,4	6,2	7,1	4,7	1,5	2,2	1,5	1,8	0,9	0,0	2,9	9,4	8,6	12,0	8,0	13,9	1,0	5,4	13,7	7,3	9,3	12,7	2,0	1,6
1972	07	5,1	9,0	2,4	4,3	13,6	11,5	5,0	10,1	12,2	2,5	0,0	0,0	8,1	1,1	1,5	10,0	12,5	12,0	13,8	13,2	12,5	8,8	5,4	12,1	4,7	2,4	2,5	8,5	0,0	0,3	7,1
1972	08	11,6	7,1	9,4	6,3	3,1	8,6	10,7	7,7	6,9	7,1	10,0	12,0	12,5	11,1	3,0	1,3	0,0	1,9	0,9	5,2	6,6	6,3	1,6	7,1	4,1	4,5	0,7	3,8	8,9	7,8	10,2
1972	09	2,5	0,4	6,5	8,7	6,9	6,6	4,7	5,2	0,2	6,3	2,8	2,1	7,7	3,8	6,5	0,0	1,1	4,8	2,7	0,9	7,6	3,3	5,0	4,0	4,0	0,0	0,0	3,2	1,7	0,7
1972	10	4,1	9,5	1,3	10,2	9,7	7,4	9,4	7,9	3,7	4,3	7,1	4,4	5,7	7,9	0,1	3,0	1,2	4,1	6,2	0,0	4,2	1,8	0,3	0,5	1,7	0,7	0,0	0,0	0,0	0,0	0,0
1972	11	4,9	4,7	2,2	6,9	3,4	1,1	0,0	2,1	1,3	5,2	0,0	5,3	2,0	0,0	3,1	3,1	0,2	1,1	2,6	0,0	2,9	3,8	2,0	1,1	5,1	3,3	0,0	5,7	5,2	4,1
1972	12	0,0	0,0	0,0	0,7	0,0	5,6	1,5	0,1	0,0	6,6	0,6	5,1	0,0	0,0	0,0	0,0	0,0	0,0	0,0	5,4	5,1	4,5	6,2	3,4	0,0	0,0	0,0	5,8	6,8	6,9	6,6
1973	01	6,3	2,4	0,2	0,0	0,0	0,0	0,2	0,0	0,0	0,0	0,0	0,0	6,1	4,2	0,0	0,0	0,0	0,0	0,0	0,0	0,0	0,0	3,4	0,0	0,8	4,7	0,0	0,0	0,0	0,0	0,0
1973	02	0,0	0,0	3,0	0,5	3,6	1,0	0,1	1,2	1,8	0,0	1,7	0,0	0,2	0,9	0,0	0,0	0,0	3,9	0,0	0,0	0,0	3,2	2,9	2,7	3,9	2,5	3,7	2,7
1973	03	0,1	4,3	2,1	0,0	5,9	1,6	1,4	7,1	9,3	2,9	2,5	0,0	7,6	2,9	4,0	7,5	5,3	0,4	0,7	0,3	0,4	8,9	10,6	10,7	6,7	8,7	0,7	4,9	5,1	9,9	0,4
1973	04	6,8	0,2	1,3	7,2	4,0	5,0	9,2	7,6	0,0	0,0	0,3	7,6	0,0	1,4	7,3	10,2	0,2	8,7	3,6	1,4	0,0	3,1	10,1	6,2	1,7	8,8	8,2	7,6	2,3	10,9
1973	05	11,9	3,8	7,9	9,8	7,0	0,0	6,4	0,0	6,1	3,4	2,6	10,8	11,0	3,8	5,2	10,6	13,8	10,9	10,8	3,7	10,5	9,5	5,0	7,3	0,6	2,7	14,0	13,2	14,5	7,7	2,3
1973	06	13,3	5,2	4,2	10,7	11,1	10,2	5,9	0,0	0,0	6,6	4,0	14,1	13,0	4,9	10,3	6,9	12,5	8,6	14,5	14,3	9,0	10,6	0,0	0,0	13,7	12,9	14,0	7,8	3,1	10,3
1973	07	9,5	11,5	12,1	11,6	13,3	13,8	6,5	4,5	8,1	13,8	9,9	0,7	0,9	6,5	2,6	12,7	4,6	5,6	4,1	5,5	2,8	3,9	3,1	3,2	9,4	0,5	1,2	0,0	10,0	11,4	12,2
1973	08	12,0	10,9	7,1	6,0	8,2	13,5	5,6	10,8	11,8	13,3	11,8	11,6	12,3	13,0	12,5	13,2	12,6	8,7	7,7	2,1	0,5	12,5	12,4	11,4	5,5	8,6	12,5	9,0	5,0	5,4	0,0
1973	09	2,4	6,4	8,5	11,4	11,8	9,3	9,9	9,8	8,9	2,6	3,8	6,6	9,1	11,1	11,1	10,2	3,1	8,3	7,8	6,9	3,8	3,3	0,8	0,0	5,9	0,0	1,5	5,9	7,7	1,2
1973	10	0,0	9,5	9,9	8,6	9,4	9,1	6,5	0,0	7,3	5,3	1,2	2,7	8,8	0,0	0,2	0,0	1,4	5,7	3,6	0,0	0,9	5,7	0,2	7,5	8,8	5,9	8,4	8,2	0,0	0,0	7,1
1973	11	8,5	7,9	7,7	6,9	4,9	0,0	0,3	0,3	0,5	0,4	0,0	2,2	0,2	2,5	0,0	1,9	2,7	6,1	0,0	3,1	4,7	2,8	1,0	0,0	3,1	3,2	0,7	3,9	0,0	6,3
1973	12	0,1	5,6	1,8	1,8	3,3	0,0	4,9	0,0	0,7	6,1	3,4	3,9	1,9	2,2	1,1	0,0	2,9	6,4	5,7	0,0	0,0	0,6	1,7	0,0	0,0	0,0	0,0	0,0	0,4	0,0	0,0
1974	01	4,2	0,0	0,0	0,0	0,0	0,0	0,0	2,1	0,0	0,0	0,0	4,5	1,3	0,0	0,0	0,7	1,1	0,0	0,0	1,5	4,4	0,0	0,0	0,9	3,0	3,4	0,0	6,8	2,4	0,3	0,0
1974	02	0,0	0,0	0,0	0,0	0,2	0,0	0,5	3,5	0,2	4,6	5,6	6,8	0,0	0,0	0,1	0,0	5,7	0,0	0,0	0,0	0,0	2,0	0,0	0,0	1,2	1,0	3,6	6,6
1974	03	8,4	1,6	1,0	2,4	0,1	7,9	0,0	0,0	1,0	1,6	1,3	8,0	2,7	0,0	0,5	1,3	1,7	0,0	1,7	6,2	9,5	0,0	4,3	6,2	8,3	9,3	8,1	8,9	9,1	9,4	7,0
1974	04	1,9	2,2	10,6	7,5	8,6	9,9	9,1	12,0	11,7	12,2	10,4	5,4	10,7	12,2	0,5	2,4	4,3	10,9	9,6	0,5	3,9	8,2	6,0	6,9	0,4	0,0	0,5	2,2	5,4	1,3
1974	05	0,8	0,7	7,4	6,0	2,8	0,0	0,0	10,5	8,4	7,0	1,9	0,6	7,7	2,8	0,4	11,3	0,0	7,3	12,9	7,1	7,6	2,4	4,9	2,1	10,3	8,3	8,5	9,4	7,2	11,4	2,6
1974	06	1,7	0,2	12,8	10,3	11,3	0,3	5,6	8,1	0,6	6,4	6,9	3,6	0,3	7,3	7,4	8,3	11,7	3,4	6,6	6,9	11,7	6,6	7,9	5,9	10,1	8,3	3,0	3,0	2,0	5,0
1974	07	0,8	2,3	8,1	5,0	4,8	3,0	0,8	5,5	0,3	3,9	2,4	6,0	2,9	0,0	11,4	5,9	0,0	0,0	4,2	3,1	2,0	10,0	11,6	2,1	3,9	7,1	8,6	10,6	12,9	12,6	12,0
1974	08	8,0	6,2	10,0	10,0	7,5	12,4	12,2	5,6	6,4	3,9	6,3	6,5	2,6	12,0	9,8	12,5	9,6	7,0	0,3	0,0	0,4	7,0	1,7	5,4	7,9	5,8	1,8	0,9	6,3	10,1	11,9
1974	09	6,9	10,2	3,1	3,3	9,7	9,6	6,4	9,5	9,0	3,2	10,1	10,9	9,9	5,6	7,8	8,8	8,9	6,9	0,0	0,6	9,7	2,7	9,4	0,5	4,7	2,2	8,4	10,6	0,0	6,9
1974	10	6,8	3,8	7,2	3,5	8,4	4,8	5,8	0,0	0,9	1,2	5,5	3,3	5,4	2,5	2,6	0,0	0,0	1,3	0,7	0,0	0,0	0,0	0,0	0,0	0,0	3,1	0,0	4,7	2,0	0,3	2,8
1974	11	0,0	0,0	2,1	0,0	0,7	4,4	4,8	2,7	3,3	0,0	3,6	0,1	7,1	6,5	0,2	0,0	6,4	0,0	0,0	3,4	4,7	0,0	0,0	0,0	0,1	2,8	0,8	1,4	2,3	1,4
1974	12	0,0	0,0	0,2	2,2	2,9	2,7	0,0	0,0	0,0	0,0	0,1	4,6	0,0	6,4	0,0	4,6	0,0	0,0	0,2	0,0	0,1	6,1	5,7	0,0	5,7	0,8	0,0	0,0	0,6	1,4	0,0
1975	01	0,0	0,0	4,7	0,0	0,1	0,0	0,8	1,2	6,4	0,0	2,1	3,1	0,4	0,0	0,0	0,0	0,0	3,8	0,0	4,9	0,0	7,2	1,1	3,0	0,6	6,7	5,0	3,6	2,5	6,5	0,0
1975	02	0,0	0,0	0,0	5,8	6,5	7,4	6,2	8,2	8,5	8,5	1,4	4,4	0,0	4,0	4,4	8,4	8,5	0,0	0,0	5,2	0,1	3,5	3,8	0,5	0,0	9,3	9,4	8,6
1975	03	9,3	8,3	8,0	7,9	4,8	4,2	7,7	7,9	6,4	7,7	6,9	0,7	0,0	3,0	3,3	2,6	4,5	0,0	0,4	0,0	9,7	10,9	7,0	1,7	4,0	0,0	0,0	2,2	8,3	0,9	0,0
1975	04	8,8	4,7	4,3	3,3	2,5	7,1	7,9	9,0	3,7	0,0	7,9	0,3	9,7	0,0	0,6	1,4	0,8	5,7	12,2	7,7	5,2	11,3	6,5	6,1	4,3	3,1	7,7	9,1	12,4	10,5
1975	05	6,7	12,1	1,0	1,1	3,3	4,8	9,3	2,8	1,9	12,7	9,5	2,3	10,3	12,3	4,3	12,0	3,3	10,7	7,4	5,3	11,6	6,4	7,1	1,0	0,0	0,0	0,1	12,4	11,7	0,3	3,4
1975	06	3,6	0,3	6,6	9,0	11,7	14,1	11,7	1,9	1,5	0,0	9,2	10,6	9,2	1,1	8,1	2,3	5,8	0,0	5,3	0,5	6,8	8,9	11,1	8,5	10,7	14,3	11,3	0,0	1,3	0,0
1975	07	0,0	5,8	11,7	13,3	6,2	12,5	14,2	13,8	11,5	3,2	9,5	2,3	9,5	13,2	9,0	8,6	7,0	5,5	0,0	6,7	0,9	9,9	12,1	5,9	3,0	5,0	8,0	10,0	10,7	12,9	7,6
1975	08	7,1	5,0	11,0	10,7	12,0	10,6	12,9	12,7	13,1	12,4	11,8	12,2	10,0	12,3	7,2	6,0	3,9	2,4	4,9	3,0	9,1	11,4	1,0	0,0	0,0	0,0	11,9	12,3	7,6	3,0	4,9
1975	09	7,0	9,5	6,2	5,8	0,0	6,9	0,0	11,5	10,5	7,1	9,4	3,2	8,7	7,8	3,7	9,6	10,0	10,3	2,2	0,0	3,6	8,6	9,3	5,7	8,7	1,3	6,7	2,5	7,9	6,2
1975	10	4,8	0,4	4,0	8,4	0,0	2,0	2,8	0,7	0,0	7,9	4,6	8,6	0,0	1,8	6,4	8,0	0,0	0,0	0,0	0,0	0,0	0,0	0,8	3,1	0,0	0,0	2,8	0,0	0,0	6,3	0,0
1975	11	0,0	0,0	0,0	1,5	0,0	0,0	0,0	4,2	0,0	0,0	1,5	1,3	0,0	0,0	0,5	7,0	0,0	0,0	0,8	0,5	5,0	2,0	6,6	3,5	1,8	4,2	0,1	0,0	4,7	0,0
1975	12	0,0	4,5	0,0	3,4	0,6	0,1	4,0	0,9	2,8	0,7	0,0	0,0	0,0	1,1	0,0	0,0	0,0	6,4	7,1	1,2	0,0	0,0	0,0	1,1	0,0	0,0	0,0	5,1	0,5	0,0	0,0
1976	01	0,0	0,8	3,4	1,6	0,2	0,0	2,4	4,8	2,0	0,0	0,7	0,0	0,0	0,0	0,0	3,5	1,9	0,0	1,3	0,0	1,3	2,6	2,6	0,0	0,0	2,1	6,0	1,8	6,6	0,0	0,9
1976	02	0,0	0,0	3,5	0,0	0,6	2,8	7,4	8,0	0,0	0,0	2,1	5,0	0,0	0,0	0,0	0,3	0,0	5,1	0,0	0,0	0,0	0,0	0,0	0,7	0,0	8,8	2,1	8,8	7,0
1976	03	8,4	5,3	9,5	9,8	3,6	2,8	2,7	1,5	1,2	4,2	9,0	8,7	7,3	0,0	2,1	4,2	0,2	0,0	0,0	8,4	9,3	5,5	6,1	9,2	0,1	5,9	6,3	2,1	9,6	2,9	9,9
1976	04	11,3	11,8	9,0	7,5	1,8	9,8	6,0	3,3	1,5	11,5	8,8	4,8	2,6	8,3	7,0	1,8	10,2	9,3	7,5	11,0	10,5	3,5	3,8	0,0	0,0	0,0	10,0	6,9	7,6	7,6
1976	05	6,2	12,5	4,7	11,8	12,4	12,3	12,3	12,8	12,8	12,9	12,0	2,6	0,3	8,0	13,3	8,2	8,6	9,4	7,1	0,1	0,0	0,0	11,3	12,0	4,8	4,8	4,3	4,1	10,5	5,9	3,7
1976	06	7,2	0,0	2,8	4,1	11,9	13,4	12,5	14,1	12,3	13,4	2,3	7,3	3,9	12,9	5,1	5,0	13,2	13,8	10,9	0,6	4,7	9,9	13,2	12,4	12,5	14,0	14,3	13,4	10,3	14,8
1976	07	14,4	14,0	14,7	13,7	12,6	14,6	14,1	13,5	8,1	4,2	11,3	7,4	9,1	1,6	8,3	12,4	12,6	9,0	8,2	0,0	1,3	0,5	0,0	1,3	0,0	1,2	7,0	3,4	6,8	13,1	6,2
1976	08	3,5	4,8	0,3	3,9	4,6	5,4	6,3	12,4	9,9	6,7	10,4	3,8	5,7	2,5	7,4	12,2	11,0	6,0	8,2	9,3	8,7	10,8	12,8	12,5	12,0	9,4	0,0	5,9	10,3	4,1	0,0
1976	09	0,0	1,9	1,0	6,0	4,6	2,1	5,7	10,7	6,2	0,0	3,2	9,8	8,0	0,2	1,6	0,8	0,0	0,0	1,5	10,2	1,6	9,1	6,2	0,7	0,3	3,2	5,9	5,0	1,3	2,7
1976	10	0,0	0,0	0,0	4,7	1,0	4,0	5,1	6,1	7,1	9,1	0,0	5,1	5,5	2,8	0,0	0,0	0,0	0,0	0,0	0,0	2,1	6,7	6,0	0,0	0,0	0,0	2,8	6,0	0,2	2,0	0,0
1976	11	4,7	0,0	0,2	0,0	0,0	1,7	4,8	6,0	2,2	0,0	0,2	2,5	0,0	0,0	0,0	0,0	0,0	0,0	0,0	1,3	0,0	0,0	2,1	0,0	0,2	0,0	0,0	0,4	1,9	0,2
1976	12	4,7	0,8	0,0	3,4	2,6	5,7	0,5	3,3	0,2	0,0	2,0	0,0	0,4	0,0	1,5	4,8	2,9	0,0	0,0	0,0	0,0	0,0	0,0	0,0	1,2	4,2	0,0	2,4	4,2	4,9	2,8
1977	01	0,5	0,0	0,0	0,0	0,0	0,0	0,0	0,3	0,0	0,0	1,7	0,0	0,0	4,2	0,5	0,3	0,0	0,0	1,0	0,0	0,0	0,0	0,8	4,6	0,0	0,5	2,4	4,6	0,0	0,0	7,2
1977	02	0,0	0,3	4,6	0,0	0,0	0,2	0,0	0,6	1,8	0,0	4,0	1,3	0,2	0,0	0,0	1,6	7,1	2,6	0,3	0,0	0,0	4,7	2,6	6,3	0,0	2,2	5,3	3,2
1977	03	0,7	2,6	0,4	0,4	3,5	7,7	9,0	2,0	8,7	8,0	7,0	4,6	4,2	1,0	6,1	6,8	7,7	6,3	0,0	0,0	1,1	4,4	0,0	8,4	0,0	0,0	0,8	2,2	1,6	6,8	1,2
1977	04	2,7	4,3	3,3	9,4	2,5	1,0	3,4	0,4	0,0	0,0	7,6	4,7	1,0	3,5	6,6	6,1	12,0	5,7	3,7	11,2	5,8	3,2	0,6	3,7	6,8	1,8	1,1	5,0	0,2	0,0
1977	05	6,1	3,0	8,2	8,1	4,2	7,8	0,4	5,2	6,1	9,3	9,2	6,3	0,2	0,8	0,0	0,3	7,5	10,3	0,0	3,6	0,0	2,4	12,9	13,4	10,6	13,5	12,3	13,8	11,6	7,2	10,2
1977	06	9,4	0,7	1,4	0,5	3,5	1,1	7,8	8,9	8,7	13,6	4,0	5,3	12,6	7,0	4,7	2,0	5,2	6,9	1,1	0,4	0,4	10,8	8,8	12,5	9,1	0,4	6,2	7,4	10,1	4,7
1977	07	7,0	3,2	10,8	13,6	8,6	5,2	7,4	8,4	4,6	0,4	10,5	12,9	7,1	0,1	4,9	12,1	6,4	5,3	6,7	4,6	2,0	4,8	1,4	6,8	5,4	8,6	2,9	6,3	7,5	5,0	0,6
1977	08	0,0	0,0	0,0	10,3	7,2	6,2	6,3	6,0	4,5	0,0	0,0	6,8	8,3	4,5	1,9	8,7	6,7	0,2	0,2	4,6	1,4	0,0	5,5	5,4	8,3	9,9	6,8	0,0	9,9	7,0	6,9
1977	09	5,4	4,4	9,5	0,0	1,5	3,5	3,1	0,5	3,9	0,8	3,0	9,4	9,4	9,2	1,1	7,0	2,1	4,1	0,0	0,0	0,0	0,0	2,0	5,7	9,2	8,6	2,3	8,4	0,2	7,7
1977	10	0,0	6,7	3,4	5,6	4,8	7,4	6,0	4,7	6,4	5,9	0,1	4,7	0,0	0,0	7,9	4,3	2,4	0,0	3,5	0,0	0,0	0,0	2,7	2,2	2,2	0,0	0,0	0,0	0,0	0,1	0,0
1977	11	0,0	3,4	1,0	1,1	6,6	4,2	6,9	4,9	0,0	0,0	7,4	5,5	4,5	0,9	6,3	4,0	2,8	3,7	5,3	3,2	0,1	3,3	2,9	0,1	1,4	0,0	0,0	4,5	5,3	0,0
1977	12	0,0	0,0	0,7	5,1	0,0	0,0	1,7	0,0	0,0	0,0	0,8	1,9	0,0	0,0	0,0	0,0	0,5	0,0	0,0	0,0	0,0	0,0	0,0	0,0	1,4	0,1	0,0	0,5	0,3	0,3	5,1
1978	01	3,6	0,0	1,4	1,2	6,2	0,0	0,0	0,0	0,0	2,0	0,0	0,0	0,0	0,0	0,0	1,3	0,0	0,0	0,0	0,0	0,0	4,9	0,1	0,0	5,5	3,8	3,4	1,2	0,0	5,8	0,3
1978	02	5,1	0,2	0,0	0,0	0,0	0,0	0,3	1,0	0,0	0,0	0,0	1,4	5,1	4,7	0,3	1,4	0,0	8,2	4,7	8,1	6,5	1,2	0,0	0,2	2,2	0,0	3,7	0,0
1978	03	0,0	0,0	4,8	0,0	0,0	2,0	3,9	4,3	0,0	1,2	4,2	9,0	0,0	8,1	6,7	1,8	4,0	6,1	1,6	1,5	0,0	3,0	0,7	4,7	8,3	6,3	6,2	2,6	9,9	9,3	4,1
1978	04	9,6	5,7	0,0	0,2	0,0	7,3	11,5	10,1	11,5	9,4	6,4	4,6	3,2	0,0	3,5	3,2	4,2	10,3	8,7	6,4	1,2	0,2	4,2	7,8	2,7	8,4	2,5	1,3	6,1	1,0
1978	05	0,0	0,1	6,9	10,2	7,6	6,9	0,0	0,0	0,8	5,6	5,3	4,1	4,7	6,0	5,8	3,8	6,8	6,3	0,3	1,6	5,6	3,7	6,3	2,1	4,2	6,8	8,7	6,7	11,4	11,5	12,3
1978	06	13,4	13,7	10,6	7,2	4,7	7,0	9,4	2,1	5,2	4,4	9,1	4,6	3,1	3,6	6,9	3,6	2,2	13,6	10,9	8,8	8,5	7,1	6,6	0,0	6,2	6,1	1,7	1,7	3,6	11,2
1978	07	0,0	10,1	2,3	0,0	1,6	5,4	5,6	2,6	0,2	4,8	12,6	3,2	5,3	6,0	2,9	4,7	3,9	4,2	2,3	3,4	5,6	3,5	9,6	10,5	7,1	11,7	11,6	9,7	8,1	10,7	12,5
1978	08	10,7	4,4	8,7	7,8	9,1	4,5	2,4	0,0	0,4	4,0	1,7	0,4	2,6	2,8	12,5	4,4	6,3	6,3	10,7	11,7	10,6	10,3	4,0	8,7	7,7	7,3	1,8	8,0	7,8	0,0	4,9
1978	09	5,4	5,6	1,5	7,9	4,8	4,9	2,4	9,1	3,9	2,1	5,4	2,6	0,2	6,8	8,2	5,3	10,0	8,0	1,5	4,6	0,0	0,1	0,6	0,8	10,8	0,3	5,5	2,7	0,0	3,2
1978	10	0,0	0,0	0,0	0,0	2,0	0,2	0,6	8,2	0,0	0,0	0,0	1,0	6,0	7,6	3,2	0,0	0,0	0,0	6,7	7,6	2,6	0,0	0,6	5,5	0,0	3,7	6,0	0,0	0,9	0,0	1,9
1978	11	0,0	0,0	0,0	0,0	0,0	0,0	1,5	0,0	0,0	0,0	0,0	0,0	1,0	1,1	3,1	1,1	4,3	5,4	7,2	2,0	0,0	0,5	0,0	0,3	3,5	0,0	0,0	2,3	0,0	0,0
1978	12	0,0	0,0	0,0	5,8	4,4	0,0	0,3	0,0	0,0	2,4	0,0	0,0	1,7	4,2	1,6	0,2	0,9	4,3	2,4	0,0	0,0	0,9	0,0	0,0	2,7	0,0	2,5	0,9	0,4	0,0	3,5
1979	01	0,0	4,1	2,0	3,9	3,7	4,9	6,1	4,2	0,0	4,3	0,0	0,1	0,0	0,6	0,3	0,0	0,0	4,6	2,7	1,3	0,0	0,0	0,0	0,0	6,1	0,5	0,0	0,0	1,5	3,0	0,2
1979	02	3,1	0,0	0,6	2,1	0,0	6,9	5,6	1,6	4,1	3,6	0,6	0,0	1,5	0,1	0,0	0,0	0,0	0,0	4,1	0,6	6,2	7,2	0,0	0,2	2,9	7,9	9,2	7,0
1979	03	1,3	7,9	2,9	2,4	0,1	1,4	0,0	4,3	5,4	6,6	2,1	1,6	1,0	0,0	2,2	0,9	4,1	7,1	1,3	4,0	7,0	7,7	3,7	8,1	8,2	2,4	4,7	7,5	0,0	0,0	0,7
1979	04	3,5	5,7	5,1	0,0	9,3	0,0	0,0	0,1	0,0	10,5	11,6	8,4	5,4	7,7	11,1	10,4	0,4	2,1	5,7	1,9	1,2	5,9	0,0	3,8	2,9	4,5	0,0	0,2	3,7	0,3
1979	05	5,5	0,0	3,2	7,4	3,4	7,7	9,7	13,7	12,6	10,3	9,2	0,2	0,8	12,9	11,4	12,2	7,8	9,9	10,1	10,2	6,7	14,2	13,9	9,4	6,7	13,6	10,7	12,0	13,3	14,0	13,2
1979	06	12,9	11,8	13,5	13,0	10,5	8,9	0,5	8,0	11,8	12,7	8,8	8,6	11,9	5,0	6,9	2,0	0,0	0,0	5,0	12,9	12,6	14,2	8,2	10,9	4,3	11,3	11,1	0,0	7,3	4,6
1979	07	6,5	4,6	8,3	3,4	10,8	8,5	0,2	4,6	0,5	0,5	10,5	4,4	5,0	1,3	3,9	1,1	0,1	1,8	8,4	2,2	3,8	7,4	2,2	2,0	3,4	5,0	4,1	6,2	5,3	6,6	6,0
1979	08	1,9	9,9	9,8	3,5	8,5	8,8	8,0	1,7	4,8	2,7	5,4	6,1	10,6	12,2	12,7	12,4	9,4	3,0	9,9	8,7	8,3	0,0	2,8	0,1	0,6	4,4	2,9	2,0	1,7	5,0	11,6
1979	09	10,7	10,9	1,5	0,8	7,1	9,3	10,1	7,4	4,1	4,2	9,1	5,6	7,7	0,0	5,2	9,4	6,8	5,5	6,2	5,2	0,0	0,0	0,0	0,0	0,0	7,6	9,7	0,0	9,6	9,4
1979	10	8,3	7,5	9,7	1,5	4,2	8,3	9,0	4,4	0,7	4,0	3,8	4,0	6,2	0,6	0,8	2,9	0,0	1,8	4,1	8,3	0,0	2,4	7,3	8,3	6,9	8,3	7,0	2,1	0,0	0,0	0,0
1979	11	0,0	0,0	2,0	4,4	1,4	1,4	1,9	5,5	3,9	0,0	0,7	7,1	0,0	0,0	0,0	0,0	0,0	0,0	0,0	0,0	0,0	0,1	0,3	0,0	0,0	0,7	3,9	0,0	0,7	3,5
1979	12	0,1	4,7	5,2	5,2	3,4	0,0	2,4	1,3	0,0	0,0	2,3	2,0	2,4	0,0	0,0	2,8	0,0	2,9	3,3	0,0	0,0	0,0	2,6	0,0	3,7	3,0	0,0	0,0	3,7	1,0	2,1
1980	01	1,5	0,5	1,4	6,3	0,0	0,0	0,0	0,0	0,0	0,0	1,2	3,2	2,5	3,2	0,0	0,0	4,0	0,0	0,0	0,0	0,0	0,0	1,4	0,0	2,1	2,1	3,2	5,5	0,0	0,2	0,1
1980	02	0,2	2,3	0,6	0,0	0,4	1,2	0,0	3,6	0,9	0,3	5,1	0,0	0,3	0,7	4,4	0,0	0,0	0,2	7,1	6,3	7,3	7,9	7,6	5,6	7,9	7,9	4,2	0,0	0,7
1980	03	0,9	4,0	6,8	8,4	8,1	5,6	0,0	0,0	0,0	1,5	0,0	1,8	0,0	5,6	3,4	7,4	8,5	6,8	0,0	0,0	0,6	5,4	0,0	1,6	0,0	0,1	0,4	1,5	5,2	0,8	8,7
1980	04	1,4	3,4	0,0	0,8	0,0	0,0	0,3	4,2	4,6	4,3	0,4	7,1	11,6	12,3	12,0	11,7	10,7	1,6	1,8	6,8	6,3	0,9	0,0	0,0	0,5	0,0	4,4	3,1	4,6	6,4
1980	05	10,1	1,1	1,6	4,5	13,3	11,4	9,1	7,5	0,0	13,4	14,1	13,9	13,6	13,9	11,6	13,2	6,4	0,0	8,5	10,8	7,6	10,2	13,4	6,8	3,8	7,1	10,7	6,1	3,7	4,3	10,3
1980	06	4,3	8,9	3,3	0,4	10,1	11,6	5,9	5,7	7,8	4,4	1,7	13,4	12,0	13,5	4,2	6,1	7,4	4,9	9,5	8,7	6,8	4,0	3,7	9,0	6,9	8,7	6,1	4,7	2,7	3,2
1980	07	4,9	2,7	0,0	7,4	5,5	7,1	9,3	3,0	1,4	5,7	1,2	2,3	4,5	2,7	0,8	2,1	4,1	1,7	0,0	2,5	1,5	0,7	14,0	13,8	13,3	13,1	9,0	3,0	6,1	1,2	1,4
1980	08	11,4	11,4	11,1	5,0	10,6	12,7	13,2	3,2	3,8	8,0	5,8	2,4	2,0	6,0	11,5	7,6	11,0	12,5	7,9	0,2	6,4	3,0	2,1	5,4	5,7	11,7	10,1	3,9	5,4	2,6	1,3
1980	09	1,8	10,9	11,6	11,3	5,9	3,2	9,4	10,7	2,8	4,2	5,5	4,1	5,4	1,1	0,0	2,7	7,3	3,1	6,9	0,5	1,5	0,0	0,0	0,0	0,0	5,7	5,0	8,5	6,4	0,2
1980	10	7,2	3,8	3,5	7,6	6,1	1,7	0,0	0,6	0,8	3,1	6,3	0,0	0,0	0,0	3,4	2,4	3,3	1,0	3,2	1,8	4,5	6,6	4,7	1,0	0,0	2,4	0,1	7,8	3,6	2,8	0,6
1980	11	7,9	2,0	0,0	0,0	0,0	0,0	0,0	0,0	0,5	1,9	2,4	1,2	5,0	0,5	0,0	0,0	3,9	2,2	0,8	0,0	0,0	0,6	1,9	5,2	5,0	0,0	4,8	0,1	0,0	0,0
1980	12	6,6	2,9	0,0	3,0	4,7	0,4	3,7	4,3	4,2	0,3	0,0	0,2	1,8	0,5	0,1	0,8	5,9	3,4	0,6	0,0	0,0	0,0	0,0	0,0	0,0	4,9	0,7	0,4	0,0	0,0	4,3
1981	01	1,0	0,0	0,0	0,0	1,7	0,9	4,6	5,4	2,3	0,0	0,0	0,0	0,0	5,2	0,5	4,1	1,6	0,0	0,0	0,0	0,1	1,1	2,2	0,0	0,0	4,7	6,7	0,0	0,0	7,0	4,5
1981	02	7,7	7,1	0,0	1,0	2,4	4,3	0,0	0,9	1,8	0,0	7,2	6,3	1,1	1,9	2,2	1,2	0,7	0,0	0,0	0,0	0,0	0,0	0,0	0,0	0,0	5,9	8,3	6,8
1981	03	0,0	2,8	0,0	0,0	3,3	6,3	5,6	0,0	5,1	0,0	0,5	0,0	2,7	2,9	7,8	2,3	1,9	0,0	6,7	6,6	10,1	8,5	2,9	3,0	0,7	2,3	9,3	9,9	8,9	5,6	0,7
1981	04	6,5	8,6	9,3	1,3	0,0	2,6	9,9	7,0	9,4	10,8	11,4	12,2	3,5	12,1	12,0	6,2	5,3	3,4	6,0	6,8	11,3	6,3	0,2	7,9	3,2	11,3	0,0	5,0	0,2	0,0
1981	05	0,8	11,5	7,3	2,1	4,6	8,9	7,0	11,2	12,2	12,9	12,3	10,2	9,6	6,5	7,3	8,6	8,1	12,6	12,1	13,4	12,7	7,2	1,5	3,0	4,0	0,0	4,6	9,6	3,2	10,0	13,2
1981	06	10,6	12,5	12,1	6,3	2,7	8,9	7,1	4,9	7,7	7,5	13,2	6,8	13,2	4,3	4,4	7,6	3,8	4,6	0,1	4,5	0,7	3,4	2,2	0,0	2,8	8,8	9,9	12,1	10,7	4,5
1981	07	5,8	13,0	3,3	5,8	3,9	8,5	5,3	11,6	11,0	12,3	11,0	3,3	3,2	2,2	2,1	5,6	2,6	0,0	0,0	0,0	1,8	6,1	5,6	4,3	3,6	2,9	1,5	1,2	5,9	6,3	10,7
1981	08	11,4	8,9	9,9	8,7	12,3	12,4	10,4	11,7	3,1	6,1	3,2	6,1	11,3	8,3	6,9	8,9	8,1	10,1	6,8	0,1	5,3	3,4	3,9	1,9	2,6	2,0	3,4	8,9	8,6	9,9	6,5
1981	09	5,7	4,9	7,6	10,4	10,3	10,1	10,0	10,0	0,0	2,4	1,5	5,7	0,0	2,2	1,0	0,0	4,0	5,6	2,8	0,0	9,1	8,7	0,0	8,6	0,1	7,8	4,5	2,3	0,0	0,0
1981	10	0,0	2,5	3,2	4,8	0,2	8,8	5,6	7,4	8,3	5,2	3,7	2,0	3,8	6,4	0,1	0,3	1,7	1,1	1,2	0,3	0,0	0,0	2,2	4,2	0,9	0,0	0,0	1,7	1,5	1,5	0,1
1981	11	0,0	0,0	4,7	0,2	6,9	4,9	3,6	0,4	0,0	4,8	0,3	0,2	1,9	0,4	0,1	1,7	0,0	0,5	0,0	0,8	0,0	1,6	3,3	6,3	2,7	0,3	0,3	3,3	4,7	1,1
1981	12	0,0	0,0	2,7	0,0	5,6	2,1	0,6	0,0	1,1	1,0	0,0	0,4	6,7	0,0	0,0	0,0	1,5	0,0	0,0	4,9	0,5	1,5	0,0	0,0	0,0	2,4	0,0	0,0	0,0	5,1	3,4
1982	01	3,7	0,8	0,2	0,2	3,8	0,0	3,6	4,4	0,0	3,9	0,0	2,3	1,1	1,7	1,7	2,5	0,0	0,1	0,0	0,0	0,0	0,0	0,0	0,0	2,7	0,0	2,5	0,7	3,1	0,0	5,9
1982	02	6,1	0,2	1,1	4,0	0,0	0,0	3,5	0,0	4,7	7,1	2,8	0,0	0,0	0,0	0,0	0,0	0,0	2,4	4,7	8,5	6,7	6,2	6,4	3,8	1,4	0,4	4,8	1,0
1982	03	1,1	2,7	0,0	5,1	7,9	6,3	8,8	9,3	8,5	7,4	2,3	7,8	8,3	7,2	10,0	8,5	5,6	0,5	0,0	5,2	1,8	4,2	9,1	10,4	5,8	9,5	10,5	8,2	5,8	2,9	0,2
1982	04	9,6	8,5	0,1	6,8	11,2	9,4	3,3	0,1	8,7	3,6	5,1	8,5	6,4	10,3	12,0	12,1	8,1	7,5	10,1	9,5	9,3	12,5	10,0	6,0	9,8	1,1	8,7	3,6	0,8	7,4
1982	05	0,0	7,2	8,8	10,5	8,8	0,0	6,9	7,9	1,8	5,4	0,0	9,2	11,6	13,0	13,8	13,5	11,6	6,8	6,6	9,5	2,7	3,8	4,8	1,7	10,8	13,4	12,3	7,4	11,8	14,2	14,3
1982	06	14,4	14,8	14,2	14,4	14,3	7,9	7,7	12,8	4,0	12,3	7,8	3,7	9,7	4,3	4,1	2,7	5,0	6,7	8,2	4,7	9,1	7,2	2,6	11,5	11,0	0,6	0,0	11,0	9,5	6,5
1982	07	11,2	6,5	10,5	4,4	8,9	5,1	5,9	11,1	14,4	13,9	12,8	7,8	7,3	12,6	12,3	7,2	4,6	0,0	0,0	9,6	8,3	2,2	6,2	6,3	3,4	0,0	0,3	1,5	12,6	13,3	12,9
1982	08	13,7	13,0	5,3	1,5	4,6	4,8	0,4	3,8	0,0	5,2	7,6	12,3	10,5	4,5	11,9	10,9	2,1	9,7	7,9	1,7	11,1	8,6	10,0	5,5	1,6	7,9	0,0	0,4	10,9	11,3	8,2
1982	09	0,2	0,7	11,0	10,5	9,7	4,5	1,1	8,9	1,0	10,6	10,2	5,0	8,4	8,9	9,6	9,1	9,8	9,3	9,3	10,0	5,7	0,8	2,2	10,1	9,3	4,5	2,0	7,1	5,1	6,5
1982	10	0,0	5,6	9,1	6,4	6,2	1,9	0,2	3,3	3,4	3,3	1,3	0,2	0,0	3,9	1,0	2,8	2,8	6,3	0,2	7,8	4,2	1,2	3,9	6,4	0,0	1,5	0,7	2,5	1,8	0,5	0,0
1982	11	3,5	6,9	0,0	0,0	1,8	7,5	7,8	1,8	0,0	4,2	2,6	0,0	0,0	1,2	3,2	0,0	0,0	0,0	1,3	6,1	5,0	5,9	2,4	1,6	4,3	0,0	0,0	0,0	0,0	0,0
1982	12	2,0	5,0	5,0	0,0	0,0	0,0	0,0	0,0	0,3	2,4	3,8	2,6	0,0	0,0	0,0	0,0	1,4	0,0	0,0	0,0	0,0	2,4	3,0	1,6	0,0	3,1	0,0	1,2	3,1	3,4	2,6
1983	01	1,5	0,0	0,0	0,0	0,0	0,3	0,3	0,0	4,0	0,5	0,5	3,8	3,3	4,3	0,2	1,0	0,0	1,4	2,2	4,1	0,0	0,2	0,0	0,5	0,3	3,5	0,0	0,0	1,2	0,0	2,9
1983	02	0,1	4,2	1,3	2,7	0,0	0,3	0,0	0,9	0,3	0,0	0,0	0,0	0,6	1,5	1,7	5,2	5,8	8,0	0,0	0,5	3,0	8,4	4,0	6,8	8,2	0,0	0,0	0,0
1983	03	0,2	3,3	0,0	8,5	4,9	0,0	3,2	0,4	7,7	0,8	0,4	8,7	9,7	3,9	3,3	3,6	3,0	0,0	0,0	0,0	0,7	4,9	10,0	4,2	0,0	2,4	6,8	3,8	3,2	8,3	1,3
1983	04	0,0	1,7	1,3	4,6	6,7	4,1	6,4	1,5	0,0	0,1	6,3	2,6	2,8	0,8	0,1	6,2	11,0	5,6	8,5	9,3	8,8	1,2	0,9	2,0	10,6	8,7	11,4	10,0	8,0	10,5
1983	05	6,0	4,3	5,3	1,2	5,9	8,8	11,5	0,0	1,4	7,6	8,1	13,1	9,0	9,8	4,8	6,3	13,4	12,8	2,2	13,2	8,9	1,1	0,6	0,0	0,0	1,5	1,2	2,9	8,3	11,4	10,2
1983	06	12,9	6,9	6,9	13,2	9,3	4,7	13,9	14,2	10,8	4,7	6,3	10,5	3,6	0,0	0,8	3,0	0,8	2,0	0,7	1,4	11,9	13,3	14,7	14,7	10,6	6,4	4,9	5,8	2,5	11,0
1983	07	4,3	4,3	11,2	11,7	11,2	9,9	10,0	12,3	14,2	13,5	9,3	8,9	11,7	11,5	11,7	8,5	12,7	12,2	10,9	3,8	11,5	13,8	13,4	7,1	12,6	13,3	9,7	5,3	3,5	10,9	13,8
1983	08	11,4	4,6	0,0	0,0	0,0	0,0	1,3	2,5	10,5	8,8	5,8	10,6	3,4	7,8	12,6	8,3	3,8	10,7	10,8	11,0	10,8	6,3	5,4	7,0	8,2	10,9	10,6	7,2	9,3	11,7	9,3
1983	09	8,8	0,6	1,8	4,5	6,2	8,8	5,6	10,2	1,6	7,2	1,7	2,2	2,6	3,1	10,5	0,0	9,8	8,3	9,7	2,4	4,1	5,7	8,7	9,4	7,2	10,3	10,0	8,4	2,5	4,8
1983	10	8,0	4,7	0,8	8,9	8,8	5,2	5,9	0,5	6,3	0,0	1,4	3,5	9,5	8,3	2,2	2,3	2,0	6,8	0,0	7,4	5,0	6,3	7,5	3,7	5,9	0,0	8,2	8,0	0,0	0,0	1,5
1983	11	3,0	0,5	3,6	1,7	1,0	0,0	0,0	0,0	0,0	0,0	0,0	7,6	5,8	4,7	0,0	0,0	0,0	0,0	0,0	0,8	3,3	5,2	0,4	6,0	0,0	0,6	0,1	0,0	1,1	1,6
1983	12	6,1	5,5	3,0	5,6	4,5	0,0	1,0	4,9	0,0	0,9	1,0	0,0	0,0	0,0	4,3	0,6	1,2	1,7	0,0	0,0	0,0	1,0	1,0	0,0	0,7	0,0	4,6	0,7	0,4	1,2	3,7
1984	01	3,9	2,7	1,0	3,1	3,3	0,0	0,1	5,4	0,5	1,7	3,8	0,7	1,7	0,0	3,4	3,0	0,1	4,6	5,9	0,5	0,5	0,9	1,7	0,0	1,2	6,3	0,9	1,4	3,7	0,2	0,0
1984	02	0,6	0,0	6,3	1,6	0,0	1,8	1,8	1,0	1,3	5,6	3,3	8,3	6,6	4,6	6,6	7,3	5,5	2,5	4,1	0,0	0,0	0,0	0,0	0,0	0,0	3,3	0,2	2,8	0,7
1984	03	0,0	1,7	6,7	0,5	1,3	5,6	0,1	5,6	2,9	8,2	3,5	0,0	0,3	7,2	8,3	6,8	4,0	0,0	10,1	9,7	9,8	9,2	8,2	8,6	3,3	8,1	5,3	3,1	3,7	0,0	6,4
1984	04	2,5	0,0	3,3	0,1	6,3	0,8	8,1	0,0	0,0	0,0	0,7	0,3	4,9	10,3	11,8	5,1	0,0	10,8	12,3	11,1	6,2	8,2	11,3	8,7	12,0	6,8	11,7	2,8	11,7	1,4
1984	05	10,4	10,2	4,4	5,3	6,7	5,6	0,0	3,5	8,6	3,0	1,2	0,0	0,0	0,0	10,1	10,0	8,6	12,5	13,0	5,0	0,0	2,8	9,5	3,4	1,3	9,8	6,7	1,7	1,3	9,1	6,7
1984	06	13,0	12,3	12,2	11,4	7,9	4,8	9,6	0,0	0,6	9,8	8,3	11,3	10,7	4,1	0,9	1,6	2,3	2,2	10,2	12,2	6,6	4,9	6,8	4,9	1,2	1,5	8,8	4,5	4,6	5,6
1984	07	14,4	6,1	3,7	0,2	1,7	0,4	10,2	14,5	14,8	13,5	13,3	11,5	8,3	9,6	3,1	2,8	0,0	0,9	2,2	1,6	3,4	7,1	4,8	8,3	11,0	2,7	2,3	1,3	5,0	12,6	12,5
1984	08	5,2	7,2	13,5	13,3	7,8	5,2	2,8	0,0	2,3	3,2	1,5	2,6	10,3	10,6	6,9	5,5	7,6	6,9	5,7	10,2	8,5	11,0	11,5	10,5	5,4	0,1	11,5	10,8	8,1	3,0	8,9
1984	09	7,4	5,0	9,1	10,2	0,0	0,0	7,6	2,4	0,0	1,1	1,0	3,8	4,6	7,4	0,0	2,1	0,0	6,8	5,1	2,3	5,0	0,8	5,6	2,6	5,9	1,9	0,4	6,3	4,5	0,0
1984	10	0,5	0,5	8,9	4,9	4,3	6,4	4,7	4,0	3,3	0,6	4,6	6,1	8,2	4,1	3,5	5,8	9,2	7,1	6,2	7,8	4,4	6,0	1,9	0,1	4,4	0,4	5,4	0,0	2,0	3,0	3,9
1984	11	0,0	3,7	7,0	0,0	0,0	0,0	0,0	0,0	0,0	0,0	0,6	3,5	6,4	5,8	0,7	0,0	0,0	0,0	0,0	0,0	2,6	1,9	4,2	5,7	3,1	1,3	1,9	5,0	3,5	0,0
1984	12	0,0	0,0	0,0	5,7	0,0	0,0	0,5	0,0	2,2	0,0	0,1	4,5	0,0	0,0	0,0	0,0	0,3	0,6	0,0	4,1	1,8	4,0	5,8	2,9	0,0	0,0	0,0	0,0	0,1	0,0	0,5
1985	01	0,0	0,0	1,6	1,5	2,2	0,7	4,3	4,3	5,1	3,1	1,8	0,0	0,0	0,0	0,0	4,9	1,1	5,4	2,0	0,0	0,0	0,0	0,0	1,2	0,1	0,2	0,4	5,6	3,5	0,1	0,6
1985	02	0,0	2,4	7,1	6,7	0,4	1,5	4,7	2,0	0,0	6,2	5,2	6,7	7,1	3,2	6,8	8,3	5,7	5,3	3,8	8,1	0,3	0,6	5,3	0,0	0,0	0,0	0,0	0,0
1985	03	0,0	0,0	0,0	0,0	0,0	0,0	0,0	0,0	0,2	1,4	2,1	5,3	1,9	0,7	2,7	9,3	0,0	0,0	0,0	0,0	3,9	0,0	0,4	3,8	6,5	2,9	2,4	7,3	4,4	5,9	1,4
1985	04	2,7	5,4	2,8	11,1	10,6	4,6	3,8	0,8	3,9	4,0	5,3	2,9	2,8	8,5	5,2	2,1	6,7	11,2	9,0	11,7	12,2	11,4	6,4	1,8	1,0	7,1	2,5	5,9	2,7	0,0
1985	05	0,1	7,3	3,8	8,7	8,3	5,1	2,6	5,5	3,0	9,1	11,2	7,2	8,7	8,2	1,4	8,7	0,0	0,0	6,0	9,0	1,4	1,3	5,4	7,4	13,6	13,3	13,4	10,4	6,1	5,3	0,6
1985	06	5,7	3,8	11,8	14,3	9,8	8,7	4,2	3,6	5,6	3,1	5,4	2,8	5,5	7,2	2,7	8,8	3,6	3,7	12,0	0,1	0,0	2,0	0,4	6,3	8,0	8,0	7,1	3,4	4,4	10,9
1985	07	3,7	5,5	12,2	14,3	14,4	12,7	5,3	5,5	1,9	2,3	9,9	7,9	11,9	12,7	6,4	6,9	7,3	11,9	7,6	7,2	8,1	7,0	5,1	13,1	11,8	10,8	2,7	11,6	6,0	5,3	4,8
1985	08	7,6	3,9	9,7	7,7	9,8	0,0	1,1	1,6	9,4	3,4	12,5	12,4	7,5	12,4	11,3	9,6	3,3	2,9	10,9	5,7	9,3	12,2	8,4	10,0	0,2	0,0	4,4	8,7	11,7	11,2	11,4
1985	09	0,0	9,3	3,4	4,1	0,5	8,0	5,5	0,0	5,4	9,8	7,4	9,8	10,7	2,2	2,0	6,3	2,9	7,0	9,7	9,6	5,4	8,0	0,8	4,7	6,8	3,9	9,1	0,6	10,1	8,7
1985	10	9,6	7,6	8,1	9,4	1,3	0,0	0,0	0,8	8,3	0,3	5,9	8,8	6,8	0,0	6,1	5,0	0,0	0,0	4,0	8,0	4,4	0,0	8,0	7,3	5,9	0,3	0,0	0,0	5,4	0,0	2,3
1985	11	0,1	2,6	6,9	6,7	0,2	3,9	1,4	1,2	0,7	0,3	6,6	1,7	0,0	0,0	2,5	0,0	0,0	1,6	0,0	0,0	0,0	0,0	0,0	0,0	0,0	3,8	2,6	0,0	7,0	0,0
1985	12	0,0	0,5	6,6	0,0	6,7	3,0	0,0	0,0	0,0	0,0	0,0	0,0	0,3	0,2	0,3	0,0	0,0	0,0	2,3	0,3	0,8	6,3	0,0	0,0	0,7	1,7	2,8	0,0	0,0	4,3	0,0
1986	01	1,1	0,0	2,2	2,3	2,7	2,5	2,1	0,3	0,0	6,4	1,5	2,8	0,0	0,0	0,2	0,4	3,0	0,0	0,0	4,6	5,2	2,5	0,0	1,2	0,5	1,0	0,7	3,2	2,0	3,8	0,3
1986	02	0,0	0,0	0,0	6,6	6,6	5,7	6,3	0,0	0,0	0,0	6,2	7,3	2,0	2,9	0,5	3,7	0,0	0,0	0,0	6,1	5,3	4,3	0,0	6,6	1,9	9,1	7,6	7,9
1986	03	3,6	0,0	1,7	2,5	0,0	0,6	0,0	0,0	0,0	1,8	0,2	0,0	0,0	0,0	0,0	6,9	9,4	9,9	10,5	10,4	3,8	6,6	0,0	1,2	7,5	8,2	8,4	6,7	3,7	4,4	6,9
1986	04	9,8	8,8	4,5	0,0	2,0	0,0	7,6	10,3	9,6	0,4	0,9	3,1	6,6	7,6	9,6	10,3	3,1	0,2	0,0	2,5	8,4	7,5	4,7	10,4	4,0	3,4	7,3	6,3	9,2	8,8
1986	05	11,1	12,6	13,0	11,4	11,7	12,7	8,1	0,0	7,2	0,0	2,2	9,1	11,2	1,4	4,7	5,3	9,8	5,0	2,9	5,2	4,4	7,4	11,0	3,7	13,6	12,2	10,8	0,0	0,0	0,0	0,7
1986	06	6,0	6,5	4,9	0,0	0,0	4,0	1,1	5,4	9,6	12,5	10,6	0,0	0,0	8,0	9,1	10,8	10,0	10,6	3,8	9,0	8,6	12,1	13,3	8,9	11,6	14,0	14,5	13,3	8,0	9,7
1986	07	10,9	13,0	13,7	10,2	9,0	0,4	0,4	1,0	5,4	1,9	6,5	6,9	7,3	12,5	12,6	9,4	13,2	0,5	0,0	0,8	11,5	7,6	11,9	2,2	8,2	3,8	9,2	9,1	11,2	6,9	10,6
1986	08	2,4	9,9	13,3	10,5	5,6	11,9	13,0	5,0	11,7	11,4	6,1	0,0	4,2	8,0	10,1	6,7	7,4	5,8	1,4	4,9	10,5	3,8	1,0	0,6	8,6	8,0	4,3	0,7	4,5	6,8	1,2
1986	09	1,4	1,7	3,0	6,2	11,5	9,1	5,1	10,4	5,6	6,5	5,9	2,9	0,0	3,6	3,8	0,2	0,0	0,0	10,4	10,4	9,0	6,0	4,0	3,2	10,2	9,6	0,1	5,4	8,3	9,5
1986	10	10,2	9,8	5,1	8,6	9,3	4,0	4,0	0,9	0,1	8,7	3,9	4,4	9,3	8,7	8,7	8,8	7,4	3,4	0,5	3,4	5,3	0,8	1,5	7,6	2,7	0,0	0,9	6,5	0,0	6,6	4,2
1986	11	0,0	0,4	5,3	1,0	0,1	0,0	4,4	7,7	7,0	5,3	6,8	3,8	0,0	0,0	0,0	0,8	0,0	2,9	2,1	1,3	2,6	0,0	0,0	1,4	0,9	6,3	3,1	6,3	0,0	0,0
1986	12	4,4	0,9	4,8	7,2	7,1	0,1	2,4	6,1	0,0	0,0	1,2	3,0	1,7	0,0	0,0	4,3	4,5	0,5	1,6	2,0	0,0	3,2	0,0	1,1	3,4	0,0	0,4	0,0	0,0	0,0	0,8
1987	01	0,8	0,0	6,7	3,6	0,7	0,9	2,3	2,4	0,0	0,0	0,0	0,0	3,9	3,0	0,0	0,0	0,0	0,0	1,5	0,0	4,1	0,0	0,0	0,6	1,0	0,0	3,2	2,8	4,9	7,8	6,3
1987	02	7,1	4,1	0,0	0,0	0,0	2,8	2,1	2,5	2,0	0,5	0,0	0,0	0,0	0,0	0,0	0,0	0,0	0,0	2,0	0,0	0,0	1,5	7,7	9,1	9,0	8,4	0,0	0,0
1987	03	0,0	0,0	7,2	8,9	7,4	1,8	0,0	3,7	2,9	4,4	5,5	9,5	9,4	9,3	8,9	2,0	2,2	1,1	6,1	0,8	8,7	0,9	5,4	0,0	0,4	0,0	6,3	0,0	2,7	6,4	0,8
1987	04	0,0	0,1	4,0	0,3	5,4	7,3	9,0	6,8	4,8	0,0	6,7	6,5	6,6	2,1	5,9	0,0	10,8	9,0	7,8	2,7	0,0	0,7	11,6	10,7	10,1	5,0	13,1	12,3	13,2	12,8
1987	05	6,9	11,1	0,0	0,0	0,0	3,7	2,2	11,0	13,3	10,3	7,2	5,4	0,0	10,5	3,7	0,0	11,7	4,4	8,1	1,1	5,5	0,0	2,8	8,9	4,8	14,0	8,0	4,9	6,6	3,9	0,0
1987	06	1,4	2,8	2,9	2,2	4,1	8,8	1,3	0,3	3,1	4,6	14,6	5,2	10,2	5,8	4,0	2,0	8,5	4,8	10,7	5,7	1,5	6,9	3,0	4,2	5,5	6,5	7,6	8,4	13,2	14,3
1987	07	7,2	1,6	13,0	2,2	14,5	14,8	14,5	0,3	5,4	11,4	14,5	9,9	8,0	13,4	12,8	8,7	10,3	3,4	6,5	11,3	4,4	10,2	10,2	7,5	6,6	6,8	3,6	1,7	2,1	8,5	2,0
1987	08	2,6	2,0	5,2	7,5	7,2	6,1	7,3	5,5	4,0	5,7	10,1	3,1	9,4	6,0	6,5	2,3	4,9	3,0	3,3	6,3	11,8	12,7	10,8	8,5	5,8	9,0	9,3	1,1	0,0	10,3	10,0
1987	09	9,5	0,1	3,3	7,3	1,4	0,4	2,6	2,7	9,0	7,5	1,0	5,4	7,8	5,9	5,4	7,9	7,9	4,8	0,7	4,3	7,8	8,1	6,5	6,2	8,7	0,0	2,0	4,8	1,6	2,4
1987	10	8,9	7,8	7,8	8,5	7,5	3,5	7,5	2,2	8,2	9,0	4,9	0,6	7,6	3,1	0,2	6,6	0,0	5,5	0,0	0,0	0,0	0,5	0,0	5,7	0,0	2,3	4,1	7,2	6,5	6,8	7,6
1987	11	5,1	0,0	0,0	1,1	5,6	0,0	0,0	1,6	0,0	0,0	0,1	0,0	2,8	1,1	7,2	1,4	1,9	0,7	0,0	1,2	0,8	0,3	3,7	0,0	1,5	0,0	0,0	0,0	0,0	0,0
1987	12	0,0	0,8	0,0	0,0	0,0	0,0	0,5	6,6	5,2	0,9	2,2	5,0	3,7	0,0	0,0	0,0	0,3	0,0	0,0	0,0	0,8	0,0	5,3	5,3	0,0	0,0	0,5	0,0	5,7	1,3	0,8
1988	01	1,1	0,0	6,8	3,2	0,0	5,5	0,1	0,5	5,9	6,5	1,5	7,1	0,0	0,0	0,0	0,0	0,0	0,0	0,0	0,0	0,0	0,0	3,1	0,0	0,0	5,1	2,6	0,0	0,0	0,0	1,2
1988	02	4,5	0,9	1,1	8,4	3,0	0,2	0,0	2,4	4,4	5,4	3,3	2,1	3,9	8,6	7,6	6,9	4,2	0,2	0,6	3,0	6,2	1,6	0,0	4,1	0,0	0,0	0,0	0,6	2,9
1988	03	3,7	0,4	2,4	3,8	0,0	6,4	2,3	0,7	2,8	8,1	3,5	2,5	1,8	0,0	0,0	1,2	1,5	6,7	9,9	0,0	1,1	0,0	5,1	0,1	1,3	4,7	1,8	1,3	5,3	9,0	1,7
1988	04	0,0	3,1	8,1	3,4	2,8	10,8	6,4	0,0	1,8	11,7	11,3	11,5	0,4	11,4	12,4	12,5	13,0	7,7	9,8	11,2	4,7	7,1	8,4	12,9	11,2	11,2	7,3	6,8	2,1	10,1
1988	05	10,8	9,1	4,1	9,2	10,1	9,6	11,7	7,2	13,4	11,6	10,7	12,9	10,7	5,7	8,1	13,3	3,4	4,8	1,2	0,0	4,1	4,8	3,3	13,4	13,1	12,3	9,8	10,1	10,0	3,0	6,5
1988	06	8,2	5,4	11,3	0,4	0,0	1,3	6,2	1,7	5,5	9,5	3,8	3,1	13,0	14,3	10,4	12,9	10,6	13,6	4,1	2,6	5,7	6,6	1,9	0,1	0,0	0,9	6,0	7,4	9,7	10,6
1988	07	6,6	7,4	9,1	8,9	12,0	7,5	4,7	5,7	10,8	11,4	13,7	2,7	10,7	4,6	3,3	2,1	0,5	3,3	0,2	10,0	5,3	6,4	12,2	9,7	13,7	14,4	0,8	12,6	9,9	11,9	10,7
1988	08	12,0	8,2	0,9	10,6	5,3	2,3	13,1	9,3	5,0	11,6	6,2	8,5	9,8	13,3	9,6	6,7	12,2	12,8	9,8	0,0	9,4	3,4	2,5	2,7	1,9	4,5	10,1	9,0	4,1	10,1	7,8
1988	09	9,2	0,0	8,1	5,7	4,3	7,1	7,8	10,7	11,3	10,2	8,1	3,0	4,8	8,0	4,3	1,1	0,7	3,7	0,8	0,0	0,0	3,3	1,6	8,4	0,8	5,5	9,0	9,4	0,5	0,0
1988	10	0,4	7,9	6,5	9,5	7,8	5,1	1,1	6,0	4,2	0,7	0,0	4,7	0,0	5,5	0,0	0,0	4,9	0,0	2,4	1,1	0,0	0,0	0,0	2,4	0,0	9,1	4,7	1,0	3,6	4,2	4,0
1988	11	0,8	0,0	1,0	8,0	7,2	3,8	1,9	0,0	4,6	4,0	1,5	3,7	0,0	0,0	2,9	0,0	7,2	0,3	3,6	0,0	0,0	5,1	0,0	0,0	0,0	0,0	0,0	0,0	1,4	0,0
1988	12	0,0	0,0	0,0	0,4	0,7	1,9	0,5	3,9	2,4	0,0	1,0	2,5	1,0	1,9	2,8	0,8	0,0	0,2	0,0	0,0	0,0	0,0	0,0	0,0	6,0	0,0	1,6	5,1	0,0	2,3	0,0
1989	01	0,6	2,1	0,0	4,6	0,0	0,0	0,0	0,0	1,1	0,0	7,0	0,0	6,2	7,2	6,6	0,0	3,0	3,2	7,6	2,6	2,4	0,0	4,2	0,0	0,0	0,0	0,0	0,0	4,8	7,2	0,2
1989	02	0,0	0,0	3,4	0,0	4,0	0,0	7,4	0,0	0,0	0,4	0,0	0,1	4,2	1,1	0,3	3,2	9,1	0,5	0,0	0,9	3,4	6,2	1,3	0,2	5,0	3,3	4,3	4,0
1989	03	5,5	2,7	0,4	0,7	5,4	8,8	9,2	1,2	2,1	0,4	4,1	0,0	3,7	6,8	0,5	0,0	5,1	1,5	10,2	9,5	2,2	3,8	2,4	4,4	2,6	9,2	11,1	10,6	2,5	7,5	8,6
1989	04	0,0	3,8	0,5	0,0	3,4	5,0	10,2	6,7	4,0	3,0	8,7	11,5	9,3	6,5	0,0	6,6	0,0	7,0	5,5	4,1	9,8	0,7	4,5	12,9	7,3	5,4	0,0	0,0	0,0	0,0
1989	05	6,5	11,8	4,0	2,7	11,8	4,8	9,2	4,4	13,3	1,0	2,5	6,5	6,3	2,5	13,7	14,2	13,9	13,8	12,6	10,7	10,4	14,5	14,2	14,4	14,2	13,8	12,9	5,1	7,3	5,2	7,6
1989	06	5,1	0,0	3,4	3,3	4,6	9,4	9,3	8,1	11,4	13,1	3,5	13,1	8,1	13,7	12,6	4,2	0,2	1,4	13,0	6,8	13,4	10,2	6,7	1,2	8,0	10,4	10,9	2,1	11,8	3,6
1989	07	4,0	1,7	0,6	10,4	11,2	13,3	13,4	9,1	8,8	9,9	0,0	3,4	6,7	6,6	6,2	6,7	7,9	5,9	12,4	11,2	10,2	12,7	9,2	3,2	2,2	3,4	1,3	3,2	12,3	10,1	5,5
1989	08	2,7	4,4	0,5	4,2	11,1	12,8	4,4	2,9	5,6	10,5	10,3	6,0	10,9	11,4	12,3	12,1	7,0	3,9	9,9	10,3	11,7	8,0	2,3	11,9	1,8	7,3	3,5	0,6	0,0	6,2	11,8
1989	09	11,9	0,3	0,0	0,0	0,8	6,4	7,6	9,9	8,4	8,9	6,3	4,8	8,8	2,2	0,5	3,8	8,9	10,6	4,4	2,3	8,9	9,1	9,0	0,0	0,5	0,0	0,4	0,0	2,3	0,2
1989	10	6,7	1,5	9,1	10,2	9,1	6,6	0,3	0,0	2,4	1,6	0,8	1,7	6,3	3,3	5,2	8,5	7,6	8,1	4,1	1,5	3,4	9,1	8,6	8,4	8,2	6,0	8,0	8,0	1,0	1,6	1,1
1989	11	1,7	5,5	2,3	0,0	0,6	0,0	0,0	5,3	0,6	5,9	0,0	0,0	0,0	4,5	1,1	2,5	7,3	7,6	7,5	1,9	0,0	0,0	7,3	2,4	4,4	0,0	0,0	1,4	7,0	2,1
1989	12	2,8	4,7	3,7	4,7	0,0	0,0	3,2	6,8	0,0	7,2	2,6	1,5	2,2	1,1	0,3	2,3	0,1	4,1	0,1	0,0	0,0	3,4	2,5	0,0	0,0	1,9	1,0	0,0	0,0	0,0	0,0
1990	01	0,0	0,0	0,0	5,9	0,0	0,0	3,6	4,4	0,0	5,7	6,3	0,0	7,3	0,0	4,0	4,0	0,0	5,7	4,4	0,5	0,4	4,5	3,4	4,1	0,0	5,4	6,0	1,0	7,6	1,1	1,5
1990	02	0,0	0,3	5,7	7,8	8,3	5,2	8,0	1,2	3,1	8,3	0,0	0,6	5,4	4,8	0,0	5,2	9,0	4,2	8,2	9,1	7,7	9,0	9,4	8,8	7,1	3,8	0,5	3,5
1990	03	4,6	5,0	4,9	1,7	3,5	2,8	1,5	9,3	4,9	0,0	8,6	7,3	6,6	6,8	7,3	10,2	10,8	10,9	10,2	2,5	6,4	4,8	6,0	10,6	2,0	3,0	7,5	0,0	0,0	3,4	8,5
1990	04	11,1	10,3	6,7	4,3	5,9	0,0	0,0	7,5	11,8	11,2	1,4	3,8	10,8	10,8	4,7	9,9	8,6	7,3	7,0	9,3	2,7	5,4	0,0	0,0	0,8	5,9	0,6	6,9	10,8	3,0
1990	05	10,6	13,7	13,9	12,8	11,2	12,7	13,1	8,0	9,1	7,5	5,5	8,6	11,8	9,7	12,9	9,0	7,6	7,4	10,8	9,9	10,5	3,3	6,6	9,0	3,1	12,1	13,0	10,0	10,2	11,5	9,7
1990	06	7,1	8,8	5,4	6,9	12,2	3,3	4,5	2,8	6,2	4,0	1,8	11,6	8,5	6,1	0,0	5,9	10,3	8,8	9,6	13,0	2,1	4,9	3,4	12,1	3,4	9,8	12,9	5,5	12,8	12,7
1990	07	7,6	8,3	9,3	0,0	4,3	8,5	7,5	0,4	1,0	7,2	11,4	14,5	10,5	12,3	14,0	11,5	8,5	3,1	0,1	12,8	11,0	14,4	13,9	13,4	6,1	6,1	12,0	13,0	12,3	8,2	6,4
1990	08	12,2	13,9	13,4	13,4	13,2	0,0	2,7	9,1	6,9	6,6	11,1	11,7	10,9	8,6	2,8	10,0	3,3	9,1	3,5	6,6	1,4	1,3	2,9	12,7	10,3	5,7	10,3	10,3	9,8	7,9	10,4
1990	09	6,6	1,6	3,3	0,5	5,5	7,0	3,3	3,3	2,7	0,0	2,5	5,7	1,4	1,1	7,1	6,0	10,2	6,4	0,7	7,4	2,3	1,9	5,9	3,0	3,8	2,6	4,1	9,0	8,7	4,6
1990	10	1,3	8,2	9,9	0,0	7,3	5,8	2,9	3,9	7,4	10,0	9,4	9,4	7,6	8,6	7,9	8,2	8,2	3,5	0,0	0,2	3,2	9,2	9,1	8,6	8,2	5,8	0,0	6,5	0,9	4,9	0,0
1990	11	1,2	3,7	1,8	2,9	0,0	0,0	0,4	0,0	2,6	0,0	0,0	0,0	4,8	0,0	1,3	2,1	0,0	0,7	1,9	0,0	0,0	0,0	0,6	4,2	0,0	1,1	0,0	0,0	0,8	2,8
1990	12	3,8	0,9	0,3	0,4	0,0	6,6	6,7	2,7	0,0	0,0	5,5	0,0	2,2	0,0	0,0	0,0	0,4	0,6	1,9	0,4	0,8	0,0	0,0	6,5	5,6	0,0	4,5	4,1	0,0	0,0	2,8
1991	01	0,7	0,0	1,9	2,8	3,4	3,3	0,0	5,6	0,5	3,4	0,0	1,1	0,0	7,1	7,5	7,2	6,8	6,7	5,5	5,7	0,0	0,0	0,0	0,2	0,0	0,0	0,0	0,0	0,0	1,8	8,0
1991	02	8,2	7,6	7,3	5,4	0,0	5,9	1,1	0,0	6,2	1,3	4,6	7,4	0,0	1,9	5,3	1,8	3,2	0,8	7,6	4,7	3,5	1,6	1,4	5,8	5,0	4,7	3,1	9,3
1991	03	0,0	0,0	0,5	0,0	0,0	0,0	0,0	3,8	0,0	0,0	0,0	0,0	3,0	2,1	7,3	5,4	6,8	6,1	7,0	6,8	3,9	0,6	2,2	1,8	0,0	0,0	2,7	0,5	2,2	0,2	0,7
1991	04	4,7	2,6	6,5	6,3	0,8	0,0	2,3	2,2	8,2	11,3	9,1	10,5	9,4	9,6	11,0	8,0	7,3	4,1	4,9	3,0	8,8	8,9	1,2	4,5	4,5	4,0	8,1	6,2	5,5	0,2
1991	05	1,4	0,7	0,0	2,9	1,8	9,6	3,2	12,1	6,0	3,2	0,4	0,0	7,8	2,1	7,5	5,4	5,9	10,5	9,3	11,9	0,8	6,8	4,6	8,9	0,0	3,2	11,5	7,5	13,3	2,7	13,8
1991	06	13,8	14,8	6,0	9,1	7,9	2,9	8,3	4,6	7,9	11,7	6,5	11,8	6,2	8,2	8,1	4,1	0,0	4,4	10,9	5,1	6,8	14,6	12,2	6,6	2,3	10,8	4,7	2,1	1,2	12,4
1991	07	11,2	14,3	4,1	3,5	12,1	15,1	15,2	13,4	6,2	7,7	12,6	12,5	3,3	0,8	10,3	10,5	5,2	8,8	12,4	8,5	1,0	10,7	13,0	4,1	5,5	0,0	4,1	11,7	12,1	12,2	6,4
1991	08	4,2	0,0	4,7	5,9	6,3	10,6	13,2	12,8	0,9	4,8	6,1	4,4	7,8	10,5	8,8	10,8	6,9	7,2	8,2	0,2	7,6	12,4	10,9	4,5	7,3	4,8	6,1	0,9	8,4	11,6	12,1
1991	09	11,1	10,2	11,3	11,0	10,3	9,8	1,0	0,6	4,8	11,1	2,6	8,6	11,3	0,1	6,4	3,1	3,9	2,5	8,6	1,2	10,7	7,6	3,4	1,8	10,3	6,7	0,3	9,0	6,4	0,4
1991	10	9,7	5,7	9,4	10,0	8,6	9,4	8,1	9,1	4,7	7,6	2,7	0,4	0,3	7,0	3,3	7,1	0,5	6,4	3,3	2,4	2,9	6,4	4,3	0,0	2,5	8,9	8,5	8,9	0,2	7,6	7,6
1991	11	7,4	0,2	5,7	0,0	2,8	3,0	0,0	1,2	0,3	4,4	1,5	1,1	0,0	0,0	3,3	4,7	0,0	6,0	0,0	0,0	0,0	1,9	5,8	0,0	0,0	0,0	0,0	1,0	0,0	0,0
1991	12	0,0	5,8	0,0	0,0	0,7	1,0	0,0	0,0	5,9	0,2	5,3	0,0	3,5	6,6	5,8	6,4	1,0	0,0	0,0	0,0	3,3	0,9	0,0	2,7	0,5	0,0	0,0	4,4	1,6	1,9	0,5
1992	01	3,4	6,2	7,2	2,8	0,7	0,0	4,2	0,8	0,9	0,0	0,0	1,2	4,9	0,0	0,1	0,0	1,8	0,0	0,0	3,7	7,4	6,2	0,0	0,0	0,0	2,7	0,0	5,3	6,3	0,9	6,2
1992	02	0,0	1,9	0,4	0,0	0,0	0,0	0,0	3,5	0,0	2,5	2,4	0,6	5,6	3,7	1,9	7,1	1,1	4,3	2,8	5,6	0,0	0,3	0,0	9,0	5,9	2,9	6,4	5,9	8,3
1992	03	3,7	5,6	3,1	9,5	9,3	2,6	0,0	9,0	9,1	9,5	5,5	2,7	0,6	7,9	6,5	5,6	3,4	2,3	7,3	0,0	1,8	3,8	4,3	0,0	0,5	0,0	0,0	3,6	4,5	7,2	8,5
1992	04	3,7	7,5	3,5	2,0	0,0	6,3	10,2	5,1	10,3	10,9	8,3	9,0	5,4	6,9	3,8	3,6	6,2	9,1	6,3	6,9	11,0	7,9	1,1	4,5	11,4	6,7	2,6	10,0	0,0	5,4
1992	05	8,5	5,5	1,2	11,7	13,1	12,4	0,9	6,1	1,3	5,8	3,7	10,7	13,7	13,0	13,4	13,9	9,4	12,7	12,0	12,3	11,1	12,0	8,8	13,7	14,1	14,2	13,7	12,5	10,0	11,0	12,1
1992	06	7,0	7,6	4,6	4,9	12,2	3,0	3,2	2,9	2,8	11,4	9,3	2,3	11,4	13,3	2,9	3,6	7,2	12,7	8,7	10,1	9,7	7,9	5,1	0,5	6,5	14,0	13,5	14,5	14,2	14,4
1992	07	13,7	7,1	7,1	5,8	0,2	0,0	0,0	13,7	14,6	8,0	1,5	6,1	10,2	4,3	10,3	10,1	13,5	7,7	12,1	13,4	14,1	3,7	7,2	14,4	9,4	12,1	13,2	12,9	13,0	12,3	4,6
1992	08	7,4	9,5	8,0	6,1	13,5	13,1	12,9	12,3	12,7	10,6	9,4	10,2	1,5	0,3	5,3	7,4	5,4	3,7	10,4	5,8	11,5	7,5	6,2	8,7	10,8	6,7	12,1	11,0	11,5	5,7	10,1
1992	09	3,1	11,3	1,0	3,3	1,0	5,7	7,4	7,0	9,6	10,9	8,9	5,0	4,4	0,0	5,5	3,7	8,5	10,2	9,8	10,2	9,1	9,3	9,1	0,0	7,6	10,5	10,2	9,5	3,6	0,4
1992	10	0,4	2,0	6,4	3,6	0,3	9,0	0,0	5,1	0,0	6,9	9,2	9,3	9,2	9,4	5,8	4,7	0,0	0,0	8,4	6,8	3,6	3,2	4,1	1,1	2,1	0,0	0,1	2,4	2,0	7,3	0,0
1992	11	0,4	0,0	1,7	0,0	0,0	4,8	7,5	2,2	4,4	2,4	0,2	4,0	3,9	3,4	0,0	0,0	1,3	2,3	2,1	3,9	2,6	0,0	0,0	1,6	0,0	0,2	5,2	0,8	4,8	0,0
1992	12	0,0	0,5	0,0	3,3	0,0	0,8	4,0	0,0	0,0	0,0	0,0	1,0	0,1	0,0	0,2	0,0	0,0	0,0	0,0	0,0	0,0	0,0	1,1	6,4	4,1	4,4	1,3	6,2	5,8	0,0	0,8
1993	01	2,3	6,3	5,4	6,6	6,3	0,0	0,2	0,6	5,0	1,1	0,4	1,7	5,0	2,8	3,6	2,2	6,9	2,2	1,0	0,2	2,1	0,2	3,3	0,9	4,0	2,4	1,2	3,4	0,7	7,4	4,9
1993	02	6,0	7,1	7,4	6,5	7,3	0,0	0,0	0,0	0,0	0,0	0,0	0,0	0,0	0,0	0,0	3,5	0,0	3,5	2,3	6,5	3,9	6,9	5,5	0,0	0,0	4,4	8,3	7,2
1993	03	7,5	8,3	7,1	1,8	7,0	0,0	2,2	3,9	9,4	8,7	3,7	8,0	8,6	9,0	3,2	8,1	0,0	3,8	10,5	7,5	8,9	3,7	0,9	2,6	7,6	6,2	4,6	1,8	0,0	5,8	7,1
1993	04	8,7	10,7	6,7	5,2	1,9	5,7	1,6	0,9	0,3	7,7	11,0	0,0	1,4	6,9	9,0	8,5	9,9	3,1	0,0	6,2	11,7	11,3	11,5	11,9	10,0	12,1	12,7	10,1	10,4	12,0
1993	05	12,3	11,1	4,7	2,6	0,9	4,2	7,8	8,8	12,4	9,8	9,9	13,1	11,5	9,5	2,7	10,6	13,8	13,7	9,3	11,9	8,1	0,0	0,0	8,2	13,1	10,4	6,7	5,0	12,7	10,6	11,0
1993	06	7,3	12,9	0,3	9,5	14,1	13,3	9,4	8,6	11,2	11,8	8,9	0,0	4,1	5,8	3,4	10,5	4,5	1,7	12,1	5,6	5,1	10,2	2,6	10,3	4,8	10,7	0,7	2,4	13,6	13,4
1993	07	15,1	14,8	10,5	10,5	9,0	2,9	4,2	12,9	14,5	7,9	0,0	4,8	1,9	4,4	3,7	1,5	7,6	5,9	10,1	5,2	4,1	5,1	7,2	5,7	5,1	10,2	3,1	6,3	7,3	11,2	1,8
1993	08	11,0	11,6	10,1	9,2	7,8	8,9	12,5	11,0	6,8	0,8	9,0	10,3	9,4	11,3	11,2	9,3	3,0	12,6	9,2	5,1	4,6	7,0	0,0	0,5	5,9	5,0	6,7	3,9	10,7	4,4	0,9
1993	09	0,3	4,2	1,9	2,3	1,4	9,7	10,6	2,6	10,7	0,9	8,2	1,5	4,0	3,4	8,0	8,9	9,2	6,3	10,3	2,2	9,7	7,6	9,3	9,0	5,5	0,0	9,2	5,3	3,4	6,1
1993	10	0,0	4,8	7,1	8,0	8,5	2,4	8,8	1,2	2,3	6,8	3,8	4,8	8,1	2,7	2,5	7,1	0,0	1,3	0,6	0,0	1,5	0,0	0,0	0,0	0,0	3,6	5,8	0,0	0,0	6,0	4,0
1993	11	0,0	0,0	0,0	0,0	0,0	0,0	0,0	0,0	0,0	0,0	0,6	2,8	0,0	0,0	0,0	0,0	0,0	6,3	6,0	6,7	0,0	0,0	3,8	0,0	0,0	4,6	1,6	0,3	0,0	1,9
1993	12	0,0	0,5	0,0	5,0	1,9	0,0	0,0	5,3	1,9	0,1	5,0	0,7	0,0	0,0	3,5	3,2	1,1	0,0	0,1	0,0	3,2	4,2	1,4	0,7	0,4	2,9	1,5	5,8	5,2	2,8	4,2
1994	01	0,0	0,8	2,9	2,4	5,3	2,7	0,0	0,4	0,0	0,1	0,0	0,6	0,7	3,2	3,5	5,0	1,2	7,3	7,2	0,4	7,1	0,1	0,0	5,3	1,0	3,7	1,0	4,9	1,0	0,7	4,8
1994	02	4,2	0,8	0,0	1,6	0,0	0,0	0,0	0,0	0,4	2,0	0,0	0,0	2,7	8,5	8,9	9,2	3,0	5,6	6,4	5,9	2,7	0,0	0,0	0,4	0,0	2,8	7,0	6,2
1994	03	0,7	3,4	5,6	1,9	8,8	3,8	0,1	0,2	1,1	1,5	9,5	4,6	0,3	3,3	0,2	7,1	7,8	1,9	4,6	4,6	3,5	2,6	2,6	0,4	0,0	6,7	5,1	10,4	0,7	8,5	7,1
1994	04	1,1	5,9	4,7	7,2	7,4	6,0	7,3	8,4	4,5	0,0	0,4	0,0	0,3	2,4	0,9	5,3	0,0	3,3	8,0	12,3	11,4	8,3	11,1	12,2	11,9	1,1	2,1	7,9	10,2	10,2
1994	05	7,0	0,8	13,4	9,6	3,7	4,6	11,7	13,7	13,2	1,2	12,2	4,3	7,3	10,4	12,5	13,0	8,2	6,6	0,0	0,0	9,1	9,9	5,8	12,8	3,1	9,6	2,5	10,0	6,5	9,2	12,6
1994	06	14,1	7,4	12,0	8,6	0,5	10,4	3,9	14,3	1,1	6,5	1,9	10,8	10,8	1,6	8,6	2,8	4,9	7,1	13,3	9,8	7,3	7,2	13,2	15,1	15,0	12,6	11,8	12,2	6,9	4,7
1994	07	13,0	15,3	14,3	12,0	9,3	8,4	1,6	10,1	9,9	7,9	13,0	10,6	12,9	10,9	8,5	8,5	6,6	3,2	0,1	0,7	14,1	14,6	12,0	14,0	12,6	11,0	8,9	13,6	10,7	13,0	13,3
1994	08	12,6	6,1	12,1	13,8	13,5	6,4	2,3	6,2	7,3	10,2	9,1	5,1	3,8	12,1	13,0	12,2	9,3	5,3	5,8	6,5	11,9	9,9	2,1	1,4	0,0	7,3	5,8	9,1	9,0	7,4	9,9
1994	09	6,1	3,1	5,6	9,7	0,4	5,8	0,1	7,8	4,8	3,6	7,7	5,3	0,7	0,3	7,5	9,8	4,3	5,7	2,0	3,2	1,4	6,8	10,0	4,5	3,7	3,7	5,0	0,7	5,3	7,6
1994	10	3,7	3,5	2,0	6,5	5,6	7,3	4,7	0,0	4,7	3,5	4,2	4,2	3,3	6,1	1,9	0,0	2,0	8,4	1,3	2,3	7,7	6,4	0,0	0,0	7,0	1,8	4,3	0,0	7,9	0,0	0,3
1994	11	2,9	6,6	6,4	7,4	1,4	1,3	0,0	0,0	0,0	0,0	0,0	0,8	0,0	0,0	0,5	4,0	4,3	0,0	3,8	0,0	3,8	6,4	0,0	0,0	0,3	0,0	0,0	0,0	5,2	0,1
1994	12	6,4	6,2	0,0	0,0	0,0	4,2	6,7	6,2	4,0	0,0	1,9	4,8	0,0	3,8	4,5	2,5	3,0	6,7	0,0	0,0	0,0	0,0	1,6	0,0	0,0	0,0	0,0	0,0	0,1	0,8	3,4
1995	01	2,7	0,3	0,7	3,3	4,8	0,0	0,0	0,0	0,0	0,7	3,9	1,5	3,9	1,9	0,2	6,3	1,0	2,8	0,0	0,3	0,0	0,0	0,2	5,6	0,0	2,6	3,8	2,2	0,9	0,4	7,1
1995	02	0,4	0,0	4,8	3,3	4,0	0,4	3,2	3,2	3,3	4,2	4,3	2,9	8,4	0,0	0,7	1,4	2,2	5,3	2,6	0,3	5,9	9,5	0,0	5,7	2,5	1,8	5,2	1,1
1995	03	6,7	1,0	5,7	0,0	9,0	5,9	7,3	9,2	2,5	5,7	8,5	9,5	4,9	0,2	1,3	5,7	4,4	7,5	0,0	8,2	4,5	8,5	2,6	9,3	3,1	1,0	2,6	7,8	0,0	7,9	6,5
1995	04	0,2	3,3	10,8	3,4	9,2	1,6	0,1	7,5	7,1	0,0	0,0	1,3	0,0	0,6	0,0	0,8	0,3	4,0	6,4	0,6	6,6	12,3	11,8	8,7	3,6	6,5	0,0	0,3	9,6	3,6
1995	05	1,0	13,3	13,4	11,5	12,2	9,8	7,2	1,5	8,2	0,3	5,2	0,0	0,0	2,9	11,9	6,0	2,9	2,5	2,4	2,1	6,7	11,7	12,9	13,9	9,5	11,3	10,6	13,9	12,2	4,1	0,3
1995	06	5,9	0,0	10,7	6,9	3,6	0,0	1,9	1,2	0,0	3,0	0,0	0,0	0,1	5,5	3,5	5,8	4,2	0,7	8,7	13,3	6,4	4,8	3,8	3,6	0,4	2,1	9,9	14,3	14,3	13,8
1995	07	13,9	5,2	6,6	2,1	3,1	12,0	14,1	14,7	14,1	13,9	13,1	5,7	6,3	7,4	4,5	7,1	8,9	3,0	10,0	12,1	12,5	8,7	1,9	13,3	12,2	12,8	11,4	0,0	11,5	12,8	12,5
1995	08	9,5	11,1	12,6	8,8	9,4	11,5	9,1	0,0	12,3	12,8	13,3	13,2	10,2	0,0	9,3	2,2	6,8	10,2	9,8	7,1	6,3	10,0	10,6	5,3	3,1	3,3	1,1	4,2	1,5	4,1	0,0
1995	09	0,5	0,0	1,9	4,4	7,3	5,9	10,5	0,4	8,7	8,7	2,5	5,6	2,5	0,0	0,0	7,5	6,4	7,3	0,0	1,2	0,0	6,6	0,5	1,1	6,6	6,3	0,0	7,6	7,8	0,6
1995	10	6,4	6,8	5,7	6,0	0,5	0,6	3,2	2,2	6,2	5,1	5,9	0,0	0,0	0,0	0,0	0,0	0,0	2,1	4,4	3,1	4,1	8,4	8,1	7,9	9,0	7,6	6,7	0,0	0,0	0,3	6,0
1995	11	0,3	0,9	2,1	1,2	0,3	0,0	0,0	3,9	0,0	0,0	0,0	0,0	0,0	0,0	1,9	0,0	0,5	5,1	0,0	3,8	7,2	5,6	0,0	0,0	0,0	0,0	0,0	0,0	0,0	0,0
1995	12	0,0	0,0	0,0	0,0	0,0	0,0	0,0	0,0	0,0	0,0	0,0	0,4	0,0	0,0	0,0	0,0	0,0	0,0	0,0	0,0	6,3	0,0	1,3	0,0	0,0	4,3	3,6	6,8	3,4	4,8	0,0
1996	01	0,0	0,0	0,0	3,7	3,9	0,0	0,0	0,0	0,0	0,0	0,0	0,0	0,0	3,8	0,1	0,3	0,0	0,0	0,0	0,0	0,0	5,8	0,0	0,0	0,0	0,0	0,0	0,0	0,0	6,5	6,8
1996	02	6,5	0,1	0,0	0,1	0,0	7,3	6,5	0,2	6,3	0,0	0,0	0,8	0,2	0,0	1,4	0,0	2,4	1,3	0,0	2,7	1,6	3,8	1,7	8,0	5,6	9,1	8,5	7,1	3,0
1996	03	3,1	1,6	2,6	7,4	0,0	0,0	5,2	7,5	7,4	8,9	1,8	0,0	0,0	0,0	0,0	0,0	0,0	1,6	2,6	7,2	6,6	0,0	1,6	0,1	0,3	4,1	7,2	9,7	4,2	1,7	2,7
1996	04	5,2	5,1	0,0	0,0	0,0	6,6	9,9	8,6	4,4	7,3	1,3	1,6	4,7	0,0	12,4	12,6	12,3	12,2	11,6	12,3	12,2	11,9	11,1	0,0	2,4	10,3	7,6	0,6	0,4	0,3
1996	05	3,7	3,4	2,0	7,4	10,7	10,1	6,1	0,0	0,0	0,0	0,0	0,0	2,0	2,0	1,5	0,2	2,1	10,1	7,0	3,0	9,4	6,0	0,6	8,2	0,3	5,4	3,0	5,7	12,0	13,8	14,3
1996	06	12,1	3,5	0,0	5,6	14,5	14,5	14,1	13,0	12,1	13,0	7,9	9,8	12,3	13,4	13,2	8,8	14,0	10,3	4,9	0,8	6,7	0,0	0,2	0,0	2,2	6,9	7,0	8,9	0,8	0,9
1996	07	7,3	6,3	12,2	6,1	8,2	3,6	3,3	0,0	0,7	2,6	3,0	5,0	9,6	13,9	4,1	9,6	11,0	2,2	13,5	13,5	14,2	13,6	11,6	9,7	3,0	4,4	11,2	8,1	6,3	7,9	9,0
1996	08	12,5	5,0	0,0	2,2	8,4	2,1	5,8	10,4	9,7	11,7	2,1	1,1	7,0	0,2	3,4	2,7	3,4	7,4	12,0	12,1	10,4	10,7	11,4	9,9	4,0	8,6	0,2	0,2	8,8	9,3	3,7
1996	09	2,3	0,2	8,8	9,9	8,2	3,0	1,6	2,8	0,1	1,9	6,1	0,3	4,0	3,8	2,7	3,2	0,0	3,6	10,3	3,0	0,0	0,0	0,0	0,0	0,0	0,0	6,4	4,6	0,0	9,4
1996	10	7,6	0,0	6,2	5,7	0,0	0,0	0,0	0,3	2,2	0,0	1,6	2,5	0,0	5,8	7,3	4,9	0,0	0,0	2,3	4,3	0,0	0,7	4,7	0,3	8,6	7,8	1,5	0,9	4,7	0,0	4,1
1996	11	0,5	6,9	2,9	6,6	5,0	5,3	0,0	5,6	3,1	3,7	4,2	0,9	1,9	0,0	0,0	0,0	0,0	0,0	1,2	0,0	4,1	2,0	2,3	0,8	6,2	0,0	0,0	0,3	3,8	2,0
1996	12	2,5	0,0	5,4	6,9	0,0	0,0	0,0	0,0	0,0	0,0	0,1	0,0	0,0	0,0	1,7	1,0	0,0	0,0	0,0	0,0	6,6	3,7	0,0	2,4	3,5	6,6	5,0	6,5	5,8	4,2	3,2
1997	01	0,0	0,0	0,0	0,0	0,0	0,4	0,0	0,0	0,0	0,0	0,0	0,0	2,6	4,1	3,9	0,5	1,1	0,0	0,0	0,0	0,0	0,0	0,0	0,0	0,0	4,0	5,1	1,0	1,1	0,0	0,0
1997	02	8,4	7,9	6,6	1,1	0,0	5,8	2,9	0,6	1,8	5,6	8,2	0,7	3,5	6,6	2,8	5,3	4,9	0,0	3,4	6,1	0,0	4,7	8,6	5,2	2,4	4,1	1,7	8,0
1997	03	3,5	8,7	0,0	7,1	9,2	0,0	8,8	8,8	8,9	9,0	8,9	9,2	1,1	3,5	0,1	0,0	0,0	6,6	1,5	0,0	1,2	6,7	8,5	0,0	0,0	2,7	2,5	5,7	1,6	6,9	4,9
1997	04	10,3	10,6	9,1	5,7	0,0	6,4	10,3	11,3	2,3	3,0	1,2	3,4	12,1	0,0	4,7	4,3	0,0	11,0	4,3	7,0	11,8	4,7	11,3	11,6	5,7	0,0	0,7	5,0	5,9	1,0
1997	05	0,3	11,8	6,9	4,0	8,2	9,7	0,6	0,0	10,4	11,4	11,1	11,0	7,7	9,7	11,5	12,6	13,2	12,5	6,1	5,9	8,2	2,5	5,4	9,4	13,9	8,0	5,7	4,9	9,4	5,6	7,9
1997	06	1,8	8,8	7,6	9,2	13,3	4,4	14,2	8,4	12,3	13,9	14,3	5,1	8,7	7,6	4,8	9,4	2,6	0,5	7,4	1,4	6,8	0,0	8,2	7,4	4,9	4,4	3,4	10,9	12,2	7,7
1997	07	4,6	14,6	8,5	7,4	0,1	3,1	1,3	10,0	13,9	13,4	11,4	8,7	13,5	11,0	0,5	5,6	4,1	0,0	0,0	0,3	1,1	9,7	5,0	10,1	1,1	0,7	11,2	13,6	9,4	13,1	1,8
1997	08	4,1	7,9	9,4	5,7	11,5	13,2	11,0	5,9	8,5	12,5	13,3	13,2	12,7	9,9	6,6	8,5	10,2	0,0	0,7	8,0	11,6	10,3	1,8	9,3	9,9	11,7	10,7	9,3	0,0	4,0	5,4
1997	09	10,8	9,8	6,2	4,2	7,3	1,5	10,0	10,5	6,4	2,2	10,6	11,0	2,2	10,7	10,8	11,2	9,0	8,1	0,0	11,0	10,2	10,6	10,4	4,0	10,4	10,3	0,0	8,2	9,1	0,0
1997	10	4,5	2,4	0,8	1,7	9,1	9,7	6,0	3,1	2,2	0,0	5,4	1,8	5,2	0,5	1,8	0,5	6,3	9,4	8,5	4,2	8,4	7,0	8,3	6,7	4,6	2,8	6,9	9,2	2,1	4,7	4,8
1997	11	8,1	8,0	0,2	7,9	3,3	1,1	3,7	0,0	4,4	8,6	2,4	1,9	2,7	0,1	2,0	0,8	0,0	0,0	3,3	7,4	0,0	0,0	0,0	0,0	0,0	0,0	0,0	0,0	0,5	0,0
1997	12	0,0	0,0	0,0	0,6	2,1	4,6	0,0	0,0	5,3	0,8	0,0	2,3	0,0	1,0	0,0	0,2	2,5	0,0	0,0	0,0	3,0	0,0	0,3	0,0	3,3	2,8	0,8	1,6	1,8	2,2	6,7
1998	01	4,0	2,2	4,7	4,0	5,3	0,6	0,2	4,5	0,4	2,5	6,5	0,0	0,0	0,0	6,0	0,0	1,4	5,4	1,3	4,5	0,4	0,0	0,0	0,0	4,3	7,2	0,0	0,6	3,1	2,2	5,4
1998	02	8,1	7,3	5,4	8,4	8,4	0,0	7,1	4,5	0,0	8,6	6,9	2,1	0,0	0,1	1,9	1,6	5,6	2,5	8,7	8,1	8,2	1,7	2,4	0,4	0,0	0,0	7,3	1,9
1998	03	3,9	1,1	0,0	0,3	6,4	0,0	1,2	6,0	7,7	5,9	10,3	6,1	7,6	0,9	0,0	1,2	0,0	0,1	6,1	2,6	7,5	3,4	8,5	10,6	11,0	11,1	2,1	2,1	9,8	9,7	11,0
1998	04	4,5	3,1	3,8	2,8	2,2	4,7	4,1	5,8	8,4	10,2	6,1	2,6	9,8	5,8	5,0	2,1	4,6	3,0	4,2	12,3	4,2	12,2	12,6	6,4	6,3	7,7	2,4	1,4	6,8	10,1
1998	05	10,4	4,8	2,5	5,5	5,7	0,4	5,7	13,5	12,6	12,9	13,1	13,5	10,6	14,4	6,6	8,7	10,0	4,1	11,6	11,9	1,1	6,7	3,0	0,5	5,7	9,1	11,1	12,4	12,2	8,6	2,8
1998	06	0,6	13,8	8,4	11,1	13,3	12,6	11,2	2,2	14,4	5,3	0,0	0,9	0,0	4,7	5,4	8,5	7,3	7,1	1,0	10,5	11,6	5,9	4,5	0,9	9,4	5,9	8,5	9,0	13,8	9,5
1998	07	6,8	6,0	10,6	1,9	0,0	2,4	0,0	4,6	3,2	6,2	6,4	0,3	8,5	11,0	9,3	3,5	10,1	6,1	12,5	14,4	11,8	1,5	9,1	9,0	4,1	6,6	3,5	4,4	6,0	6,3	10,8
1998	08	13,6	11,7	2,1	9,5	9,8	12,4	12,6	13,1	12,7	13,6	13,1	11,4	2,1	11,3	12,8	12,0	11,7	9,7	9,6	11,6	3,0	6,3	5,3	2,5	5,4	1,7	5,5	2,4	4,1	5,9	4,5
1998	09	9,3	3,7	0,2	3,2	0,0	0,6	4,5	0,3	11,0	8,0	0,0	0,0	0,0	4,3	0,1	2,7	1,1	6,1	0,0	10,1	5,6	7,1	9,9	7,6	0,6	1,8	0,0	5,6	2,6	3,2
1998	10	0,0	0,0	0,0	0,0	0,0	0,0	0,0	1,2	0,0	1,4	0,2	1,2	5,3	0,0	1,9	6,5	8,0	4,5	2,4	7,1	6,7	2,3	7,6	1,9	5,8	6,5	3,5	1,4	0,0	2,5	5,3
1998	11	0,0	5,0	0,0	0,0	5,7	2,3	6,3	5,7	0,0	0,0	3,4	7,6	0,0	0,1	0,0	2,4	2,3	2,9	2,1	2,0	5,7	3,4	0,0	5,7	0,0	0,0	0,0	0,0	0,0	0,0
1998	12	0,0	2,4	0,0	0,0	6,4	0,2	1,3	0,2	7,0	7,2	3,0	0,0	3,7	0,0	0,0	1,6	6,3	7,2	0,7	1,8	4,0	1,6	2,6	0,0	6,1	3,9	0,0	3,2	4,0	0,0	0,3
1999	01	0,0	0,0	1,4	2,2	3,0	6,8	2,6	1,3	3,3	2,9	0,0	3,4	0,6	0,0	0,4	0,2	7,6	0,0	0,0	0,0	0,0	0,0	0,0	4,9	2,0	0,0	0,2	2,5	4,6	4,2	6,9
1999	02	0,0	0,0	0,0	0,2	1,9	4,2	0,7	2,3	5,1	4,4	0,0	5,7	0,0	0,4	7,0	0,0	3,1	3,4	0,0	0,5	0,9	3,2	1,6	2,1	7,1	0,0	9,3	3,2
1999	03	3,3	0,0	1,5	0,9	0,0	6,8	1,3	7,4	0,0	0,0	0,4	9,4	7,1	5,4	2,3	0,0	0,5	9,9	8,4	1,7	4,1	2,4	0,9	3,7	10,9	9,0	7,6	5,2	0,2	6,2	10,3
1999	04	10,4	6,8	10,5	4,9	3,4	4,5	0,3	1,2	4,9	11,1	0,0	3,9	4,1	9,0	6,3	0,0	0,6	7,3	9,3	11,0	3,7	9,1	10,3	11,2	6,6	1,2	3,1	4,4	11,7	12,6
1999	05	10,1	2,6	10,3	6,9	8,3	3,8	3,6	0,0	9,8	9,3	3,5	6,8	4,0	2,7	9,3	6,5	12,4	13,8	12,2	9,0	2,5	6,7	10,2	12,8	7,4	11,0	12,7	13,0	11,6	12,5	13,0
1999	06	10,6	7,8	11,6	2,2	10,4	8,3	9,6	0,0	11,4	10,9	0,0	1,9	11,8	0,0	0,9	0,9	3,0	0,1	0,5	10,7	0,0	6,1	9,1	2,5	6,6	9,3	5,8	3,1	11,7	9,9
1999	07	3,8	7,9	14,7	14,0	13,1	8,5	5,9	0,0	0,4	4,4	5,9	5,5	9,1	3,1	5,0	8,1	13,2	14,4	14,3	9,5	10,7	6,6	0,8	4,1	9,0	12,9	1,7	11,7	13,5	12,4	13,8
1999	08	13,0	12,4	12,9	12,7	3,0	11,5	2,5	10,0	5,3	1,2	5,9	2,3	5,6	9,1	8,5	3,9	5,7	5,3	12,5	11,1	5,1	8,8	10,7	12,5	12,2	7,5	5,0	1,8	0,0	9,0	2,2
1999	09	5,6	0,1	8,0	10,4	10,2	6,8	5,2	9,8	10,5	10,8	11,2	11,2	10,9	11,1	10,5	5,9	7,2	6,4	5,8	5,1	0,0	7,2	2,3	9,8	0,9	0,0	10,3	0,0	3,7	0,0
1999	10	3,7	3,8	0,1	5,0	1,8	6,6	1,4	0,4	0,2	0,0	0,7	7,0	5,4	1,4	8,4	5,1	0,1	9,0	8,8	8,9	0,0	0,0	0,0	0,2	0,0	8,3	4,1	7,8	5,6	5,0	4,1
1999	11	7,4	4,1	0,0	1,9	0,0	0,3	1,4	0,5	0,0	0,0	0,0	0,1	0,0	0,3	5,2	6,7	2,8	4,2	4,2	0,5	4,1	2,7	1,1	0,2	0,0	3,3	6,7	2,1	2,1	4,5
1999	12	0,0	0,2	0,5	0,0	4,7	3,4	0,0	6,6	3,0	1,7	6,0	0,4	4,0	0,0	0,7	0,8	6,4	0,0	2,6	2,2	2,0	1,7	6,3	1,1	0,0	0,0	0,4	0,0	0,0	3,1	0,0
2000	01	0,0	2,7	2,6	0,1	6,3	1,3	0,0	0,2	0,0	0,0	0,3	6,9	0,0	0,0	0,0	4,8	0,0	0,6	1,6	0,0	1,0	0,0	0,1	6,5	7,9	0,1	1,5	6,7	0,0	5,8	1,3
2000	02	3,2	2,8	3,4	3,0	2,0	5,7	0,2	2,6	5,7	3,7	0,4	1,3	4,7	6,7	0,6	3,9	4,3	4,8	0,2	0,2	6,2	1,0	0,5	0,8	0,7	0,9	9,4	10,0	0,0
2000	03	2,9	6,8	0,0	4,2	5,6	8,3	5,6	0,5	1,5	1,0	2,5	0,0	0,6	0,3	5,2	1,6	1,4	9,7	2,6	5,7	7,6	6,5	8,4	2,6	0,8	7,8	0,0	0,0	0,9	0,0	0,9
2000	04	3,0	9,4	10,0	5,6	7,2	10,1	6,1	8,2	9,2	3,0	4,4	0,1	5,4	4,9	8,1	10,3	8,1	1,7	10,9	11,1	10,6	9,3	11,5	6,1	0,0	10,7	8,1	1,7	3,7	7,2
2000	05	8,1	11,6	13,2	12,3	13,3	13,4	11,2	5,6	11,1	13,2	12,8	13,4	14,2	14,3	14,3	13,9	7,5	0,0	4,3	4,9	8,4	1,1	9,1	11,9	9,7	11,0	8,3	4,0	9,1	9,8	3,2
2000	06	11,5	13,5	12,0	10,1	13,1	1,4	7,7	13,4	14,5	11,2	9,9	8,0	12,9	8,7	4,8	10,7	13,0	13,9	14,4	14,6	14,0	12,2	1,5	6,8	3,8	4,4	10,3	13,7	5,7	8,9
2000	07	10,0	4,3	5,9	7,5	12,6	7,1	1,9	0,0	5,3	2,4	0,0	0,3	9,7	0,1	4,3	1,9	0,2	1,6	7,3	2,5	1,7	2,4	9,6	3,3	8,2	1,4	6,6	0,7	3,6	2,6	5,6
2000	08	11,8	9,8	6,5	5,0	0,8	1,7	3,9	1,1	6,1	8,3	10,7	11,7	12,5	12,0	11,1	11,3	11,2	4,1	9,1	10,6	9,5	8,0	10,7	10,5	8,5	12,1	11,8	0,8	7,4	8,2	8,5
2000	09	4,3	8,2	1,9	6,6	1,0	2,5	3,9	6,9	11,6	11,5	5,9	9,6	6,9	6,4	3,5	0,6	1,6	2,8	3,3	4,4	0,0	0,0	9,5	8,4	3,6	5,1	4,5	5,9	9,4	9,7
2000	10	3,4	4,5	0,0	0,0	1,8	0,0	0,0	0,0	0,0	0,1	2,7	2,9	1,3	4,8	8,0	6,2	4,5	0,0	0,2	0,0	9,1	8,8	4,2	5,1	1,7	0,5	4,8	0,9	3,7	0,6	0,6
2000	11	3,2	5,8	5,0	0,3	3,2	1,6	2,1	5,0	4,8	8,1	8,0	3,4	4,0	0,0	3,1	6,7	0,0	2,8	7,6	1,3	0,4	1,4	0,0	0,0	0,0	0,2	3,0	0,0	0,2	0,0
2000	12	0,0	0,0	0,0	0,0	0,0	0,0	0,0	0,0	0,0	1,2	0,7	2,0	3,6	0,0	3,3	0,5	3,0	4,1	0,0	0,6	0,1	0,9	6,2	6,0	0,0	0,0	0,0	0,0	4,9	0,3	3,8
2001	01	4,4	0,0	0,7	2,3	0,7	0,5	0,2	0,0	2,9	2,8	0,0	2,0	4,8	3,0	1,1	5,0	0,0	0,0	0,0	0,0	0,0	0,0	0,0	0,8	2,4	4,4	0,3	8,2	4,1	0,8	0,0
2001	02	0,7	4,6	0,0	0,9	4,0	1,0	3,7	0,0	0,0	0,0	8,5	3,3	1,1	7,1	9,2	8,9	2,8	2,3	0,2	6,2	0,0	1,6	3,3	8,8	6,2	7,8	8,9	6,8
2001	03	7,9	5,4	0,0	0,0	0,0	8,0	7,4	4,2	0,0	4,6	1,9	3,1	1,2	8,2	0,0	0,9	0,0	3,1	4,1	6,7	0,0	0,0	0,0	1,9	0,0	0,0	0,0	2,5	0,0	0,0	8,7
2001	04	11,1	10,3	7,6	9,0	5,6	1,3	0,0	0,0	5,9	2,6	2,0	10,3	5,0	7,7	1,3	2,8	0,7	4,8	7,3	0,0	0,0	0,0	11,1	9,8	9,7	3,9	9,5	2,3	7,4	12,1
2001	05	12,2	12,9	11,4	3,7	0,0	0,0	0,0	3,9	11,7	13,5	12,6	14,4	12,6	12,0	3,0	13,4	6,8	0,2	3,6	13,8	14,3	7,2	14,9	14,7	14,8	13,1	7,5	0,4	11,2	13,6	7,3
2001	06	6,8	0,7	9,7	3,3	4,2	4,1	9,2	3,2	2,7	0,1	1,1	7,0	11,5	7,5	11,4	5,1	4,3	2,7	1,4	13,4	8,5	4,5	2,8	14,4	13,9	13,2	14,9	2,7	12,5	7,3
2001	07	6,1	9,4	10,6	9,6	11,2	14,7	9,2	2,5	2,3	10,4	2,8	11,5	5,2	10,7	11,4	0,1	0,5	4,0	4,7	0,0	7,9	14,7	13,4	2,5	4,4	13,6	12,7	14,3	8,1	13,6	13,0
2001	08	8,8	10,3	4,2	2,0	8,5	9,0	3,9	3,3	9,0	4,7	8,1	12,9	1,3	11,1	13,1	10,9	4,2	6,9	8,8	7,4	0,0	0,8	8,3	9,6	11,4	9,6	8,5	12,1	8,6	12,0	0,0
2001	09	0,0	6,7	7,9	1,5	1,0	2,7	2,0	5,6	3,5	0,0	4,7	4,1	0,0	0,0	6,5	0,5	1,2	0,6	10,0	2,2	3,1	4,7	6,4	0,0	0,0	0,0	0,7	1,8	8,7	0,0
2001	10	1,0	8,2	9,6	0,0	6,3	2,7	0,1	2,5	8,1	4,5	7,2	9,7	9,0	7,0	3,3	3,8	0,0	0,0	2,5	0,0	0,0	4,0	0,0	0,0	2,0	1,1	1,3	0,6	0,0	4,5	7,6
2001	11	6,0	5,3	5,6	7,3	2,1	0,2	1,8	0,0	1,7	7,8	5,7	0,0	1,9	6,8	3,9	0,0	6,9	0,0	0,1	5,4	0,4	0,0	3,6	3,5	3,1	0,0	0,0	0,5	0,4	0,0
2001	12	0,0	0,0	0,0	0,0	0,6	0,0	0,8	0,5	4,5	0,0	0,0	0,0	4,2	1,1	0,4	0,0	0,0	0,0	0,0	1,8	0,0	1,5	4,9	3,2	0,0	3,7	4,6	0,2	0,0	3,5	3,9
2002	01	0,4	1,7	7,3	7,0	6,8	6,2	0,0	0,0	0,0	0,0	0,0	2,8	0,0	0,0	0,0	0,0	0,1	2,3	0,3	3,0	0,0	5,1	1,1	0,0	6,5	2,9	0,0	1,4	7,5	5,7	3,9
2002	02	6,3	6,9	7,9	5,8	2,7	0,0	2,1	2,5	2,0	4,9	0,0	0,4	0,0	5,3	9,1	9,0	8,1	5,8	3,2	1,5	2,2	0,7	2,2	4,9	0,0	0,1	3,3	8,0
2002	03	9,2	0,0	3,2	5,1	5,1	6,6	2,6	7,5	5,3	10,0	10,1	5,5	8,5	1,6	0,0	0,0	0,0	3,6	0,0	0,2	2,2	0,9	3,5	0,9	0,2	0,0	4,0	9,9	10,6	10,8	8,3
2002	04	7,6	10,3	10,7	11,4	7,4	5,4	9,8	10,2	7,9	1,9	0,4	0,0	0,0	0,0	0,0	10,4	4,6	8,1	4,5	0,2	7,3	2,4	6,1	7,0	4,2	5,2	7,6	4,1	4,8	8,8
2002	05	10,7	9,2	8,0	8,1	2,2	6,8	7,9	10,1	12,3	9,0	3,3	4,6	10,0	9,8	7,6	13,1	13,4	11,8	0,2	2,0	10,2	12,4	7,6	0,0	3,3	0,0	3,1	0,4	9,3	10,4	10,6
2002	06	13,3	14,0	13,9	12,0	6,5	0,0	0,2	0,0	0,0	1,8	12,5	12,2	6,2	6,9	6,5	4,1	13,6	13,7	12,7	10,4	9,0	13,2	11,5	4,4	10,9	12,6	11,4	6,6	8,8	14,0
2002	07	7,6	0,0	7,0	5,1	13,8	11,4	9,9	13,8	14,6	10,9	3,5	12,4	8,8	7,9	2,9	1,9	6,2	0,0	4,0	8,6	11,7	7,6	8,6	2,6	3,1	1,2	3,1	13,8	13,5	12,5	9,8
2002	08	0,4	3,9	12,2	4,4	8,1	5,7	1,9	5,2	9,4	9,5	3,0	0,0	0,0	3,0	7,7	3,3	11,4	11,5	11,9	12,4	9,0	5,6	9,9	10,3	10,4	11,0	10,7	2,7	8,3	7,2	9,3
2002	09	0,0	8,1	8,2	10,8	2,4	8,6	5,9	11,0	9,7	4,7	4,0	11,2	11,0	9,6	3,6	3,2	1,2	1,9	6,6	0,0	2,4	3,5	0,3	0,9	0,0	0,2	4,9	9,4	7,8	9,3
2002	10	8,0	7,1	3,2	1,0	5,3	2,6	3,7	5,1	2,3	0,0	0,0	0,0	0,0	0,1	3,2	0,0	0,0	1,3	1,9	7,1	0,0	1,8	4,8	6,3	1,0	6,8	0,7	3,2	6,2	0,4	2,3
2002	11	5,3	0,0	0,0	0,1	0,4	2,2	0,0	1,3	4,5	4,0	0,0	4,6	3,4	0,0	0,3	0,1	4,3	0,0	0,0	0,0	0,0	0,0	0,6	0,0	0,0	0,0	0,0	0,0	0,0	0,0
2002	12	0,5	2,9	0,0	0,0	0,0	0,0	0,4	7,3	6,8	6,9	7,0	0,0	0,0	0,0	0,0	0,0	0,0	3,9	2,9	2,0	0,0	0,0	0,0	0,0	0,0	0,0	0,0	0,0	2,4	2,8	0,0
2003	01	0,0	0,3	1,0	0,0	0,7	3,4	1,3	6,2	3,9	0,0	5,1	0,0	0,0	0,8	0,0	2,9	7,1	4,9	7,4	5,5	0,0	0,0	0,0	0,0	0,0	0,0	0,0	2,2	0,7	3,1	0,8
2003	02	6,1	0,8	1,7	5,1	6,4	2,7	3,5	0,4	3,0	0,0	0,0	9,1	8,7	9,1	0,0	2,8	8,4	8,7	0,0	0,0	0,0	8,5	9,3	9,4	9,5	9,2	8,9	6,1
2003	03	2,1	0,0	0,0	0,4	1,3	6,7	0,0	2,7	0,4	10,1	2,4	2,4	4,6	0,0	1,8	9,4	7,6	6,0	10,0	0,0	10,1	10,2	11,1	11,2	3,1	4,9	9,1	10,2	8,3	2,6	10,9
2003	04	10,0	0,0	3,4	9,8	2,9	4,9	1,9	3,6	6,3	5,6	4,2	7,4	10,9	12,2	11,9	12,3	12,5	8,4	0,9	12,0	12,0	12,3	10,2	11,2	9,9	9,0	4,1	5,1	4,2	7,5
2003	05	10,1	10,6	4,7	13,9	13,4	12,1	12,6	10,9	8,8	7,7	3,5	6,7	6,1	6,9	6,5	13,5	8,6	8,1	8,7	2,0	9,9	9,8	4,7	13,9	11,9	3,4	3,3	0,4	9,7	14,3	8,9
2003	06	10,9	14,2	13,8	14,8	9,5	10,4	14,2	12,8	12,1	14,4	8,0	13,4	6,8	10,9	7,6	12,9	14,1	1,4	3,2	9,1	12,5	10,6	11,0	13,8	13,7	10,9	12,9	12,1	10,0	11,3
2003	07	0,0	11,4	6,2	8,0	0,4	0,8	7,0	6,6	2,0	10,5	12,3	7,2	11,0	13,9	14,5	13,4	4,5	5,3	13,8	14,2	11,1	7,4	3,9	9,0	5,5	5,9	9,1	3,9	2,2	14,0	2,0
2003	08	8,6	11,0	11,2	13,3	12,3	12,5	12,7	13,2	11,2	13,2	13,4	11,0	9,8	4,6	11,6	13,3	12,2	5,3	2,3	11,7	9,8	11,0	10,0	12,2	11,6	11,1	10,9	8,9	3,7	5,3	2,4
2003	09	5,4	4,0	10,1	0,9	7,4	10,3	8,8	6,5	0,8	1,7	3,8	4,8	0,0	2,5	10,1	6,9	9,6	10,3	10,7	10,4	10,7	10,5	0,3	9,7	10,5	9,6	5,2	4,8	3,7	3,6
2003	10	6,2	5,2	1,9	2,2	0,0	6,9	0,6	2,5	5,1	0,9	4,2	8,2	9,6	7,3	2,5	4,5	9,5	8,7	1,3	0,0	0,0	0,2	6,1	2,0	3,8	1,0	1,8	9,0	3,4	2,1	5,7
2003	11	0,3	5,8	1,6	7,5	7,0	2,8	0,0	4,5	6,7	0,0	7,0	6,8	4,3	6,6	0,9	0,0	3,1	2,3	5,0	2,4	6,6	0,0	0,0	0,0	0,0	0,0	0,2	0,0	0,0	0,1
2003	12	0,0	0,0	0,0	0,0	0,0	2,7	5,0	7,3	4,4	5,0	6,3	0,5	0,0	2,5	1,4	1,9	0,1	1,2	0,0	0,0	0,1	3,1	7,1	7,3	0,0	0,0	1,5	1,8	0,0	0,0	0,0
2004	01	0,7	3,3	1,7	0,0	3,9	5,3	0,1	3,7	0,0	0,0	0,4	5,2	0,0	6,3	0,4	0,0	0,9	0,1	0,0	2,5	2,9	6,1	6,8	5,6	0,0	0,0	0,2	2,4	1,1	2,1	2,3
2004	02	4,4	0,0	0,3	1,4	0,5	1,5	4,4	2,8	2,7	0,6	0,0	1,8	0,0	0,0	2,6	0,2	6,9	0,9	2,9	8,4	6,8	0,6	0,0	6,0	1,0	3,2	6,1	3,6	0,0
2004	03	1,9	0,0	0,3	5,2	7,7	5,5	3,7	0,0	0,0	3,4	8,1	6,9	4,9	3,1	3,5	5,1	8,7	8,1	6,1	0,2	0,9	3,9	0,0	0,0	0,0	2,2	2,9	5,6	9,7	10,3	10,5
2004	04	5,4	9,1	7,7	5,0	6,2	1,3	6,1	5,0	8,7	5,9	7,7	11,5	0,3	11,6	10,5	3,6	7,7	4,3	1,1	4,9	10,8	10,7	9,2	3,5	0,8	2,9	6,9	12,3	8,6	11,5
2004	05	9,4	0,6	6,8	2,5	10,0	2,3	3,4	6,2	2,9	3,0	8,9	7,3	0,7	10,7	3,8	9,6	1,4	3,0	11,4	11,5	6,9	6,7	5,5	8,7	3,3	5,0	9,8	10,2	10,8	13,8	12,0
2004	06	4,8	0,0	0,0	10,8	3,0	6,4	10,9	12,5	9,7	6,6	2,6	9,1	4,8	9,9	8,2	6,5	11,2	6,6	5,7	1,5	11,4	4,0	7,5	11,7	5,7	11,8	3,0	9,8	10,7	6,1
2004	07	4,9	5,6	9,6	4,8	10,3	6,2	9,6	10,8	6,8	4,7	6,6	4,2	1,2	6,7	4,6	6,7	13,4	11,4	7,1	10,8	10,6	9,6	12,3	4,4	10,8	2,1	3,8	10,9	13,4	13,1	9,0
2004	08	8,2	11,0	9,6	12,4	11,3	12,7	11,1	12,2	11,3	12,3	7,4	9,9	8,0	4,9	8,3	9,8	6,9	6,2	5,7	2,7	1,4	6,2	10,8	0,3	11,3	5,8	4,3	3,6	5,3	4,6	6,9
2004	09	9,5	10,9	10,9	10,8	8,1	11,2	11,0	10,9	11,4	11,4	8,2	1,0	4,3	5,3	2,0	8,2	10,7	10,6	9,0	5,1	3,6	3,7	0,0	4,2	1,7	1,4	4,7	0,0	2,7	5,3
2004	10	7,6	2,9	4,7	6,3	9,0	6,4	4,4	0,0	5,0	5,8	9,8	8,9	4,4	0,0	0,3	0,0	5,8	6,7	7,5	4,9	4,6	7,0	6,8	9,0	5,7	0,0	0,0	0,0	1,5	2,4	0,6
2004	11	4,2	0,0	0,0	0,0	1,2	2,6	1,5	0,6	0,0	3,0	0,2	0,0	1,5	3,8	3,2	0,0	0,0	0,0	0,7	1,3	6,2	0,0	2,2	6,8	6,5	4,0	0,0	0,0	1,3	2,4
2004	12	3,7	2,2	0,0	4,1	0,0	1,1	0,2	0,6	0,0	0,0	0,0	0,0	0,0	0,0	0,0	0,0	1,9	1,3	0,1	5,8	6,6	0,0	0,0	0,0	3,6	0,0	0,0	0,6	0,9	3,8	0,0
2005	01	0,7	1,0	0,9	0,0	1,3	1,2	0,4	6,5	4,6	3,8	3,1	0,1	2,0	0,5	2,7	6,4	5,7	0,0	4,3	0,0	1,8	5,1	2,4	2,3	1,3	2,1	0,0	4,7	2,5	0,0	0,0
2005	02	1,6	0,0	0,0	6,3	6,9	7,1	7,3	7,2	1,8	1,0	0,3	0,0	2,4	0,1	0,3	0,0	0,0	2,8	0,3	0,0	0,0	0,0	0,2	1,5	0,0	2,2	6,8	6,7
2005	03	4,3	8,0	7,4	2,8	6,3	0,3	5,8	0,0	0,6	9,9	0,0	4,4	0,7	6,6	5,6	7,8	1,3	4,3	3,4	10,7	10,3	9,6	0,2	7,0	5,7	1,0	0,0	2,6	2,5	6,1	11,2
2005	04	11,3	10,6	10,9	11,4	7,0	7,8	2,9	0,0	0,0	2,0	6,0	8,7	3,4	8,8	10,7	10,2	0,3	1,2	9,0	0,0	12,1	11,9	11,8	5,1	0,0	6,5	2,9	9,0	8,5	10,9
2005	05	10,4	11,8	1,3	5,6	8,1	2,8	5,7	8,1	7,6	8,6	9,6	11,0	13,3	5,7	3,0	9,1	1,0	0,0	10,6	13,5	10,3	6,2	3,4	9,0	13,5	12,7	13,2	14,2	13,2	9,8	10,9
2005	06	13,2	9,0	13,3	2,5	5,5	3,0	3,9	6,7	12,0	6,2	2,0	11,8	9,5	7,1	0,1	11,2	5,5	13,9	14,1	13,7	13,1	7,9	14,7	14,1	8,6	3,7	11,2	13,4	6,7	0,4
2005	07	0,1	4,3	12,1	11,9	0,0	7,9	5,3	0,0	6,1	4,4	4,3	9,3	11,7	9,7	13,3	11,5	11,7	12,1	2,8	3,1	3,0	0,3	2,3	9,9	1,3	8,5	12,0	12,9	12,4	6,2	6,8
2005	08	10,5	4,6	2,4	6,7	8,5	5,4	4,4	5,1	3,7	7,4	8,3	2,7	6,8	4,0	0,0	0,3	4,9	10,8	11,4	3,9	7,1	0,6	3,1	2,6	2,3	11,9	9,0	9,7	12,2	11,9	11,5
2005	09	9,6	10,0	0,3	10,7	11,6	11,4	10,8	11,5	6,0	3,1	2,8	1,6	0,5	9,4	3,3	1,1	0,2	10,7	11,3	9,4	3,6	10,1	10,6	10,4	10,0	6,1	5,2	0,6	2,0	1,9
2005	10	5,2	0,0	0,0	3,6	5,4	7,3	8,4	4,4	9,2	9,2	8,8	8,6	8,2	7,7	7,6	8,3	3,2	0,0	7,6	0,0	0,0	5,4	2,7	3,1	0,0	3,6	7,5	6,9	7,9	6,7	1,3
2005	11	0,9	0,0	0,0	0,0	0,0	1,4	0,0	6,4	0,0	1,6	2,0	0,2	0,0	0,0	0,0	0,1	1,6	0,8	0,5	0,0	0,3	0,0	0,0	3,1	0,0	0,5	0,0	0,8	0,9	0,0
2005	12	3,0	0,0	0,0	0,0	0,0	0,0	0,0	4,8	0,8	0,0	0,2	1,2	1,3	0,0	0,8	0,0	0,0	3,4	0,2	0,0	1,2	1,2	0,4	0,0	3,8	0,0	0,1	0,0	0,0	5,2	0,0
2006	01	0,0	0,0	0,0	0,0	0,0	0,2	0,0	2,3	7,2	7,2	7,5	0,0	0,9	0,0	3,7	3,1	0,0	0,2	0,2	0,0	0,2	4,4	7,6	7,6	0,0	1,0	7,4	7,5	7,3	6,2	4,0
2006	02	5,4	7,5	4,5	0,0	1,6	8,3	0,0	0,0	3,9	0,0	3,0	1,7	2,4	9,1	0,0	0,0	3,1	2,8	8,6	1,3	0,0	0,0	0,0	8,8	7,6	0,5	7,2	3,2
2006	03	3,9	8,4	3,2	0,7	5,8	5,7	7,2	8,4	0,0	4,7	1,6	0,0	7,4	0,3	0,0	0,8	0,6	0,0	7,4	6,0	2,0	1,8	9,7	10,5	0,3	0,4	6,8	0,0	4,4	3,2	4,2
2006	04	6,9	7,2	5,6	7,2	0,0	8,7	9,9	12,0	0,0	0,0	3,4	1,3	2,0	0,1	9,1	1,8	2,5	6,7	9,6	9,6	8,6	7,4	4,7	11,0	12,9	7,1	2,3	0,0	0,1	4,9
2006	05	10,5	5,8	12,2	13,4	12,9	10,3	10,6	9,2	11,5	12,6	14,1	13,7	4,2	2,2	6,9	4,6	1,2	1,1	8,3	6,6	7,7	13,2	0,3	8,4	3,8	2,7	3,0	6,0	4,4	1,4	2,2
2006	06	0,8	9,1	10,1	1,5	5,6	5,2	4,8	13,9	13,8	6,5	15,3	15,3	15,3	14,9	10,1	10,4	5,3	13,7	12,6	14,0	9,7	7,3	9,0	9,9	9,3	14,7	8,6	0,0	6,9	0,0
2006	07	7,4	14,9	15,2	13,8	15,3	12,3	11,8	6,2	11,9	13,1	14,0	5,7	11,1	5,6	12,6	15,2	15,2	15,1	14,9	14,5	5,6	13,5	4,6	11,9	9,9	7,6	11,0	6,5	5,5	10,4	4,3
2006	08	2,6	9,1	1,1	0,5	0,8	0,2	0,0	9,0	2,0	2,4	5,7	4,0	2,9	4,5	4,2	7,8	10,3	5,5	13,1	2,4	5,1	1,8	4,3	8,9	4,2	2,5	5,2	3,2	1,9	3,3	2,1
2006	09	1,2	9,2	0,2	8,3	12,0	4,0	11,9	3,0	11,9	12,0	12,3	11,7	11,9	11,8	9,2	5,8	9,0	7,0	0,0	5,6	11,0	11,1	11,6	11,3	9,2	10,1	1,4	3,2	9,8	6,5
2006	10	2,1	0,1	0,0	2,4	6,2	2,1	0,3	10,2	9,9	10,0	7,9	8,6	2,1	7,1	1,7	5,3	10,0	8,6	7,6	2,6	0,1	6,4	0,1	2,2	8,8	6,6	4,2	3,5	3,3	7,7	3,0
2006	11	5,2	6,1	6,6	0,0	0,0	0,7	4,0	6,0	1,9	1,0	0,0	2,0	0,0	1,1	8,3	0,0	0,1	0,5	0,0	0,0	0,0	0,2	4,4	1,3	0,0	0,0	0,0	0,0	0,0	4,6
2006	12	0,0	0,0	0,7	0,3	0,6	3,3	4,9	4,8	0,0	1,4	4,5	0,0	0,2	6,6	7,2	6,3	0,0	0,1	0,0	0,0	2,0	0,0	0,0	1,4	0,0	6,3	5,0	0,0	0,0	0,0	5,1
2007	01	1,5	0,7	1,3	0,4	0,5	1,1	1,5	0,9	0,0	4,6	0,5	3,4	0,0	4,8	8,0	5,3	1,9	0,0	0,7	0,1	3,8	0,4	0,0	0,0	6,2	7,2	2,1	0,0	0,5	0,1	2,2
2007	02	1,3	0,0	2,4	1,4	4,2	0,0	1,7	0,1	2,7	7,0	1,9	1,1	1,9	4,6	0,0	0,0	5,5	9,5	0,0	1,5	3,4	6,1	3,5	0,0	1,7	1,4	1,0	2,2
2007	03	0,0	2,2	1,8	2,0	2,9	6,5	8,9	0,1	7,2	1,2	10,2	10,5	10,8	5,8	10,4	10,0	0,0	0,1	0,0	0,0	0,1	0,3	3,8	0,0	10,3	11,0	11,0	8,1	2,9	7,5	4,9
2007	04	11,2	11,7	1,8	5,2	10,7	4,0	2,0	3,2	7,2	3,4	4,8	12,5	12,5	13,1	12,6	13,0	11,1	3,2	13,0	11,9	12,5	12,9	12,3	5,0	12,1	13,3	13,4	13,5	10,6	13,8
2007	05	13,7	14,0	13,3	9,9	0,0	0,2	1,9	2,1	0,7	3,5	4,1	7,6	13,4	9,3	1,5	7,0	4,9	14,7	14,8	14,5	13,9	8,3	9,8	14,1	9,6	9,3	8,4	6,0	4,2	0,7	7,1
2007	06	11,5	2,1	0,0	4,3	10,6	9,2	10,5	10,7	9,8	8,6	10,8	12,2	8,9	9,9	6,3	9,4	11,1	7,1	9,3	13,0	2,8	3,5	9,5	12,0	7,2	5,4	8,3	4,6	3,0	4,6
2007	07	10,6	0,7	4,8	5,6	2,9	5,3	12,2	11,7	0,1	0,8	6,7	3,0	5,8	14,2	15,1	12,8	13,4	8,3	8,9	9,9	9,8	5,5	11,6	3,7	6,3	14,4	9,0	1,2	2,7	4,0	2,5
2007	08	13,1	10,7	5,7	10,9	12,7	13,7	12,8	7,4	4,8	0,4	0,4	1,8	10,5	9,3	8,4	1,3	1,2	9,4	8,0	3,2	2,4	5,6	7,9	10,3	10,0	10,2	6,4	1,7	2,2	8,2	1,0
2007	09	3,6	6,1	0,4	6,4	3,7	0,0	0,5	0,0	2,5	0,1	1,1	5,0	6,5	8,8	8,6	11,8	10,1	0,3	5,1	10,7	10,9	10,4	11,1	11,5	2,1	0,8	0,0	0,1	2,3	11,1
2007	10	9,3	1,8	0,4	1,4	2,7	0,5	0,1	8,1	0,7	1,2	4,3	0,0	6,1	10,3	10,3	9,6	9,5	3,5	4,8	1,3	1,2	7,5	0,0	0,0	0,0	0,0	0,0	3,6	4,0	0,1	4,5
2007	11	9,3	0,0	1,4	0,2	0,7	1,8	0,0	0,9	0,7	0,0	0,0	0,3	2,1	0,0	0,4	6,8	0,0	0,0	6,6	0,0	0,0	0,0	0,0	0,4	0,7	4,4	4,9	7,6	3,1	2,8
2007	12	0,0	1,9	3,4	1,5	0,0	3,6	0,1	5,3	0,2	1,8	0,0	0,0	1,7	1,1	0,4	0,0	0,0	6,0	0,0	0,0	0,0	0,0	0,0	0,0	0,0	0,1	0,0	0,0	4,0	1,8	0,6
2008	01	1,5	0,0	0,0	0,0	0,0	0,1	1,1	4,5	0,5	2,2	4,6	0,1	3,0	0,0	6,1	0,0	0,8	1,9	0,1	1,6	0,2	0,5	5,9	4,5	8,3	3,9	1,2	0,0	0,0	0,0	4,0
2008	02	0,3	0,6	8,8	6,8	4,8	1,0	4,4	3,5	6,7	8,5	4,7	0,0	3,0	0,0	3,2	5,1	7,0	0,0	4,1	8,0	2,0	0,2	5,6	10,1	2,3	8,0	3,1	7,7	0,0
2008	03	1,4	0,6	0,4	2,8	6,3	10,6	4,7	0,0	2,2	10,5	1,5	5,8	5,0	0,3	10,1	0,1	0,0	4,3	4,1	4,8	0,1	3,1	0,4	4,7	2,9	5,1	0,1	3,3	6,8	11,1	11,6
2008	04	6,0	4,1	1,9	0,1	6,0	0,2	0,7	9,4	6,1	3,9	8,2	5,5	9,4	10,7	0,0	1,4	7,4	4,7	0,0	2,0	5,5	0,0	8,3	10,7	0,6	3,3	11,6	13,6	0,3	2,4
2008	05	4,3	8,9	3,6	12,3	3,8	5,0	12,9	13,7	13,0	13,5	14,2	13,7	13,6	11,5	8,6	4,4	7,0	0,0	0,3	2,6	0,0	0,0	0,1	7,3	13,3	1,7	11,5	10,5	2,2	13,3	12,2
2008	06	10,7	13,7	6,4	0,6	12,9	10,4	12,5	6,0	11,6	14,7	5,0	2,3	1,8	6,5	5,5	0,0	8,7	2,9	10,6	5,4	4,8	14,2	12,3	12,5	7,8	8,2	10,4	6,6	11,2	9,2
2008	07	15,3	14,4	9,0	4,9	10,0	10,3	2,8	10,5	6,0	1,8	9,5	1,8	0,0	0,8	2,0	5,5	0,0	0,6	4,3	11,0	6,0	2,0	8,6	0,4	5,2	9,1	12,7	14,7	13,2	7,4	11,0
2008	08	9,9	3,1	5,4	5,8	5,9	12,3	13,2	6,4	3,3	8,2	5,3	3,5	5,9	8,7	0,0	0,0	7,6	11,8	10,0	4,5	12,2	6,8	8,0	2,8	4,5	6,6	12,3	7,1	1,1	8,4	12,6
2008	09	7,2	7,4	9,6	3,2	5,3	8,9	1,3	7,2	12,4	6,7	10,4	5,0	10,2	5,5	0,0	0,0	0,0	5,8	0,6	0,0	1,2	0,6	6,0	0,0	0,0	7,4	8,8	10,8	5,6	3,7
2008	10	1,1	2,8	0,0	3,8	10,2	0,0	1,1	3,5	6,0	0,7	5,2	6,4	4,5	2,9	1,0	0,0	5,7	9,4	7,6	9,6	9,5	0,0	6,6	7,6	5,4	4,5	0,0	0,0	0,0	0,2	6,3
2008	11	5,8	0,0	0,1	0,0	4,9	0,0	0,0	0,0	8,2	2,7	6,0	0,0	2,1	7,6	6,6	0,0	2,9	3,6	0,0	0,3	0,5	0,9	1,5	0,5	1,7	0,3	2,4	1,7	0,0	1,7
2008	12	0,2	2,1	7,5	4,4	0,9	0,3	0,0	0,0	6,2	0,0	0,0	0,0	0,0	0,0	0,2	0,0	0,0	0,0	0,0	0,0	0,3	0,5	0,5	0,1	1,4	1,5	0,0	6,2	6,1	6,6	0,0
2009	01	0,2	0,0	7,2	0,1	0,0	0,0	1,9	0,0	0,0	0,0	0,0	0,0	2,0	0,0	0,0	1,7	0,1	1,0	4,5	0,0	0,0	4,6	0,0	4,2	0,0	4,6	0,0	0,0	4,6	0,0	0,0
2009	02	3,1	0,0	0,0	0,0	0,0	0,0	0,0	0,4	6,2	1,4	0,0	4,5	4,7	4,2	2,1	0,0	2,2	0,9	1,0	0,0	0,0	0,0	0,0	0,0	6,1	0,8	3,3	0,0
2009	03	0,0	0,4	0,6	0,0	1,9	0,0	0,0	1,0	2,9	1,7	0,9	1,4	1,5	6,1	0,1	1,0	1,5	6,4	3,9	4,3	8,2	1,0	0,3	3,7	4,8	0,6	1,0	1,6	0,0	1,8	11,8
2009	04	0,0	11,9	12,1	10,8	4,2	7,7	9,9	7,5	12,3	11,3	12,3	12,5	12,5	12,4	12,6	10,4	0,2	0,4	11,5	11,5	13,3	8,9	0,7	12,6	12,6	9,1	12,1	10,5	1,2	8,8
2009	05	10,1	13,8	13,5	1,2	4,5	0,0	5,2	9,7	7,8	6,2	0,6	7,8	5,4	0,6	0,0	5,4	14,6	2,9	7,2	10,5	7,6	4,0	9,0	11,0	14,5	10,4	4,6	1,2	3,8	0,0	1,3
2009	06	9,3	6,2	9,2	3,6	3,3	1,5	6,5	3,8	8,5	6,9	5,2	7,1	15,6	13,1	5,9	6,7	13,1	9,1	0,2	4,5	8,4	0,8	0,1	0,0	2,1	3,7	1,4	0,0	4,7	5,1
2009	07	7,7	3,1	8,2	9,1	8,5	6,5	8,9	6,2	3,8	7,4	1,4	3,8	8,6	6,2	4,7	8,0	10,3	0,6	6,5	6,1	6,9	7,0	7,4	9,6	3,1	9,7	13,8	2,4	12,9	9,5	7,6
2009	08	12,8	9,9	5,6	2,6	7,8	11,6	10,0	12,3	9,1	8,2	2,8	2,1	6,0	6,5	12,9	12,7	8,7	6,3	13,2	13,4	7,9	0,5	11,9	13,3	12,8	1,6	8,1	7,0	4,7	11,1	12,9
2009	09	12,9	6,1	1,5	0,3	3,7	6,6	10,8	12,4	12,0	11,7	4,9	4,9	2,7	0,0	1,8	4,2	0,1	8,1	11,1	4,4	6,5	7,7	10,7	0,0	9,5	11,0	10,3	9,4	1,3	2,0
2009	10	1,5	1,9	9,8	1,5	1,4	5,7	7,3	1,3	6,6	0,1	0,9	0,9	4,6	0,0	0,0	0,2	0,0	1,6	1,0	0,0	2,3	0,0	2,0	1,4	3,7	3,1	0,5	0,0	0,2	8,6	0,0
2009	11	0,0	0,0	0,0	1,0	6,2	0,0	0,0	0,0	0,0	1,7	0,0	4,5	1,7	1,9	6,5	0,1	0,2	4,5	7,6	5,9	2,6	2,2	3,9	3,0	6,5	7,5	1,9	2,7	3,3	3,0
2009	12	0,0	5,1	0,0	0,0	1,8	0,6	5,6	0,0	0,0	0,4	0,0	0,0	0,0	0,0	0,3	0,0	1,2	1,0	0,0	6,1	5,7	0,6	0,0	0,0	0,8	6,8	0,9	2,8	3,9	0,9	0,6
2010	01	0,0	0,2	0,4	1,1	2,8	0,0	3,4	0,0	0,0	0,0	0,0	0,0	0,0	0,0	0,0	0,0	0,0	0,0	0,1	1,5	0,0	0,0	0,0	1,6	0,0	6,1	5,8	2,6	0,1	7,0	4,6
2010	02	2,6	4,4	4,4	0,0	0,0	0,0	1,0	5,9	0,0	0,0	0,0	0,2	0,4	7,4	0,0	2,0	0,0	0,0	0,0	3,1	2,4	3,4	1,7	0,2	7,8	0,0	9,2	0,2
2010	03	2,8	6,5	5,8	5,7	1,3	0,0	10,5	5,4	10,6	7,9	0,0	0,0	0,0	0,0	3,2	0,6	0,1	10,2	5,9	1,4	1,6	11,4	9,0	10,5	9,2	10,5	2,0	5,0	0,6	7,9	2,2
2010	04	4,6	6,6	6,6	5,5	1,7	11,5	12,6	12,1	4,2	5,0	0,3	0,4	2,4	3,1	0,0	8,1	13,0	10,6	10,7	7,1	4,6	12,7	13,2	12,9	12,5	7,5	3,7	11,7	12,4	8,2
2010	05	5,7	0,0	0,5	0,2	0,0	0,6	3,4	6,8	5,2	0,6	2,9	7,0	1,2	0,0	0,3	1,0	5,2	1,3	0,0	0,0	3,3	8,3	6,0	5,5	8,0	1,5	3,7	4,9	11,3	3,8	0,8
2010	06	0,1	0,0	0,0	14,7	15,2	14,6	9,3	11,1	10,6	10,4	14,1	6,1	0,6	8,2	4,5	5,5	13,5	1,9	3,5	0,0	4,0	10,9	8,8	5,6	9,0	11,6	14,6	15,6	15,5	8,8
2010	07	8,0	14,6	14,7	13,2	4,9	2,3	11,8	15,0	15,2	15,1	15,3	15,0	7,1	14,6	1,1	14,5	2,4	0,5	6,2	11,7	13,9	10,3	0,3	0,1	2,9	9,0	8,3	4,8	3,3	1,5	10,1
2010	08	14,1	2,8	1,7	7,8	7,7	0,0	0,0	6,2	3,9	10,8	3,8	6,9	0,1	1,9	7,3	6,2	0,2	3,7	5,0	12,8	13,2	12,4	5,1	3,8	8,5	3,9	1,6	2,6	5,6	4,0	0,2
2010	09	2,7	1,0	3,7	7,4	9,3	10,5	7,5	0,0	1,7	4,3	10,4	11,0	1,4	0,8	0,7	3,6	5,9	5,4	5,8	6,9	10,8	11,1	11,1	10,6	0,0	0,0	0,0	0,0	0,0	1,6
2010	10	3,0	3,5	0,0	0,0	0,0	0,0	0,1	9,7	8,8	10,5	10,2	10,0	7,8	9,5	0,0	0,6	6,4	1,0	0,6	2,3	4,4	7,4	8,4	0,2	0,0	5,5	8,6	1,5	8,9	8,6	2,8
2010	11	2,5	7,4	3,6	0,0	6,4	0,6	0,0	0,1	5,0	0,0	5,8	5,5	1,7	8,6	1,8	0,0	0,0	0,0	0,0	0,2	0,0	0,0	0,0	0,0	3,0	0,5	5,5	0,7	0,0	2,1
2010	12	0,0	1,6	0,0	0,0	0,0	0,0	0,0	0,0	2,0	0,4	1,9	0,1	4,0	0,0	0,0	3,1	0,0	4,8	0,0	0,1	0,0	0,0	0,0	0,0	0,0	1,8	2,4	4,1	0,0	5,3	0,1
2011	01	0,9	0,4	1,6	1,9	0,8	0,0	0,2	0,6	0,5	0,1	0,0	1,7	0,0	0,0	1,9	6,2	5,3	4,4	0,3	1,3	0,0	0,2	1,7	0,4	0,4	0,0	0,0	5,7	7,1	0,0	0,0
2011	02	0,0	2,6	1,8	0,1	7,5	4,2	9,1	4,6	8,9	0,0	0,0	0,0	0,0	0,0	0,0	0,0	0,0	0,0	0,0	0,0	2,9	6,3	7,9	6,3	9,8	9,8	3,7	9,6
2011	03	9,8	10,3	1,6	4,4	9,0	5,4	10,8	10,8	9,1	1,3	1,5	9,6	3,9	3,1	9,3	0,6	0,0	0,0	1,9	3,0	11,3	11,4	8,1	10,9	8,9	0,5	3,5	4,9	11,8	9,2	4,2
2011	04	4,9	6,0	11,7	0,7	7,2	4,5	7,7	5,8	7,8	12,7	7,7	4,7	0,0	0,5	1,2	9,0	6,1	12,0	12,7	12,9	12,9	13,1	11,6	12,7	2,0	3,7	0,4	5,3	8,4	9,0
2011	05	8,1	4,0	1,1	6,2	10,8	13,7	14,2	13,3	14,4	13,8	11,6	3,9	10,3	4,8	0,6	6,8	1,3	12,6	12,8	9,4	12,6	11,9	12,0	12,1	14,8	12,8	1,7	4,5	13,6	15,1	10,7
2011	06	0,0	4,2	10,1	9,3	12,5	8,6	10,7	4,9	6,2	9,2	6,6	6,7	8,8	7,0	9,2	9,9	9,9	0,1	10,0	5,3	3,3	7,0	7,5	7,0	5,9	4,1	14,5	15,6	15,4	7,6
2011	07	8,0	2,0	0,0	0,9	4,7	12,5	9,5	5,3	8,9	9,2	7,4	14,4	5,1	3,6	5,4	13,1	9,3	3,8	10,0	0,2	0,0	0,2	10,6	1,3	3,7	4,1	2,7	6,5	1,7	0,0	0,0
2011	08	1,0	6,6	12,8	1,9	2,0	6,8	0,2	4,2	5,2	2,0	6,2	4,6	2,0	5,2	0,0	2,3	6,5	12,0	7,4	13,1	9,4	10,1	12,5	9,3	10,2	12,9	2,1	11,3	10,5	5,4	8,1
2011	09	7,8	9,1	12,4	11,7	0,3	10,6	2,0	0,0	1,4	6,1	11,3	9,6	5,9	10,2	9,8	10,7	4,6	0,0	0,0	0,5	6,2	5,4	5,8	11,2	10,9	11,0	9,1	7,9	10,3	11,3
2011	10	11,1	11,1	10,9	10,4	0,4	7,8	2,9	1,1	2,2	0,0	0,0	0,0	6,2	5,3	10,2	10,2	10,2	8,6	0,0	4,9	8,5	0,9	0,7	1,6	0,0	0,0	0,0	0,0	0,9	1,0	0,0
2011	11	1,0	0,0	0,0	0,0	0,0	6,9	6,8	0,0	0,0	0,0	1,9	7,8	7,9	6,9	0,0	0,0	0,0	0,9	0,0	4,1	0,0	2,7	0,0	0,0	0,0	2,7	7,7	5,9	6,9	0,0
2011	12	0,0	2,1	3,2	0,0	2,5	2,3	0,0	0,8	0,0	3,6	6,1	0,0	1,1	1,4	0,2	0,0	1,5	1,2	6,2	5,1	0,5	1,5	0,5	0,1	0,6	0,7	0,0	0,0	0,7	0,3	4,0
2012	01	0,0	0,0	5,9	0,9	0,0	4,1	0,0	0,3	0,1	2,6	0,6	4,1	2,4	2,7	4,4	2,4	0,0	8,1	0,0	2,5	0,0	2,4	4,6	0,2	2,0	7,6	6,8	0,0	3,8	7,5	8,2
2012	02	8,2	8,5	8,5	4,6	3,1	7,9	0,0	6,8	0,0	7,7	8,5	9,0	0,0	4,4	0,7	2,0	0,0	2,2	0,5	3,0	4,2	4,0	0,0	1,7	7,7	1,8	6,4	0,0	0,4
2012	03	2,0	3,6	6,3	3,5	10,2	8,3	9,1	0,0	8,9	3,7	0,3	0,0	0,0	0,0	4,3	10,9	10,9	8,7	8,2	11,6	11,3	6,6	9,7	10,7	11,8	12,0	9,3	11,6	0,2	0,3	1,2
2012	04	8,1	1,7	7,7	7,1	0,0	0,0	1,6	1,9	10,4	2,8	5,3	3,8	7,0	9,8	0,0	0,0	7,9	8,9	6,3	6,4	4,5	3,2	8,5	6,2	8,9	13,1	13,4	13,6	8,6	13,0
2012	05	13,6	10,5	1,8	11,7	6,9	2,3	2,8	7,6	9,2	10,5	10,5	2,8	3,9	2,5	5,3	3,0	11,0	10,0	14,4	12,7	7,1	9,2	11,9	13,8	14,7	12,4	8,8	3,9	10,6	9,5	5,0
2012	06	3,2	5,1	3,1	2,7	0,0	3,5	10,5	2,7	5,1	0,3	3,6	3,6	1,5	0,0	11,7	12,1	11,8	11,8	7,7	5,8	7,8	12,5	13,1	10,2	4,7	7,6	10,7	11,9	12,2	8,7
2012	07	7,7	6,6	1,3	5,8	6,3	8,9	6,5	9,9	9,1	9,7	8,2	9,4	1,4	7,6	5,8	1,6	2,6	6,0	4,7	3,3	1,2	2,0	14,9	14,1	0,1	9,6	11,7	8,1	4,5	11,2	7,2
2012	08	12,2	11,5	3,5	10,7	7,9	5,5	7,4	2,9	5,9	2,7	2,5	11,4	10,2	13,2	13,6	3,4	12,4	12,8	13,5	12,6	8,3	5,4	12,8	0,7	5,1	5,0	5,1	11,0	7,2	7,2	0,0
2012	09	0,0	3,0	6,1	9,5	8,4	4,6	6,1	7,6	12,2	10,7	11,0	0,0	3,8	10,6	2,4	10,0	8,2	9,6	0,7	8,6	9,0	4,9	6,2	3,8	8,6	7,5	2,9	3,7	4,7	10,8
2012	10	0,0	5,1	7,5	1,5	3,2	4,8	1,3	7,6	4,4	3,3	7,3	1,0	8,3	1,0	0,2	1,5	8,9	4,9	1,7	0,0	0,0	0,0	0,0	0,0	0,0	0,1	0,0	1,5	0,1	0,2	7,5
2012	11	0,0	3,3	2,1	0,7	0,7	3,0	0,2	0,2	1,9	1,5	0,0	0,0	5,5	2,0	0,0	0,0	0,0	0,1	3,6	0,0	0,0	0,3	0,0	5,3	1,0	0,7	0,0	0,0	0,0	0,0
2012	12	7,7	0,3	2,2	0,0	0,0	1,1	7,1	6,6	4,1	0,3	0,0	2,1	1,4	2,3	0,0	2,1	0,0	0,0	3,0	0,0	0,0	0,0	0,0	0,1	0,2	0,3	0,8	2,2	4,4	1,5	3,1
2013	01	1,3	3,4	0,0	0,8	0,0	0,0	0,0	0,0	0,0	0,0	1,3	3,6	0,0	0,0	1,0	0,0	0,0	0,0	0,1	0,0	0,0	0,0	0,0	0,0	0,0	0,0	0,0	0,7	0,0	0,4	4,1
2013	02	0,0	0,1	4,2	0,0	1,5	6,9	0,6	4,7	0,7	6,9	0,0	0,0	0,1	0,0	0,0	0,0	0,0	0,0	0,0	1,2	3,1	0,0	0,0	1,4	0,0	0,0	0,0	0,0
2013	03	0,0	9,7	1,6	10,3	10,4	9,4	0,0	0,0	0,0	3,1	0,0	0,0	0,3	9,0	6,9	11,0	8,8	0,4	0,6	9,1	0,1	1,4	8,3	9,3	2,4	0,0	0,0	0,1	3,8	2,6	0,0
2013	04	3,8	0,8	0,0	0,0	0,0	0,0	0,4	9,7	1,5	2,9	1,7	2,8	5,0	4,1	11,7	7,1	6,3	10,7	0,3	0,0	11,2	10,4	8,1	12,2	11,7	11,8	3,9	0,0	0,0	3,3
2013	05	0,0	0,0	0,3	3,4	4,4	0,7	2,0	3,3	7,4	0,0	0,0	6,9	6,3	3,6	13,4	9,7	8,0	7,6	13,0	9,2	8,5	0,6	0,6	2,8	1,1	0,0	0,7	8,9	5,2	0,0	2,2
2013	06	0,0	0,0	0,0	2,9	11,7	1,4	9,9	9,3	6,6	0,0	14,7	13,9	14,9	6,4	5,7	12,1	13,2	11,6	13,8	11,1	11,9	7,2	8,4	0,0	0,0	0,5	2,8	6,2	2,0	7,9
2013	07	12,2	13,1	2,9	4,0	1,8	3,5	12,7	13,1	12,2	9,9	2,2	5,9	10,2	11,5	11,7	13,9	12,8	12,9	13,2	8,5	15,1	14,9	14,0	12,3	7,3	12,7	13,8	13,8	7,0	5,6	2,7
2013	08	13,6	14,6	13,3	9,0	12,3	9,7	10,5	6,0	1,7	8,1	9,3	9,4	6,9	8,4	10,2	13,8	13,1	8,2	0,2	0,6	9,6	11,5	7,9	9,9	0,0	0,0	0,0	1,1	11,9	9,5	7,2
2013	09	5,5	2,2	0,2	3,3	8,5	12,5	12,5	8,1	4,6	2,8	3,9	0,7	1,7	7,6	0,2	0,0	2,4	0,1	4,3	0,2	0,6	1,1	1,1	1,4	0,7	2,1	6,6	11,1	10,7	10,9
2013	10	10,9	7,3	10,8	10,2	7,8	5,0	0,0	6,7	0,0	2,5	0,0	0,3	5,3	5,9	0,7	1,8	3,1	0,3	9,8	5,7	5,9	4,0	0,5	8,8	0,0	5,8	1,8	3,9	2,0	4,9	9,2
2013	11	0,5	0,2	0,1	1,9	0,3	0,9	2,5	0,7	1,1	1,9	0,4	8,4	0,0	0,0	0,0	4,3	0,0	0,0	0,0	0,0	0,0	0,2	0,0	0,0	2,4	3,5	8,0	0,0	0,0	0,5
2013	12	1,5	7,4	5,3	0,4	1,9	2,7	0,3	0,5	0,0	0,0	0,0	0,0	0,0	0,0	1,9	6,9	0,7	0,0	0,0	0,0	1,1	0,4	2,3	1,6	0,1	2,7	5,7	1,1	0,3	7,1	0,5
2014	01	0,0	0,0	4,4	0,2	0,0	6,3	4,4	5,6	1,0	5,7	2,7	7,6	4,8	0,0	0,0	0,2	0,0	0,0	0,0	0,0	0,0	0,0	0,0	0,0	2,7	0,2	0,0	0,0	0,0	0,0	0,6
2014	02	5,3	0,0	1,4	4,5	0,0	5,6	2,4	6,9	0,0	4,7	1,6	4,8	2,7	8,6	1,2	0,0	8,8	3,3	0,6	2,4	3,2	6,2	8,7	9,9	4,9	0,5	8,4	1,4
2014	03	2,5	7,9	2,0	0,0	2,6	0,6	6,1	9,4	7,7	10,7	10,8	10,8	10,9	10,5	0,0	0,0	0,0	0,0	0,0	9,0	9,0	4,7	0,0	0,9	2,9	4,1	8,2	4,8	9,6	10,4	0,4
2014	04	6,5	10,5	8,2	9,0	0,0	4,5	7,3	1,9	1,6	0,3	10,9	3,8	2,5	2,7	1,9	4,8	12,5	0,7	10,1	9,1	3,7	3,5	11,9	9,9	6,9	7,7	3,8	1,7	3,7	8,7
2014	05	6,5	3,0	0,1	9,8	12,2	8,5	0,1	6,6	5,8	9,0	4,2	8,8	3,3	3,7	4,1	0,0	0,0	0,0	9,4	14,2	13,4	14,2	8,0	4,6	14,9	12,4	1,7	0,0	0,0	4,6	12,8
2014	06	13,8	10,8	4,5	10,3	7,8	14,7	14,9	15,3	15,3	13,5	8,9	10,0	9,2	5,2	5,9	8,6	9,4	13,7	10,6	2,9	0,5	0,8	11,5	7,4	2,9	5,6	9,6	5,9	0,0	2,6
2014	07	9,9	5,2	14,7	13,8	3,9	11,1	10,5	6,3	1,8	0,5	2,3	12,4	9,1	8,3	11,9	10,5	3,6	13,3	13,0	12,9	3,4	8,6	12,9	7,4	10,3	11,8	6,9	3,1	1,6	0,6	0,5
2014	08	7,1	5,9	10,1	0,2	2,6	5,3	5,8	9,8	7,3	12,0	1,4	3,6	1,3	3,1	4,2	4,2	4,7	2,5	4,9	9,0	6,6	4,5	3,8	4,0	11,6	0,0	6,3	11,9	2,9	7,8	0,3
2014	09	0,0	0,0	2,7	10,8	9,4	8,9	7,6	5,3	3,1	1,9	0,8	0,0	0,4	0,0	5,0	6,0	9,0	10,2	7,1	5,0	2,4	4,0	2,0	8,0	1,9	0,0	6,5	10,3	10,8	0,2
2014	10	1,6	5,3	3,3	2,4	0,1	4,4	1,2	2,3	8,3	0,1	0,0	7,5	0,7	2,7	3,2	3,2	0,1	7,7	5,8	0,8	5,7	0,0	0,0	1,7	0,0	2,1	2,2	5,1	0,0	0,0	0,1
2014	11	2,6	0,0	1,7	5,8	0,9	0,0	0,0	6,5	0,0	0,0	0,0	0,0	0,0	4,7	0,0	1,1	0,0	0,0	0,0	0,0	0,0	0,0	0,0	0,0	0,0	1,7	0,0	0,0	0,0	0,0
2014	12	0,0	0,0	0,0	0,0	0,0	0,0	0,0	2,7	6,2	0,0	0,2	0,1	2,4	0,0	1,4	0,0	1,7	0,4	0,0	1,3	1,1	0,0	1,0	1,9	1,9	0,1	1,3	1,8	0,0	3,1	0,0
2015	01	0,0	0,0	0,0	1,3	0,0	0,2	0,0	0,0	0,0	1,8	0,2	0,0	7,7	2,6	0,1	3,0	0,0	1,0	0,0	0,0	0,1	0,0	0,0	0,0	0,5	3,2	1,0	1,1	5,7	0,0	1,1
2015	02	5,8	1,3	4,5	0,2	3,5	6,6	8,7	1,9	0,1	0,5	2,9	0,0	0,0	0,0	0,0	9,3	0,2	0,0	4,7	8,7	6,5	0,3	5,7	1,3	2,2	9,6	5,7	0,0
2015	03	0,2	3,3	9,7	5,9	2,3	1,5	9,4	10,3	9,1	9,4	1,0	0,1	0,0	0,0	0,1	4,8	8,4	10,9	11,1	11,1	7,1	0,0	8,0	9,8	7,5	1,1	2,0	4,6	0,3	6,1	4,1
2015	04	4,1	1,8	4,1	9,5	3,4	4,4	10,4	0,0	6,4	11,8	8,7	6,3	2,7	8,8	11,2	8,4	1,1	2,8	13,2	12,7	13,2	9,6	10,1	7,0	7,9	3,4	10,9	0,0	11,1	3,9
2015	05	0,4	4,8	3,5	5,8	3,0	2,1	10,6	11,5	2,8	9,4	13,7	9,3	8,6	8,3	12,7	11,2	9,1	13,9	1,1	0,0	0,4	10,4	6,7	0,2	4,8	0,2	2,1	8,4	8,1	3,3	11,7
2015	06	3,6	10,7	12,2	12,8	15,3	14,8	3,3	0,7	0,0	3,4	2,8	13,3	7,3	11,5	2,2	8,9	11,3	0,1	0,4	4,6	0,6	2,5	6,9	3,8	10,8	5,0	0,0	11,8	6,6	11,4
2015	07	14,9	15,4	14,8	14,6	8,8	12,4	13,8	4,5	4,5	13,7	13,7	9,8	0,7	1,2	3,7	8,9	10,0	7,3	7,5	4,9	8,4	13,0	0,4	5,1	5,3	13,4	6,7	4,9	5,1	8,0	10,8
2015	08	6,0	6,4	12,5	12,0	12,0	12,5	12,8	11,5	11,7	12,2	10,4	11,5	12,2	9,4	10,7	1,7	0,0	0,0	0,0	2,0	12,4	7,8	10,3	8,1	3,7	12,6	11,4	1,2	8,1	12,8	11,8
2015	09	8,8	5,2	5,9	7,3	6,6	2,2	2,1	5,1	6,2	5,0	2,6	7,5	11,2	0,3	2,4	8,3	10,3	5,2	9,7	1,2	4,6	4,8	0,0	5,4	8,3	0,3	3,7	8,2	5,2	0,8
2015	10	10,7	11,0	6,8	4,7	7,1	1,2	0,0	0,0	0,0	0,0	8,7	10,2	0,0	0,0	0,0	0,3	0,2	0,0	2,7	0,0	0,0	0,8	5,9	9,4	0,1	3,0	0,0	0,0	0,0	0,0	8,5
2015	11	9,2	9,0	6,9	4,3	5,5	3,7	1,6	7,7	0,7	2,4	0,0	2,7	6,1	4,1	0,0	7,4	0,6	0,8	0,9	0,0	3,1	2,1	1,1	4,3	0,0	0,9	0,0	2,0	0,0	0,1
2015	12	2,2	0,0	6,7	4,0	4,6	7,5	0,5	0,0	0,0	0,4	3,4	0,1	0,3	0,0	0,2	0,0	0,2	0,0	3,7	0,0	0,0	0,6	5,8	0,0	0,2	6,4	5,7	2,6	0,0	3,6	6,0
