title	Denní úhrn srážek v mm	 																															
1961	01	0,0	0,0	0,0	0,0	0,0	0,0	0,6	0,0	0,2	0,0	0,0	0,0	0,0	0,7	0,0	0,0	0,0	0,0	0,0	0,0	0,0	0,1	1,2	0,1	0,0	0,0	0,0	0,0	0,0	1,6	3,7
1961	02	3,6	0,6	0,0	1,1	0,0	0,6	0,5	3,6	1,3	0,0	5,6	0,1	0,0	0,0	0,0	0,0	0,0	0,0	1,8	0,0	0,0	0,0	0,0	0,0	0,0	0,0	0,0	1,4
1961	03	0,0	4,4	0,1	0,0	0,0	0,0	0,0	0,0	0,0	0,0	0,0	0,7	6,4	0,0	0,0	0,0	0,0	0,0	0,1	0,5	0,6	0,1	0,0	0,0	0,0	0,0	0,2	1,6	0,1	4,2	5,8
1961	04	1,0	1,0	1,4	0,8	0,0	0,0	1,3	0,0	0,0	0,0	0,0	0,0	0,0	1,6	0,2	21,7	0,0	1,5	0,0	0,0	0,0	0,0	0,0	0,0	0,0	11,2	0,0	0,0	10,1	5,5
1961	05	1,6	0,4	0,8	0,4	1,9	0,1	1,3	4,2	2,6	2,6	2,8	1,8	1,0	0,0	3,2	3,0	0,6	0,0	0,0	0,0	1,1	0,0	0,0	0,0	0,0	3,8	1,3	0,8	17,3	0,0	0,0
1961	06	0,7	12,1	14,4	8,2	0,1	1,6	4,9	1,1	0,1	0,2	0,0	1,1	5,9	1,6	0,0	0,0	0,0	0,0	0,0	0,0	0,0	0,0	0,0	0,0	0,0	0,4	3,8	0,0	0,0	0,0
1961	07	0,0	0,0	0,0	0,1	1,9	0,0	0,0	2,2	0,5	0,0	1,9	0,0	0,1	0,0	3,2	0,0	0,9	0,3	1,0	1,4	0,0	0,0	0,0	0,0	0,0	0,0	10,1	14,1	0,5	2,0	0,0
1961	08	0,0	4,0	0,4	0,8	0,0	3,3	4,7	1,2	0,8	7,3	9,2	12,7	0,0	1,3	1,8	0,0	3,4	0,1	0,1	0,1	0,0	1,6	1,5	0,0	0,0	0,0	0,0	0,0	0,0	0,0	0,0
1961	09	0,0	0,0	0,1	1,6	0,3	7,2	1,7	0,2	0,0	0,0	0,0	3,7	0,0	10,4	0,0	0,0	0,0	0,0	0,0	0,0	0,0	0,0	0,0	0,0	0,0	0,0	0,0	0,0	0,0	0,0
1961	10	0,0	0,0	0,0	0,0	0,0	0,0	0,0	5,6	0,0	0,0	0,0	0,0	0,0	0,0	0,0	0,0	1,6	4,5	0,0	13,2	18,6	0,0	0,1	0,0	0,0	0,0	0,0	5,3	0,1	0,0	0,0
1961	11	2,0	0,0	0,1	0,0	0,1	9,6	1,9	0,2	0,6	4,2	2,1	1,4	4,6	0,2	0,2	0,0	0,0	0,0	0,0	0,0	0,0	0,0	0,0	0,0	0,0	0,1	0,5	3,8	0,0	0,8
1961	12	0,0	0,0	0,1	0,0	0,0	0,0	0,5	0,0	0,4	1,7	8,0	11,9	1,4	0,0	1,0	0,1	0,0	0,0	0,1	0,0	0,0	1,5	0,0	0,1	0,0	0,1	0,0	0,0	0,0	0,0	0,0
1962	01	0,0	0,0	0,0	0,0	0,0	0,0	0,0	0,0	0,1	0,0	0,0	1,6	1,0	0,0	0,0	0,0	0,0	0,0	0,0	0,3	1,4	0,0	0,0	3,4	3,2	2,2	0,3	0,4	0,3	0,0	0,0
1962	02	0,0	0,4	0,0	0,4	4,0	0,0	0,0	7,5	0,0	0,0	0,0	3,5	3,0	0,1	0,2	0,4	0,5	0,6	0,0	0,0	0,0	0,0	0,1	1,9	0,0	0,0	1,8	0,0
1962	03	0,4	0,0	0,1	2,1	13,5	1,9	0,0	0,0	0,0	0,0	1,9	1,6	0,0	0,0	2,2	0,0	0,0	0,0	0,0	0,0	0,0	0,0	0,0	0,0	0,0	0,0	0,1	0,8	3,0	1,0	8,3
1962	04	0,0	0,0	0,0	1,7	0,0	6,4	0,0	0,0	0,0	0,0	0,0	1,2	8,6	0,0	0,2	2,9	0,0	0,0	0,0	0,0	0,0	0,0	0,0	0,0	0,0	37,0	0,0	5,5	2,7	0,4
1962	05	2,0	3,0	0,0	0,0	0,3	2,1	0,5	0,8	14,1	0,1	5,1	10,8	5,7	3,1	0,4	0,3	1,9	0,0	15,2	0,0	0,5	0,0	0,3	0,0	2,0	6,9	0,0	0,0	0,0	0,0	0,0
1962	06	4,8	0,0	1,6	0,1	0,0	0,0	0,0	0,0	0,0	6,3	1,1	0,0	0,0	0,0	0,0	0,0	0,2	5,5	6,3	0,0	0,0	0,0	0,0	0,0	0,0	0,0	0,8	1,9	0,0	0,0
1962	07	1,4	0,9	1,6	0,0	0,1	0,5	0,0	0,0	0,0	0,0	2,1	0,1	2,4	1,1	30,3	2,6	2,9	4,9	0,0	0,0	0,8	1,5	0,0	0,0	0,0	1,6	0,7	0,0	0,0	6,3	0,1
1962	08	0,0	0,0	2,0	0,0	13,7	0,6	4,4	0,0	0,0	0,0	0,0	0,0	0,0	0,0	2,6	0,0	2,2	0,0	0,0	0,0	0,5	0,0	0,0	3,9	0,0	0,0	0,0	0,0	0,0	0,0	0,0
1962	09	0,0	0,0	0,0	2,9	2,2	0,2	0,1	0,1	0,0	0,4	0,0	0,0	2,6	0,0	0,0	13,9	0,3	12,9	0,0	0,5	1,3	0,0	4,8	0,0	0,0	0,0	0,0	0,0	0,0	0,0
1962	10	0,0	0,0	0,0	0,1	0,0	0,0	0,0	0,0	0,0	0,0	0,0	0,1	0,0	0,2	0,0	0,0	0,0	0,0	0,0	0,0	0,0	0,0	0,0	0,0	0,0	0,0	3,4	1,5	0,0	0,0	15,8
1962	11	3,7	0,0	0,0	0,0	0,0	0,0	0,0	0,0	0,0	4,0	0,2	0,8	0,1	0,0	0,0	0,0	0,0	0,3	2,2	0,0	0,0	0,0	0,0	0,0	0,3	0,4	0,6	0,0	0,0	0,3
1962	12	0,0	0,0	0,0	0,0	0,0	0,0	0,0	0,0	1,7	0,2	0,0	1,0	0,7	0,5	5,3	1,4	0,0	0,1	1,1	0,0	0,0	0,0	0,0	0,0	0,3	0,2	0,0	0,0	0,0	2,9	0,0
1963	01	0,0	0,0	3,0	2,6	0,4	0,0	0,0	0,0	0,1	0,0	0,0	0,0	0,0	2,0	0,3	0,0	0,2	0,1	0,0	0,0	0,0	0,0	0,0	0,5	0,7	3,9	0,3	0,4	0,1	0,0	0,1
1963	02	0,3	0,1	0,3	0,0	1,1	0,0	0,0	0,0	0,0	0,0	0,0	3,9	5,5	0,0	0,0	0,0	0,0	7,9	0,7	0,2	0,2	0,0	0,0	0,0	0,6	0,1	0,0	0,0
1963	03	0,0	0,0	0,0	0,0	0,0	0,0	0,0	0,0	0,0	0,1	0,0	0,0	0,0	0,0	0,0	0,0	7,4	0,1	0,2	0,1	7,0	2,7	0,0	0,0	0,0	5,5	0,0	0,0	0,0	0,7	0,4
1963	04	1,3	0,0	0,0	0,0	0,0	0,0	0,0	0,0	0,0	0,0	0,0	6,2	5,1	0,0	0,0	0,0	0,5	0,0	14,0	0,0	7,8	0,4	0,0	0,0	0,0	0,0	0,0	0,6	0,2	6,1
1963	05	0,0	9,6	8,7	9,5	0,1	0,0	0,0	0,0	0,5	0,0	6,7	1,6	0,0	0,1	2,8	0,1	0,2	9,2	1,9	0,0	0,0	0,0	0,0	8,9	0,1	1,2	0,0	0,3	0,0	0,0	0,0
1963	06	21,8	0,0	0,0	0,0	0,0	0,0	0,0	7,4	24,6	25,1	0,1	0,0	0,0	12,6	38,2	0,0	0,2	4,6	2,6	0,8	8,9	1,4	2,9	0,0	2,9	0,9	0,0	3,2	0,0	12,3
1963	07	0,0	0,0	0,0	0,7	0,2	0,7	0,0	15,6	1,9	0,0	0,2	0,0	0,2	0,0	0,0	0,0	0,4	14,1	3,9	0,0	0,0	0,0	0,0	0,0	1,6	0,0	0,0	0,5	0,0	0,0	0,0
1963	08	0,0	0,0	0,0	9,0	0,0	0,0	0,0	0,8	0,3	0,0	0,0	0,9	0,0	0,0	0,9	0,0	2,4	5,1	0,1	1,3	0,5	0,3	0,9	0,0	0,0	0,0	7,2	8,0	0,1	7,6	0,0
1963	09	0,0	15,9	1,3	1,4	7,1	6,7	0,0	0,0	0,0	0,0	0,0	0,0	0,0	0,0	0,0	0,0	0,0	0,0	0,0	0,0	0,0	0,0	0,0	2,3	0,4	0,7	1,2	1,0	0,0	0,0
1963	10	0,0	3,1	0,0	0,1	0,0	1,3	4,1	0,0	0,0	0,1	0,0	0,0	0,3	0,0	0,0	0,0	1,1	0,0	0,0	0,0	0,0	2,8	0,0	0,0	0,0	0,0	0,0	0,0	0,0	0,0	0,0
1963	11	4,7	0,8	2,9	0,0	0,4	0,1	4,1	0,4	0,4	1,6	0,0	0,1	1,3	0,6	1,1	0,8	0,0	0,3	2,0	8,6	0,2	0,8	0,0	0,0	0,0	6,4	1,0	0,2	0,0	0,0
1963	12	0,0	0,0	0,0	0,0	0,0	0,0	0,0	0,0	0,0	0,0	0,0	0,2	1,1	0,0	1,3	0,4	0,1	0,4	0,0	0,0	0,0	0,0	0,0	0,0	0,0	1,1	0,0	0,0	0,0	0,0	0,0
1964	01	0,0	0,0	0,0	0,0	0,0	0,0	0,0	2,7	5,4	0,2	0,0	0,0	0,1	5,0	0,0	0,1	0,0	0,0	0,0	0,0	0,0	0,0	0,0	0,0	0,0	0,2	0,0	0,0	0,0	2,2	0,1
1964	02	0,0	1,4	0,4	0,0	3,6	0,8	0,4	0,0	0,7	0,1	7,7	0,4	0,0	0,0	0,0	0,0	0,0	0,9	0,0	0,0	0,0	0,0	0,0	0,0	0,0	0,0	0,0	0,0	0,0
1964	03	0,0	0,0	0,0	0,1	0,2	0,0	0,0	0,0	0,0	0,0	0,0	0,0	0,0	0,7	0,0	0,0	0,0	0,0	0,3	4,2	1,5	0,0	0,0	0,0	1,0	8,1	3,3	12,2	4,0	0,0	0,0
1964	04	1,4	0,0	0,0	2,2	0,2	0,0	0,2	0,3	0,2	0,0	0,7	0,0	0,8	0,1	0,0	0,0	0,0	0,0	0,0	0,0	15,5	0,4	5,3	0,9	0,0	0,0	0,0	1,0	0,0	0,6
1964	05	1,2	1,2	2,9	1,5	3,8	0,0	0,0	6,8	0,0	0,2	0,0	0,0	1,8	4,7	0,0	0,0	0,0	0,6	0,4	8,9	0,9	0,0	0,0	0,0	0,0	0,0	0,0	0,0	17,7	0,0	0,0
1964	06	4,9	0,0	2,2	0,0	0,0	0,6	2,7	0,0	0,0	0,0	0,0	0,0	0,0	0,0	0,0	0,0	0,0	0,0	0,0	2,7	3,9	3,8	0,0	0,0	0,0	0,6	7,2	0,2	6,5	1,1
1964	07	2,4	0,0	0,0	1,5	0,2	0,0	0,0	0,0	3,9	0,6	0,0	0,0	0,0	0,0	0,0	0,0	0,0	0,0	0,0	23,6	11,1	3,7	0,0	0,0	0,0	0,0	0,0	4,6	0,9	0,0	0,0
1964	08	6,8	1,2	0,0	0,0	0,0	0,0	0,0	3,6	1,0	23,9	5,8	0,0	5,0	0,0	0,0	1,4	0,0	5,8	0,2	0,0	2,7	0,0	0,0	0,0	0,0	0,0	0,0	0,0	10,6	0,0	0,0
1964	09	0,0	0,0	0,0	0,0	2,6	8,3	1,9	1,6	1,2	0,0	0,4	0,0	0,0	0,0	0,0	3,7	0,0	1,1	0,0	0,6	0,4	0,0	0,0	0,0	0,0	0,0	0,8	0,0	0,0	0,0
1964	10	0,0	0,0	0,0	0,0	0,0	0,0	0,0	20,6	14,2	0,7	0,0	7,3	10,4	0,0	3,4	0,0	0,3	2,7	0,9	1,7	18,0	0,3	9,1	0,0	0,0	0,1	0,2	0,0	0,0	0,0	0,0
1964	11	0,0	0,3	0,1	0,1	0,1	0,0	0,0	0,0	0,0	0,1	0,0	0,1	0,2	1,0	0,6	1,9	0,2	0,4	0,1	1,8	0,1	0,0	0,0	0,0	0,0	0,0	0,2	10,3	9,9	0,6
1964	12	0,3	0,0	0,5	0,5	0,2	2,3	0,3	0,0	0,0	0,0	0,0	0,0	0,1	0,0	0,0	0,0	0,0	0,0	0,0	0,0	0,6	0,0	0,0	0,0	0,0	1,4	1,1	2,6	0,0	0,0	0,0
1965	01	1,4	2,2	0,0	0,0	1,8	0,2	0,6	1,8	5,6	0,0	0,0	0,0	0,0	0,0	0,0	1,8	0,2	0,0	0,0	0,0	0,1	0,9	0,0	0,3	3,2	2,0	0,1	0,0	0,0	2,5	7,6
1965	02	0,0	0,3	1,7	0,1	2,1	3,5	0,1	0,2	0,1	0,1	0,0	0,0	1,1	1,6	0,0	1,3	1,8	0,1	0,0	0,0	0,0	0,0	0,0	0,0	0,8	0,2	0,4	1,5
1965	03	0,0	7,1	2,5	0,0	0,3	13,6	0,0	0,0	0,0	0,0	0,0	0,0	0,0	0,0	0,1	2,3	0,0	0,0	0,0	0,1	4,4	0,0	2,7	0,1	0,0	4,2	0,0	2,2	0,0	0,0	0,0
1965	04	0,0	0,0	0,0	0,0	0,0	1,4	2,4	13,7	2,8	0,0	7,2	1,6	0,0	0,0	0,0	4,7	2,7	0,3	0,0	1,4	0,4	6,2	2,4	1,3	2,3	2,5	19,0	9,1	0,1	0,0
1965	05	0,0	0,0	0,0	0,6	3,0	0,2	1,6	2,2	5,5	17,0	3,5	0,0	0,9	0,4	0,2	12,4	0,2	3,4	18,3	0,1	0,0	0,0	4,9	8,2	0,0	1,7	0,0	22,2	23,0	0,0	19,2
1965	06	1,4	0,0	0,0	20,7	5,5	0,0	0,0	9,8	3,2	0,0	0,0	2,2	0,3	0,0	0,0	2,6	0,5	0,0	1,7	0,0	0,0	6,8	0,0	0,0	0,0	0,0	0,8	0,0	0,0	0,0
1965	07	4,8	1,2	3,3	0,2	1,6	0,0	0,9	7,4	0,7	5,1	0,1	0,1	0,0	8,9	2,7	4,0	3,0	0,2	0,0	0,0	2,7	4,4	0,3	0,0	0,0	0,8	11,2	0,0	3,7	0,1	0,5
1965	08	1,2	0,0	0,2	0,4	0,0	0,2	0,0	22,5	0,6	0,1	0,0	0,0	0,0	0,0	0,0	0,0	0,0	0,0	0,0	0,0	0,0	0,0	2,7	13,1	0,0	0,0	11,0	1,4	0,1	0,8	0,0
1965	09	5,9	0,0	0,2	0,0	0,0	4,7	0,5	0,7	3,0	18,9	1,6	0,0	0,1	0,0	0,0	0,0	0,0	2,4	0,0	0,0	0,0	0,0	0,0	0,0	0,0	9,1	1,0	8,4	0,0	0,0
1965	10	0,0	0,0	0,0	0,0	0,0	0,0	0,0	0,0	0,0	0,0	0,0	0,0	0,0	0,0	0,0	2,1	0,0	0,0	0,0	0,0	0,0	0,0	0,0	0,0	0,0	0,0	0,0	0,0	1,9	0,0	1,7
1965	11	0,0	0,1	6,1	0,0	0,0	0,0	0,0	0,0	0,2	4,3	20,9	0,2	0,3	1,6	0,2	0,0	0,3	4,1	0,2	2,0	1,6	0,0	0,0	0,0	0,0	1,2	3,6	0,0	0,0	0,0
1965	12	0,2	0,0	0,2	0,2	2,2	0,0	0,0	0,0	2,4	0,2	0,0	0,0	8,9	0,0	0,0	0,0	3,8	4,3	0,1	0,1	5,2	0,0	1,8	0,2	0,3	3,4	1,9	0,0	0,0	0,0	0,8
1966	01	1,2	0,8	2,0	0,4	0,0	0,0	0,0	0,2	2,0	0,3	0,5	0,1	0,6	2,2	0,0	0,3	0,0	0,0	0,0	0,0	0,0	0,5	0,5	0,3	0,0	0,0	1,1	0,0	0,0	1,8	0,9
1966	02	0,2	0,0	1,1	1,1	0,0	0,6	0,3	10,1	6,6	1,9	0,0	4,4	0,0	0,9	0,1	0,0	0,0	0,0	0,0	0,0	0,0	0,6	0,8	0,5	0,0	0,2	0,0	2,7
1966	03	2,3	0,0	0,0	2,0	0,0	0,0	0,0	0,0	0,3	1,3	1,1	0,3	1,1	0,4	0,8	0,9	0,2	1,3	0,0	0,0	0,0	0,0	0,0	2,2	2,2	0,1	1,4	2,1	1,0	0,3	0,0
1966	04	0,0	0,0	0,0	0,0	0,0	0,0	3,1	5,2	0,0	5,3	0,3	0,0	0,4	0,5	4,4	15,1	14,0	0,4	0,0	1,6	12,3	0,0	0,0	0,0	0,1	0,0	0,0	0,0	0,0	0,0
1966	05	0,0	0,0	0,0	0,2	0,1	9,0	0,0	1,7	0,2	0,0	0,0	0,0	0,0	0,0	0,0	0,0	0,0	0,0	30,0	1,6	0,0	0,0	0,0	0,0	0,0	13,0	4,4	5,7	0,0	0,0	0,0
1966	06	0,0	0,0	0,0	0,0	0,0	0,0	1,4	0,0	0,0	0,0	0,0	0,9	0,0	1,4	0,0	0,0	0,5	0,4	6,9	0,0	4,1	0,0	29,2	3,0	2,8	0,3	5,2	2,3	17,0	2,0
1966	07	0,0	0,0	0,0	0,6	1,4	8,9	25,7	0,0	0,0	0,0	1,5	0,0	8,1	9,1	0,0	1,3	21,0	5,0	1,1	0,2	0,1	38,2	0,0	0,0	0,0	0,0	0,0	0,0	0,0	0,7	0,9
1966	08	0,0	0,9	11,0	7,5	4,9	0,0	0,0	31,0	9,0	0,0	0,0	0,0	0,0	2,1	12,0	0,0	0,0	0,0	18,7	9,1	5,8	3,6	0,0	0,0	5,7	6,7	0,5	0,0	0,0	20,3	7,4
1966	09	0,0	0,1	0,0	0,9	9,2	2,2	0,0	0,0	0,0	0,0	0,0	0,0	1,4	0,0	0,2	0,0	0,0	0,0	0,0	0,0	0,0	0,0	2,6	0,2	0,0	0,0	0,0	0,0	0,0	0,0
1966	10	0,0	0,0	0,0	0,0	0,0	0,0	0,0	0,0	0,0	0,0	0,0	0,9	2,7	0,0	0,0	0,4	6,6	0,0	2,2	6,4	0,1	0,5	0,0	2,0	1,9	10,2	14,1	0,1	0,0	0,0	0,0
1966	11	0,0	0,0	0,0	0,0	0,0	0,0	0,0	0,0	0,0	0,6	0,0	0,0	0,0	0,3	5,4	0,1	0,9	1,0	2,9	0,0	0,0	0,0	0,0	2,7	0,0	0,0	0,0	0,0	0,0	0,6
1966	12	0,0	0,0	0,0	0,0	0,0	0,0	0,0	1,2	0,0	3,0	0,0	1,7	0,6	1,2	0,0	1,2	1,7	3,8	3,0	6,2	0,6	0,0	2,3	1,7	1,1	0,0	0,0	0,0	1,6	0,0	4,0
1967	01	3,7	0,2	1,7	0,2	1,6	0,0	3,2	0,0	0,3	0,0	0,3	0,6	0,4	0,3	0,5	0,0	0,0	0,0	0,0	0,0	0,6	6,1	0,1	2,1	0,2	0,3	0,2	0,1	1,3	0,0	0,0
1967	02	1,4	1,0	2,5	0,3	0,0	0,0	0,0	0,4	0,0	0,4	0,0	0,0	0,0	0,0	0,0	0,0	0,6	0,4	6,3	3,3	4,4	0,0	0,9	0,0	0,0	0,0	0,6	4,2
1967	03	0,0	0,5	0,0	0,0	0,2	1,4	0,0	0,0	0,0	0,1	0,2	1,0	2,8	0,0	0,2	0,6	1,1	5,0	6,0	1,6	0,0	0,0	2,0	0,0	0,0	0,2	0,0	0,8	0,0	0,0	0,0
1967	04	0,2	0,0	1,7	2,3	1,8	0,4	0,0	0,0	0,0	0,0	5,9	0,0	0,0	0,4	0,0	0,0	0,0	0,2	0,0	0,0	0,0	0,0	0,5	2,9	2,4	11,5	0,0	0,0	0,0	0,0
1967	05	0,2	13,1	24,2	0,0	0,0	0,0	0,0	0,0	0,0	0,0	0,0	0,0	0,3	12,6	2,0	7,1	24,5	10,3	0,0	1,2	0,1	0,0	4,9	0,2	2,5	0,0	0,0	0,0	6,2	35,0	0,1
1967	06	0,0	10,1	0,0	0,0	0,0	0,0	5,6	6,4	0,0	0,1	0,4	3,4	1,4	9,0	1,7	0,0	0,0	0,1	0,0	0,0	5,8	0,0	0,0	0,0	0,0	0,0	13,8	0,1	0,0	0,0
1967	07	0,0	12,4	5,7	0,6	0,0	0,0	0,0	3,4	0,3	0,0	0,0	0,0	0,0	0,0	0,0	4,6	0,0	0,0	0,0	1,3	0,0	3,1	0,0	0,0	0,0	0,0	0,0	0,0	31,9	0,0	0,0
1967	08	4,6	0,4	1,9	8,6	19,1	0,0	0,0	0,0	2,4	1,3	1,7	0,2	0,5	0,3	0,1	4,4	0,0	0,0	0,0	0,4	0,0	0,0	0,0	0,0	0,0	24,0	0,0	0,0	0,0	0,0	0,0
1967	09	0,0	0,0	0,0	12,2	0,0	22,5	16,5	0,5	6,3	11,9	18,1	3,5	5,2	2,8	1,3	5,3	0,0	1,1	0,6	0,0	0,0	0,0	0,0	0,0	0,0	0,0	0,0	0,0	0,0	0,0
1967	10	0,0	0,7	0,2	3,1	0,0	0,0	0,0	0,0	0,2	0,0	0,0	0,0	0,0	0,0	0,7	0,4	1,2	1,4	0,0	0,0	0,0	0,0	0,0	2,6	0,0	0,0	0,0	0,0	1,1	0,0	0,0
1967	11	0,0	0,0	1,8	0,0	0,1	2,7	0,0	0,5	0,2	1,8	0,4	0,0	0,0	0,0	0,1	3,9	0,0	0,1	0,0	0,0	0,0	0,0	0,0	0,0	0,0	0,0	2,7	0,3	0,0	0,0
1967	12	0,0	0,0	1,7	1,1	2,3	10,9	1,0	1,2	1,5	0,1	0,0	0,0	0,0	0,0	0,1	1,6	0,0	2,2	1,5	0,0	1,2	0,4	7,0	0,0	0,1	0,0	0,0	1,4	1,8	0,0	0,0
1968	01	0,4	0,5	0,0	2,1	9,7	0,5	0,0	0,9	0,3	0,3	0,3	0,2	0,0	12,0	0,3	0,3	0,0	0,1	0,5	0,0	0,0	0,8	1,3	0,7	3,2	1,0	0,0	0,4	0,0	0,9	0,0
1968	02	0,0	0,0	0,0	0,0	0,0	0,0	0,1	0,0	0,1	1,2	0,0	0,0	0,5	1,1	2,4	0,7	0,1	0,1	0,0	4,3	0,1	0,2	0,0	7,2	3,1	0,0	0,0	0,0	0,0
1968	03	0,0	0,0	0,0	2,3	1,1	0,9	0,0	0,0	0,4	10,4	0,9	0,0	0,0	0,2	0,3	0,0	0,0	4,3	0,0	0,0	0,0	0,0	0,0	0,0	0,0	0,0	0,0	0,0	0,0	0,0	0,0
1968	04	0,0	0,2	0,2	0,0	5,0	5,0	0,0	0,0	0,0	0,1	0,1	0,0	0,0	0,0	0,0	0,0	0,0	0,0	0,0	0,0	0,0	0,0	0,0	8,0	8,4	0,0	1,4	0,0	20,9	0,6
1968	05	0,0	3,1	0,7	0,0	2,5	0,7	2,3	0,0	0,0	1,2	0,0	9,2	0,0	0,6	0,0	4,8	5,7	1,3	2,1	0,0	0,8	0,3	0,5	0,0	0,0	1,4	0,0	0,0	10,3	0,9	0,0
1968	06	0,2	5,9	0,0	0,0	0,6	29,8	0,3	17,4	2,0	0,3	15,9	0,0	0,0	0,0	0,0	0,0	0,0	0,8	0,0	11,0	6,5	0,0	0,0	0,0	0,0	3,4	0,0	0,4	0,0	0,0
1968	07	0,0	0,0	0,0	0,0	0,0	10,4	1,7	0,0	0,0	1,4	3,0	0,0	0,0	3,3	1,8	0,5	0,1	0,6	3,4	0,6	0,2	7,2	2,6	0,5	1,8	1,0	0,9	0,0	0,0	0,0	0,0
1968	08	0,0	5,1	0,1	0,0	0,0	6,3	10,7	0,9	0,0	2,8	0,0	0,0	1,0	5,1	0,0	0,0	7,6	2,4	6,4	0,0	0,5	1,6	17,8	0,0	0,0	0,0	0,3	0,0	0,0	8,2	0,0
1968	09	0,0	0,0	0,0	15,3	1,6	0,2	0,0	0,0	0,0	0,0	0,0	5,7	0,0	0,0	0,0	0,0	0,0	0,0	0,2	0,3	5,5	1,9	1,8	0,0	0,2	0,0	0,0	6,2	0,6	1,7
1968	10	0,1	6,9	5,3	2,0	2,2	0,0	3,9	0,0	0,0	0,0	2,9	0,2	2,2	4,5	0,0	0,0	0,0	0,0	0,0	0,0	0,0	0,0	0,0	0,0	0,0	0,0	0,0	0,0	0,1	0,0	0,0
1968	11	0,0	0,0	0,0	8,4	13,4	7,1	0,3	0,0	0,7	1,7	0,0	0,4	0,0	0,0	2,0	6,4	1,2	17,4	0,0	0,0	0,3	0,0	2,5	3,5	0,0	0,0	0,0	0,0	0,1	0,0
1968	12	0,0	0,0	0,0	0,0	0,0	0,0	0,0	0,0	0,0	0,0	0,0	0,0	0,0	0,0	0,0	0,0	0,6	0,0	0,5	0,0	1,6	1,0	1,5	2,5	2,0	0,7	1,0	0,0	1,9	0,0	0,3
1969	01	2,1	7,7	0,8	0,1	0,0	0,0	0,0	0,0	0,0	0,0	0,0	0,0	0,0	0,0	1,4	0,0	2,0	0,3	0,0	0,0	0,0	2,8	0,3	0,0	2,3	0,0	0,0	0,0	0,0	0,0	1,1
1969	02	0,0	0,0	0,0	0,6	0,0	0,0	0,0	2,0	1,0	0,4	0,0	0,7	2,7	0,3	9,6	3,6	0,0	0,5	0,0	1,3	0,0	0,0	0,1	1,5	0,0	0,0	0,0	0,0
1969	03	0,0	0,0	0,0	0,0	0,0	0,0	0,0	0,0	0,0	0,0	1,5	5,1	3,3	0,0	11,4	6,0	0,0	0,0	0,0	0,0	0,0	0,0	0,0	0,0	6,3	0,5	0,8	1,4	0,0	0,8	1,5
1969	04	1,6	0,0	0,0	0,0	0,0	0,0	0,0	0,0	0,0	0,0	0,5	2,1	1,6	0,3	3,4	2,6	3,1	0,8	1,7	0,0	0,0	2,8	5,7	0,7	0,0	0,0	0,3	0,0	0,0	12,1
1969	05	1,8	0,0	1,2	0,0	0,0	0,0	0,3	0,0	0,6	0,0	0,0	0,0	0,0	0,0	0,0	3,2	0,0	0,2	0,0	0,0	0,2	0,0	0,0	0,0	0,0	9,0	0,0	0,0	2,7	19,6	1,5
1969	06	5,1	2,6	9,0	0,0	9,6	4,0	0,2	0,0	0,0	0,0	0,0	0,0	0,0	3,3	0,0	9,1	0,2	1,0	18,7	6,6	0,0	0,0	0,0	0,8	0,0	9,6	8,6	5,2	8,8	1,1
1969	07	0,0	0,0	0,1	3,4	0,0	2,0	8,8	0,0	0,7	3,0	2,9	0,0	0,1	0,0	0,0	0,0	0,0	0,0	0,0	0,0	0,2	0,4	0,0	0,0	0,0	0,0	0,0	0,0	0,0	3,4	0,0
1969	08	0,0	0,0	0,0	0,0	0,0	0,0	17,3	0,0	0,0	0,0	0,0	0,0	3,7	5,2	1,6	3,7	2,8	0,7	0,0	0,0	0,0	0,0	0,3	0,4	0,0	0,8	0,9	0,1	9,4	1,4	0,0
1969	09	0,0	0,0	0,0	0,0	0,0	0,0	0,0	0,0	0,0	3,4	0,0	0,0	0,0	0,0	1,6	1,6	0,4	0,0	0,0	0,0	0,1	0,3	0,0	0,0	0,0	0,0	1,4	0,0	0,0	0,0
1969	10	0,6	2,0	0,7	0,0	0,0	0,0	0,0	0,0	0,0	0,0	0,0	0,0	0,0	0,0	0,0	0,0	0,0	0,0	0,0	0,0	0,0	0,0	4,1	0,5	0,0	0,0	0,0	0,0	0,0	2,3	0,2
1969	11	0,0	0,0	0,0	2,1	0,0	0,0	0,5	0,3	0,9	0,0	0,0	0,5	0,2	2,7	2,6	0,0	0,1	0,1	0,5	2,6	0,0	0,2	0,0	6,2	10,7	13,6	0,7	0,1	0,0	0,0
1969	12	0,0	0,0	4,7	0,0	0,0	0,5	3,4	0,0	0,0	0,1	0,0	0,0	0,0	0,0	5,7	1,7	0,3	2,4	0,3	0,0	0,0	0,0	0,3	0,0	0,0	0,0	0,0	0,0	0,0	0,1	0,1
1970	01	0,9	0,0	0,3	0,0	0,5	0,0	0,0	0,0	0,0	0,0	0,0	0,0	0,0	0,0	0,7	2,0	0,3	0,1	0,0	0,1	0,1	0,0	0,0	2,6	0,0	0,0	0,6	0,2	0,0	0,0	0,5
1970	02	0,0	5,8	0,7	0,4	0,0	0,1	0,0	0,6	4,6	0,7	0,8	0,2	0,1	5,1	1,5	0,0	0,8	1,6	0,3	2,2	3,5	17,7	1,7	0,8	0,3	8,8	1,7	2,1
1970	03	1,7	4,7	0,2	12,0	13,0	0,1	0,0	0,0	0,0	0,0	0,2	0,1	0,0	0,0	0,0	0,0	0,1	0,1	0,5	0,3	0,0	1,4	0,3	0,0	0,0	0,0	0,3	0,7	2,6	0,0	0,1
1970	04	0,0	0,0	0,4	0,0	0,3	0,0	2,3	0,0	19,9	0,1	0,0	0,5	3,9	0,9	0,0	3,6	0,6	0,0	10,0	3,2	0,0	0,0	0,1	0,0	1,3	15,7	2,6	0,0	0,5	5,0
1970	05	1,9	1,8	0,0	0,0	0,1	0,0	0,0	0,0	0,0	7,4	8,6	0,1	0,8	0,0	0,1	0,1	0,0	0,0	0,5	0,2	0,3	1,4	0,2	0,0	0,0	4,0	7,2	7,4	0,0	0,8	7,1
1970	06	0,8	0,0	0,0	1,1	7,9	0,0	0,0	0,0	0,1	11,4	0,0	0,0	0,0	0,0	0,0	8,1	4,1	0,0	0,0	0,0	0,0	5,9	2,3	0,2	0,8	0,0	0,0	9,0	2,3	2,2
1970	07	0,0	0,0	0,0	0,0	0,0	0,0	0,0	0,0	0,1	0,0	0,0	0,0	0,0	14,3	0,0	1,3	0,0	0,0	5,8	3,3	0,0	0,0	0,0	0,0	0,1	5,0	2,5	0,0	0,5	0,0	0,0
1970	08	4,1	31,8	7,1	0,0	8,5	0,0	33,0	5,9	0,0	0,1	0,9	0,0	0,0	0,0	3,0	0,0	0,0	0,0	0,0	1,0	10,8	2,5	5,0	0,0	6,9	0,0	0,0	2,1	0,0	0,0	0,0
1970	09	0,6	0,0	0,7	1,8	7,2	0,0	0,0	1,0	0,0	0,0	10,2	0,5	0,0	0,0	0,0	0,0	0,0	0,0	0,0	0,0	0,6	0,0	0,0	0,0	2,0	0,0	0,0	0,0	0,0	5,3
1970	10	0,4	8,5	3,1	12,1	1,0	0,0	0,0	0,0	0,0	0,0	0,0	0,0	0,0	1,2	0,0	0,0	0,0	0,0	0,9	0,0	0,2	3,5	0,1	1,7	1,1	2,8	0,0	1,3	1,2	0,0	0,0
1970	11	0,0	3,2	1,0	0,2	2,2	0,5	0,0	0,0	0,8	0,3	2,0	0,0	0,8	0,7	0,4	1,3	0,0	1,2	1,8	0,0	0,4	19,6	0,0	0,0	0,0	0,0	0,1	0,0	0,5	0,0
1970	12	0,5	0,0	3,2	1,0	6,8	0,0	0,4	0,8	0,0	0,0	0,0	0,0	0,0	0,7	0,1	0,1	0,0	0,6	0,0	0,0	0,8	0,0	1,3	7,9	0,5	0,0	0,0	1,1	0,4	5,8	0,0
1971	01	0,0	0,0	0,0	0,0	0,4	0,0	0,0	0,0	0,0	0,0	0,0	0,0	0,0	0,0	1,5	0,0	0,0	0,0	0,1	2,3	0,0	0,0	1,8	1,1	0,0	1,4	0,1	0,0	0,2	0,0	0,0
1971	02	0,7	0,0	0,9	0,0	0,0	0,0	0,0	0,2	0,0	0,0	0,0	0,2	0,3	0,0	0,0	0,0	1,6	0,0	0,0	0,0	0,2	1,0	0,9	1,6	1,2	0,6	1,3	2,1
1971	03	1,3	0,7	0,0	0,5	0,6	3,8	4,7	0,0	0,4	0,9	1,3	0,1	0,0	0,0	0,0	1,6	0,0	0,0	0,0	0,0	0,0	0,1	0,0	0,0	0,8	1,3	0,0	0,0	0,2	1,3	3,9
1971	04	0,0	0,0	0,0	0,0	5,1	0,1	0,0	0,0	0,0	0,0	0,0	0,0	0,0	0,0	0,0	0,0	2,8	0,0	0,0	2,1	0,0	0,0	0,0	2,9	3,4	2,8	1,0	0,2	0,0	0,0
1971	05	13,1	0,5	0,0	0,0	0,0	0,1	0,0	0,0	0,6	0,0	0,0	0,0	5,3	0,0	4,8	0,0	0,0	0,0	0,1	0,0	8,5	43,8	16,3	5,5	2,0	0,5	0,0	6,7	0,0	1,4	0,3
1971	06	1,2	1,6	2,9	0,1	19,0	4,4	30,4	4,5	7,6	4,9	15,3	0,6	2,8	0,0	6,7	0,1	0,0	1,8	7,5	5,1	0,0	0,4	0,0	0,0	0,0	2,9	0,1	2,7	0,7	10,6
1971	07	2,2	5,6	0,0	0,0	0,0	0,0	0,0	0,0	0,0	0,0	0,0	0,0	0,0	0,6	0,0	0,0	0,0	0,0	0,0	0,0	0,0	0,6	0,0	0,0	0,0	0,0	0,0	0,0	0,0	0,0	26,8
1971	08	0,0	1,6	3,2	0,0	0,0	0,0	8,4	2,5	0,0	0,0	0,0	0,0	0,0	1,4	2,4	0,0	0,0	0,0	0,0	0,0	1,7	9,5	13,4	0,0	2,3	0,9	0,0	0,0	0,0	5,4	0,1
1971	09	0,0	0,0	0,0	0,0	0,0	0,0	0,0	0,0	2,0	1,4	0,0	0,0	0,5	0,0	0,0	1,4	0,1	6,2	0,0	0,0	0,0	0,0	0,0	0,0	1,6	0,0	0,2	17,3	5,1	0,0
1971	10	0,0	0,0	0,0	0,3	0,0	0,0	0,0	0,0	0,0	0,0	0,0	0,2	0,5	18,9	0,5	0,0	0,0	0,0	0,0	0,0	1,1	0,0	0,0	0,0	0,0	0,0	0,0	0,0	0,0	0,0	0,0
1971	11	0,0	0,0	0,0	0,0	0,0	0,0	0,0	0,0	4,0	7,9	1,8	0,0	0,0	0,5	0,2	4,3	1,0	12,7	2,6	0,0	1,5	0,0	4,0	1,9	0,0	0,1	0,0	0,0	0,0	0,6
1971	12	0,3	0,4	0,0	0,4	0,3	0,0	0,2	0,7	1,1	0,3	0,0	0,0	0,0	0,0	0,0	0,0	0,0	0,0	3,2	2,5	0,3	0,6	0,2	0,0	0,0	0,0	0,0	0,1	1,6	0,8	0,0
1972	01	0,0	0,0	0,6	0,0	2,2	0,0	1,1	1,2	0,3	0,1	0,1	0,0	0,0	0,0	0,0	0,0	0,1	0,0	0,0	0,0	0,2	4,2	0,0	0,0	0,0	0,0	1,8	2,3	4,7	1,4	0,6
1972	02	0,0	0,0	0,0	0,0	0,0	0,0	0,0	0,0	0,1	1,1	0,1	0,3	1,7	2,7	0,0	0,0	0,0	0,0	0,0	0,0	0,0	0,0	0,2	0,0	0,1	0,1	1,2	2,0	2,6
1972	03	0,1	0,5	0,1	0,0	0,0	0,8	0,1	8,9	0,1	0,0	1,8	0,0	0,0	0,0	0,0	0,0	0,0	0,0	0,0	0,0	0,0	0,0	0,0	0,0	0,0	0,1	8,6	0,5	1,4	0,2	0,4
1972	04	8,0	2,4	4,8	1,2	0,5	2,6	0,0	0,5	0,0	0,1	0,3	0,0	0,0	0,2	1,2	1,9	5,0	0,0	0,3	0,0	1,4	2,4	0,0	0,3	0,0	0,3	0,0	0,1	0,0	0,0
1972	05	0,0	0,0	2,7	1,0	0,0	0,2	0,2	3,9	1,0	0,4	4,7	0,4	1,2	0,8	3,4	0,8	1,8	9,9	23,1	4,1	3,9	0,0	0,0	0,2	0,1	1,0	0,2	2,2	0,2	4,3	0,0
1972	06	0,0	4,8	0,0	0,0	0,0	0,0	0,0	0,0	3,8	9,0	0,0	15,7	0,0	0,7	10,2	5,1	0,0	0,0	0,0	0,0	0,0	0,0	0,0	0,3	0,0	0,0	0,0	9,7	0,0	15,1
1972	07	0,0	0,0	0,2	0,0	0,0	3,2	0,7	0,0	0,6	4,7	6,9	0,1	0,0	1,4	1,9	0,8	0,0	0,0	0,0	0,0	0,0	32,2	0,1	0,0	6,6	2,7	0,0	0,0	28,9	1,6	0,2
1972	08	5,6	0,8	7,0	0,2	0,0	0,0	0,0	0,0	7,2	0,0	0,0	1,4	0,0	0,0	5,1	0,0	0,0	2,7	0,0	1,8	0,0	0,0	0,0	0,0	0,0	0,0	0,0	0,0	0,0	0,0	0,0
1972	09	11,6	0,1	0,0	0,0	0,0	0,0	0,0	0,0	3,7	8,8	0,3	0,0	0,0	0,0	3,0	8,4	1,5	0,0	1,0	0,0	0,0	6,0	5,2	1,4	0,3	1,8	0,8	0,9	0,2	0,0
1972	10	0,0	0,0	0,4	0,0	0,0	0,0	0,0	0,0	0,0	0,0	0,0	0,0	0,0	0,0	0,0	0,0	0,0	0,4	0,0	1,1	1,0	5,1	1,2	0,1	0,0	0,0	0,0	0,4	0,0	0,0	0,0
1972	11	0,0	0,0	0,0	0,0	0,0	0,0	0,0	0,0	0,0	0,0	1,6	3,2	1,9	2,3	0,7	0,1	3,0	1,3	1,0	0,2	0,8	1,0	0,0	0,5	0,0	0,0	0,0	0,0	0,0	0,0
1972	12	0,0	0,1	0,1	0,0	0,0	0,0	0,2	0,9	0,0	0,0	0,0	0,0	0,0	0,0	0,0	0,0	0,0	0,4	0,0	0,0	0,0	0,0	0,0	0,0	0,0	0,0	0,0	0,0	0,0	0,0	0,0
1973	01	0,0	0,0	0,1	0,3	0,4	0,0	0,0	0,8	0,3	0,0	0,1	0,0	0,0	0,0	0,1	0,2	0,2	0,0	1,7	0,7	0,0	0,0	0,0	0,0	0,0	0,3	3,4	0,3	0,1	3,6	1,9
1973	02	4,2	0,2	0,0	0,0	0,0	0,0	0,1	0,1	0,9	1,6	0,1	0,5	0,0	0,7	0,0	0,0	0,1	0,0	0,0	5,1	1,8	1,8	2,8	2,8	0,0	0,0	0,2	0,0
1973	03	0,0	2,0	4,2	0,8	0,0	0,0	0,3	2,7	0,0	0,0	1,8	1,2	0,0	0,0	0,0	0,0	0,1	1,2	0,4	0,0	0,0	0,0	0,0	0,0	0,0	0,0	0,0	0,0	0,0	0,0	0,0
1973	04	0,0	0,0	0,0	0,0	0,0	0,3	0,0	0,0	4,6	8,8	0,3	5,4	9,1	0,0	0,0	0,0	2,4	0,9	4,0	0,0	12,0	1,9	0,0	0,0	0,0	0,0	0,0	0,0	5,7	0,0
1973	05	0,0	1,5	0,0	0,0	0,0	1,3	6,3	8,3	1,4	0,4	0,2	0,0	0,0	1,5	0,0	0,0	0,0	0,0	0,0	0,1	22,4	0,0	0,0	3,8	0,8	0,1	0,0	0,0	0,0	11,4	0,3
1973	06	0,0	0,9	0,0	0,0	0,0	0,0	0,0	17,4	6,4	0,7	0,0	0,0	0,1	3,6	0,6	0,0	0,3	0,0	0,0	0,0	0,0	4,6	12,9	2,6	0,0	0,0	0,0	5,3	6,5	0,0
1973	07	0,0	0,0	0,0	0,0	0,0	0,0	1,6	0,0	0,0	0,0	2,8	1,0	2,4	0,0	18,0	0,0	9,0	0,0	5,5	0,0	6,6	0,0	8,3	0,1	1,7	21,9	1,3	15,8	0,0	0,0	0,0
1973	08	0,0	0,0	2,9	0,9	0,0	0,0	0,3	0,0	0,0	0,0	0,0	0,0	0,0	0,0	0,0	0,0	0,0	0,0	0,0	3,9	0,1	0,0	0,0	0,0	0,0	0,0	0,0	0,0	0,0	0,0	4,2
1973	09	0,0	0,0	0,0	0,0	0,0	6,3	0,0	0,0	0,2	1,0	0,0	0,0	0,0	0,0	0,0	2,1	0,0	0,0	0,0	0,0	0,8	0,0	0,1	5,4	0,0	0,0	0,0	0,0	5,2	0,0
1973	10	0,0	0,0	0,0	0,0	0,0	0,0	0,0	0,0	0,0	0,0	9,1	0,8	0,0	0,0	1,6	1,5	0,5	0,0	0,9	5,3	2,3	0,1	8,1	0,0	0,0	0,0	0,0	0,0	0,0	0,0	0,0
1973	11	0,0	0,0	0,0	0,0	0,1	2,6	0,0	0,2	0,0	0,0	0,0	0,0	3,1	2,0	5,1	1,1	0,2	0,0	3,8	0,3	0,0	0,0	0,4	2,3	0,1	1,7	2,6	0,0	1,3	0,0
1973	12	0,0	0,0	1,6	3,1	0,6	4,1	1,4	2,3	0,4	0,0	0,0	0,0	1,1	4,3	0,1	3,4	0,0	0,0	0,0	0,0	0,0	0,0	0,0	0,0	0,2	0,0	0,0	1,7	0,0	0,0	0,0
1974	01	2,7	0,0	0,0	0,0	0,0	3,5	0,9	0,0	0,0	0,0	0,9	0,0	0,0	0,0	4,3	2,0	0,5	2,0	0,4	0,0	0,0	1,3	2,0	1,0	0,0	0,0	0,2	0,0	0,2	0,0	0,0
1974	02	0,0	0,0	0,4	5,0	0,3	2,4	0,1	0,7	0,3	0,0	0,0	0,0	0,0	0,1	0,0	0,0	0,0	0,0	2,8	0,6	0,0	0,0	0,4	2,0	0,5	0,0	0,0	0,0
1974	03	0,0	0,2	1,0	0,0	1,8	0,0	0,5	0,0	0,0	0,0	0,0	0,0	1,8	5,7	0,0	1,2	5,3	6,9	1,1	0,0	0,0	0,0	0,0	0,0	0,0	0,0	0,0	0,0	0,0	0,0	0,0
1974	04	0,0	0,0	0,0	0,0	0,0	0,0	0,0	0,0	0,0	0,0	0,0	0,0	0,0	0,0	0,6	0,3	0,1	0,0	0,0	0,0	2,2	1,6	0,0	0,0	4,6	0,3	0,0	4,5	0,0	0,0
1974	05	0,0	0,0	0,0	2,4	9,6	4,0	6,1	0,0	0,3	0,2	14,7	7,5	0,0	11,1	14,4	0,5	0,0	0,0	0,0	0,0	11,9	2,8	0,4	1,8	0,0	0,0	0,0	3,7	0,0	0,0	13,8
1974	06	8,5	0,0	8,2	0,0	0,0	5,2	0,2	0,4	3,1	0,0	3,4	17,8	9,8	2,0	3,5	0,0	0,0	3,2	0,0	1,9	0,0	0,0	7,5	0,0	1,8	2,7	12,1	3,0	0,5	4,4
1974	07	1,2	0,0	0,4	0,0	0,0	3,3	0,0	0,0	4,3	0,2	1,9	0,0	3,0	1,6	0,0	3,2	3,1	16,0	0,0	3,3	2,4	0,0	1,4	5,5	6,5	0,0	0,0	0,0	0,0	0,0	0,0
1974	08	0,0	0,1	0,0	4,2	0,0	0,0	0,0	0,9	1,6	0,0	0,0	3,1	0,9	0,0	0,0	0,0	44,7	22,0	0,1	2,9	0,0	0,0	0,0	0,0	0,0	1,3	25,2	0,0	0,0	0,0	0,3
1974	09	0,0	0,0	9,0	0,1	0,0	12,3	0,0	0,0	6,5	0,4	0,0	0,0	0,0	0,0	0,0	0,0	0,0	0,3	0,0	0,0	0,0	0,0	0,0	0,1	0,4	2,4	0,0	1,3	4,2	0,0
1974	10	0,0	0,0	0,1	0,0	0,0	0,0	0,2	13,9	0,8	0,1	0,0	1,1	0,0	0,0	0,0	15,5	0,2	0,0	0,0	4,0	12,3	10,9	9,9	4,6	2,2	2,0	4,8	0,2	0,3	0,0	0,0
1974	11	0,9	4,9	0,0	0,0	0,2	0,0	0,0	0,0	0,1	0,3	0,0	0,2	0,0	0,0	0,0	0,0	0,0	0,0	6,9	0,0	0,0	8,8	1,7	2,2	2,2	0,1	5,2	0,4	2,4	0,4
1974	12	0,8	0,1	0,3	0,8	1,9	8,8	6,7	1,6	2,4	2,5	1,7	1,9	1,9	0,3	0,4	1,6	3,1	0,1	0,1	0,0	0,0	0,0	0,0	0,0	2,7	4,4	0,5	2,9	2,2	5,2	5,0
1975	01	2,2	0,0	0,0	0,0	0,0	0,0	1,5	0,4	0,0	0,0	0,0	0,0	0,0	0,0	0,0	0,0	0,0	0,2	0,0	0,0	0,0	1,2	0,0	1,5	3,9	0,0	2,8	2,3	2,3	0,3	0,1
1975	02	0,2	0,3	0,1	0,0	0,0	0,0	0,0	0,0	0,0	0,0	0,0	0,0	1,1	0,1	0,0	0,0	0,0	0,7	14,2	0,0	0,0	0,0	0,0	0,0	0,0	0,0	0,0	0,0
1975	03	0,0	0,0	0,0	0,0	0,1	0,0	0,0	0,0	0,0	0,0	1,6	3,4	3,9	10,6	0,1	0,1	0,0	0,0	0,1	0,3	0,0	0,0	0,5	0,1	1,1	4,6	2,4	0,0	0,0	6,0	9,8
1975	04	0,0	0,2	0,0	0,0	0,0	0,0	0,0	0,0	0,1	3,2	0,0	0,6	0,4	2,1	2,1	0,5	0,0	0,0	0,0	0,0	0,0	0,0	0,0	0,0	0,4	0,0	0,0	0,0	0,0	2,3
1975	05	0,0	0,0	6,2	0,0	0,0	0,0	0,0	22,0	0,1	0,0	0,0	1,2	0,0	0,8	1,0	5,3	26,3	0,0	1,3	0,0	0,0	0,0	0,0	0,0	9,7	0,1	0,0	0,0	0,3	8,3	1,8
1975	06	0,0	1,1	0,2	0,1	0,0	0,0	0,0	15,8	8,9	7,6	0,0	0,0	1,7	0,0	2,3	17,2	2,2	10,4	0,0	0,0	0,0	0,0	11,4	65,4	0,4	0,0	0,7	9,0	0,0	3,4
1975	07	15,2	0,0	0,0	0,0	1,3	0,0	0,0	0,0	0,0	7,2	0,3	0,1	0,0	0,3	0,0	0,0	0,5	1,2	5,4	0,0	0,0	0,0	0,0	2,2	6,4	0,0	0,0	0,0	0,0	0,0	3,7
1975	08	0,0	0,0	0,0	0,0	0,0	0,0	0,0	0,0	0,0	0,0	0,0	0,0	0,0	0,0	0,2	0,0	7,1	13,4	0,0	0,2	0,0	0,0	0,4	3,1	25,7	0,0	0,0	0,0	0,0	0,0	0,4
1975	09	0,0	0,0	0,0	12,7	0,2	0,6	4,2	0,0	0,0	0,0	3,6	3,6	0,0	0,0	0,0	0,0	0,0	0,0	0,0	0,0	0,0	0,0	0,0	0,0	0,0	0,1	0,0	0,0	0,0	0,0
1975	10	0,0	0,0	0,1	0,0	3,9	0,0	0,1	0,0	2,1	0,0	0,0	2,0	1,5	0,0	0,0	0,0	4,4	9,2	2,3	2,7	0,6	0,7	0,0	0,0	0,0	0,0	0,0	0,0	0,0	0,0	0,0
1975	11	0,0	0,0	0,0	0,0	0,0	0,2	0,0	0,0	1,0	0,0	0,0	0,0	0,0	2,4	0,5	0,0	0,0	17,0	1,3	5,9	4,9	0,1	0,0	0,0	0,0	0,0	0,0	0,0	0,4	1,4
1975	12	2,7	0,0	0,0	0,0	0,0	0,1	0,0	1,5	0,0	0,1	0,0	0,0	0,5	0,0	0,0	0,0	0,6	0,0	0,0	0,0	0,0	0,0	0,0	0,6	1,2	2,5	0,0	0,0	0,0	0,0	0,2
1976	01	4,8	4,2	1,7	1,9	0,2	2,8	0,1	0,0	0,0	3,3	8,4	0,2	3,0	1,8	2,6	0,2	0,1	1,4	0,6	3,9	5,5	3,8	7,2	0,1	0,5	0,0	0,0	0,0	0,0	0,1	0,0
1976	02	0,0	0,0	0,0	0,0	0,0	0,0	0,0	0,0	0,3	5,1	0,4	0,0	1,9	2,0	1,8	0,0	0,0	0,0	0,0	0,0	0,0	0,0	0,0	0,3	0,0	0,0	0,0	0,0	0,1
1976	03	0,1	0,0	0,0	0,0	0,0	0,0	0,0	0,0	0,7	0,0	0,0	0,0	0,0	0,0	0,0	0,1	1,5	1,5	11,7	1,3	0,0	0,1	0,0	0,0	0,6	4,0	0,1	0,2	0,0	0,0	0,0
1976	04	0,0	0,0	0,0	0,0	0,0	0,0	0,1	3,0	0,1	0,0	0,0	0,0	0,9	0,0	0,7	0,6	0,0	0,0	0,0	0,0	0,0	0,3	3,4	4,6	9,1	0,1	0,9	0,3	0,0	0,0
1976	05	0,0	0,0	0,8	0,0	0,0	0,0	0,0	0,0	0,0	0,0	10,7	0,4	2,8	0,0	0,0	0,0	0,0	0,1	9,6	2,3	9,8	4,0	0,0	0,0	0,0	0,5	0,4	0,4	0,1	18,0	1,7
1976	06	7,1	12,4	5,3	3,5	0,0	0,0	0,0	0,0	0,0	0,3	0,0	0,1	1,1	0,0	7,1	0,2	0,0	0,0	0,0	0,0	0,0	0,0	0,0	0,0	0,0	0,0	0,0	0,0	0,0	0,0
1976	07	0,0	0,0	0,0	0,0	0,0	0,0	0,0	0,0	0,0	0,0	0,0	0,0	3,6	5,8	0,0	0,0	0,0	0,0	0,0	6,6	0,6	0,0	1,4	0,2	5,0	0,9	0,0	1,8	0,0	0,0	6,2
1976	08	0,5	0,9	0,2	1,0	0,1	0,0	0,0	0,0	0,0	0,0	0,0	0,0	0,0	0,7	1,6	0,0	0,0	0,7	1,9	13,7	0,0	0,0	0,0	0,0	0,0	0,0	0,3	0,0	0,0	0,1	7,8
1976	09	12,2	0,0	0,0	0,0	0,0	0,0	0,0	0,0	0,0	0,2	0,0	0,0	0,0	3,6	0,0	12,3	1,4	4,6	0,0	0,0	0,0	0,0	0,0	0,1	0,0	0,0	0,6	2,7	0,0	0,0
1976	10	0,0	0,0	0,5	0,0	2,7	0,0	0,0	0,0	0,0	0,0	0,0	0,0	0,4	0,0	7,0	14,5	13,5	0,1	0,0	0,0	0,0	0,0	0,0	0,0	0,0	0,0	0,0	0,0	0,0	11,0	0,1
1976	11	0,0	0,0	0,0	0,0	0,0	0,0	8,0	0,0	0,0	0,0	0,8	0,0	6,3	4,6	2,0	3,2	0,3	0,4	0,2	0,0	0,0	0,2	0,7	3,4	0,4	0,1	2,6	0,0	0,0	0,1
1976	12	1,1	0,2	0,0	0,0	0,0	0,0	0,6	0,0	1,5	0,0	1,1	4,0	1,7	0,8	0,0	0,0	0,0	0,0	0,2	0,2	0,0	0,0	0,0	0,4	0,6	0,0	0,1	0,0	0,0	0,0	0,0
1977	01	2,4	0,9	5,7	1,8	0,0	0,2	0,3	0,5	0,1	0,0	0,0	0,0	0,0	2,6	0,1	0,7	0,0	0,0	3,2	1,2	0,0	0,0	0,0	0,0	9,6	1,8	0,0	0,0	14,7	2,7	0,0
1977	02	0,0	0,0	0,0	0,0	2,5	1,4	0,3	5,8	0,0	6,8	0,0	0,0	0,0	0,0	0,0	0,0	0,5	0,0	2,4	0,5	0,0	0,0	0,0	0,0	5,8	1,3	0,5	0,2
1977	03	0,4	1,2	1,8	2,8	0,0	0,0	0,0	0,3	0,0	0,0	0,0	0,2	0,0	0,5	0,1	0,0	0,0	0,0	4,4	0,9	0,0	0,0	0,0	0,0	0,0	0,3	0,0	1,5	0,7	1,0	1,0
1977	04	0,1	0,0	0,8	0,0	0,2	0,0	0,0	4,0	9,0	1,7	0,0	1,4	2,4	0,0	0,3	0,0	0,0	0,0	0,0	0,0	0,0	0,1	2,0	6,9	0,2	0,0	0,0	0,0	0,0	0,0
1977	05	0,0	0,0	0,0	0,0	16,0	0,0	0,3	0,1	0,0	0,0	0,0	0,2	0,3	2,6	1,5	0,7	0,0	0,0	0,2	14,4	0,0	0,0	0,0	0,0	0,0	0,0	0,0	0,0	0,0	0,9	0,1
1977	06	0,0	0,0	0,0	0,1	2,8	3,1	2,3	11,2	0,0	0,1	10,0	0,0	0,0	6,1	0,2	0,0	0,0	4,7	10,6	9,7	0,0	0,0	0,0	0,0	1,1	9,1	0,0	0,4	16,3	0,8
1977	07	0,0	0,0	0,0	0,0	2,1	3,8	0,0	0,0	0,0	3,1	0,0	0,0	4,7	1,7	0,7	0,0	0,0	3,7	0,0	2,3	0,5	0,0	0,0	0,0	9,7	0,7	0,0	0,0	0,0	0,0	56,5
1977	08	12,9	3,0	0,0	0,0	0,0	0,0	0,0	0,1	0,2	31,9	3,9	5,2	0,0	0,0	1,2	0,0	0,0	7,7	3,1	5,0	7,5	29,7	0,0	0,0	0,0	2,6	3,5	0,0	0,0	0,0	0,0
1977	09	3,4	0,0	12,7	0,0	0,0	0,0	4,6	9,1	0,3	1,2	0,0	0,0	0,0	0,0	1,6	0,8	0,9	0,6	0,8	0,6	1,9	3,0	0,0	0,0	0,0	0,0	0,0	0,0	0,6	0,0
1977	10	0,3	1,1	0,0	0,0	0,0	0,0	0,0	0,0	0,0	1,0	0,0	0,0	0,0	0,0	0,0	0,0	0,0	0,0	0,0	0,7	0,2	0,0	0,0	0,2	0,0	0,2	0,2	2,7	4,9	1,4	0,0
1977	11	7,0	6,6	0,8	0,2	0,0	0,1	0,0	0,0	8,8	0,0	0,0	6,2	0,2	2,0	0,3	0,0	1,8	0,5	0,0	0,0	0,2	0,0	0,0	0,2	0,0	0,3	0,0	1,2	0,0	0,6
1977	12	1,2	0,9	1,2	0,0	0,0	0,9	0,0	0,0	0,0	0,0	0,0	8,0	1,4	1,3	0,0	0,0	0,0	0,0	0,0	0,0	0,1	0,0	0,8	0,0	0,0	0,1	0,2	0,0	0,1	2,5	0,5
1978	01	0,0	0,2	0,8	1,5	0,0	0,1	0,0	0,0	0,0	0,1	0,0	0,0	0,0	0,0	0,0	0,0	3,7	0,3	0,0	0,0	0,0	0,0	0,0	6,3	0,2	2,1	1,2	0,0	4,4	0,0	0,2
1978	02	0,2	3,4	3,4	0,0	0,0	0,2	0,0	1,0	0,2	0,1	10,3	0,0	0,0	0,0	0,5	0,0	0,0	0,0	0,0	0,0	0,2	0,0	0,0	0,0	0,0	0,3	0,0	0,0
1978	03	0,2	0,0	0,1	0,2	0,1	0,0	0,0	0,7	2,6	0,1	0,0	0,0	0,4	0,0	0,0	0,0	0,0	0,0	1,9	3,0	0,4	0,0	0,3	1,0	0,5	0,0	0,5	0,1	0,0	0,0	0,0
1978	04	0,0	0,1	2,3	1,5	0,4	0,0	0,0	0,0	0,0	0,0	2,6	0,0	1,0	2,8	0,0	0,0	0,2	0,0	0,0	0,3	5,2	0,0	0,0	0,0	0,0	0,0	0,0	4,4	0,0	0,0
1978	05	1,2	5,4	0,0	0,0	0,0	3,8	36,5	6,2	1,2	0,9	0,3	4,1	0,3	0,7	0,2	2,9	2,9	0,3	9,1	6,6	0,1	9,9	0,0	0,3	0,1	0,0	0,1	0,0	0,0	0,1	0,0
1978	06	0,0	0,0	0,0	1,8	0,2	0,0	0,8	4,3	0,0	0,0	0,0	0,8	0,9	0,0	0,0	0,0	0,0	0,0	0,0	0,0	0,0	2,4	10,5	0,1	0,0	0,0	1,3	0,0	0,0	0,0
1978	07	1,6	0,5	0,5	11,2	0,0	0,2	0,2	3,1	7,1	12,0	0,0	5,8	0,0	1,7	0,0	0,0	0,0	0,6	3,1	1,4	2,6	0,0	0,0	0,0	0,0	0,0	0,0	0,0	0,0	0,0	0,0
1978	08	0,0	0,8	0,0	0,3	0,0	0,0	26,7	43,4	0,0	1,7	0,0	0,0	0,0	0,0	0,4	8,9	4,4	0,0	0,0	0,0	0,0	0,0	14,1	0,0	0,0	0,1	0,1	0,0	0,0	2,0	2,6
1978	09	2,1	0,2	0,0	0,0	0,0	1,5	0,0	0,0	0,1	0,1	9,9	6,6	0,0	3,0	0,0	0,0	0,0	0,0	2,1	0,4	0,3	6,0	0,1	2,3	0,0	3,1	1,4	4,2	5,2	0,0
1978	10	0,0	0,1	2,2	3,5	0,8	0,4	0,0	0,4	0,3	0,2	0,0	0,4	0,0	0,2	0,0	0,0	6,8	1,2	0,0	1,4	0,1	1,2	0,0	0,0	2,2	0,0	0,0	0,1	0,0	0,0	0,1
1978	11	0,0	0,0	0,0	0,0	0,0	0,0	0,0	0,0	0,0	0,0	0,0	0,0	0,0	0,0	0,0	0,3	0,0	0,0	0,0	0,1	0,0	0,0	0,0	0,0	0,1	3,0	0,0	0,1	1,1	9,3
1978	12	3,5	0,1	0,0	0,0	0,0	0,0	0,0	6,0	1,9	0,0	0,0	0,7	0,4	0,0	0,5	0,9	0,1	0,0	0,0	0,9	0,1	0,0	0,0	1,5	0,3	0,0	0,9	0,2	4,4	5,3	10,4
1979	01	0,2	0,0	1,5	0,0	0,0	0,0	0,0	0,0	1,7	0,0	0,8	0,4	0,1	1,2	2,7	11,1	0,0	0,3	0,0	0,0	0,0	0,0	1,8	0,0	0,0	0,0	3,0	1,9	0,0	0,1	0,3
1979	02	0,6	1,2	0,0	0,3	3,3	0,2	2,7	0,8	0,0	0,0	4,3	4,6	0,0	0,5	2,6	3,9	1,1	0,0	0,0	0,0	0,0	0,0	0,1	0,6	0,0	0,0	0,0	0,1
1979	03	0,1	0,0	0,1	7,4	0,1	0,0	0,5	1,1	1,8	1,0	5,8	1,3	1,8	0,4	0,0	6,0	0,1	0,0	0,0	0,0	0,0	0,0	0,1	0,0	0,1	1,9	0,0	0,0	20,8	9,4	0,0
1979	04	0,0	0,0	0,0	8,7	0,0	6,9	3,7	0,3	0,0	0,0	0,0	0,0	0,0	0,0	0,0	0,4	1,0	0,1	0,0	0,0	0,1	0,1	2,5	2,9	0,0	0,0	1,3	0,0	0,0	6,3
1979	05	0,6	1,1	0,0	0,0	0,3	0,0	0,0	0,0	0,0	0,0	4,3	0,0	0,0	0,0	0,0	0,0	0,0	0,0	0,0	0,0	6,2	0,0	0,2	0,1	0,0	0,0	5,3	0,0	0,0	0,0	0,0
1979	06	0,0	0,0	0,0	0,0	15,8	2,2	10,1	0,0	0,0	0,0	0,0	0,0	6,7	0,7	18,4	0,6	49,2	8,1	0,0	0,0	0,0	0,0	0,1	0,0	0,3	0,0	18,3	2,3	0,0	0,0
1979	07	0,0	0,0	0,0	0,1	0,0	0,0	7,1	1,9	2,6	0,0	0,0	0,0	0,0	6,1	1,3	4,9	0,2	0,3	0,0	0,0	0,0	0,1	0,1	2,2	3,2	3,1	0,3	0,0	6,0	0,0	0,1
1979	08	0,0	0,5	0,0	0,1	0,0	0,0	0,0	5,2	1,7	1,1	5,1	0,0	0,0	0,0	0,0	0,0	7,9	0,0	0,0	0,0	0,0	1,3	23,0	0,0	4,0	1,5	0,0	0,0	0,0	0,0	0,0
1979	09	0,0	0,0	1,6	2,1	0,0	0,0	0,0	0,0	1,2	0,0	0,0	0,0	0,2	0,3	0,2	0,0	0,0	0,1	0,0	2,0	24,0	16,1	16,8	28,3	0,7	0,0	1,0	0,0	0,0	0,0
1979	10	0,0	0,0	0,0	0,0	0,0	0,0	0,0	0,0	0,2	0,2	0,0	0,0	0,0	0,4	0,5	0,3	7,8	3,5	0,1	0,2	0,1	0,2	0,0	0,0	0,0	0,0	0,0	0,0	0,5	0,0	0,5
1979	11	5,1	5,1	0,1	1,9	1,2	0,9	6,4	1,7	0,0	0,0	0,0	0,0	0,1	0,0	8,1	0,0	2,7	6,4	13,9	4,6	0,3	0,0	0,0	0,1	0,0	0,3	0,0	0,2	0,0	0,2
1979	12	1,3	0,0	0,0	0,0	0,0	0,4	0,0	0,4	0,2	10,5	1,3	0,4	2,0	4,4	2,0	0,1	5,3	0,0	4,6	6,1	0,0	0,0	0,0	0,1	0,1	0,3	0,0	0,0	0,0	2,7	0,2
1980	01	0,0	1,5	0,0	1,0	5,5	0,2	0,1	2,0	0,3	0,6	0,2	0,1	0,1	0,0	0,1	0,0	0,1	0,0	0,0	0,0	0,0	5,0	0,3	0,5	1,6	0,2	0,0	0,3	0,4	0,1	1,9
1980	02	0,4	0,7	11,1	3,0	7,5	1,4	0,1	0,0	0,2	5,3	0,3	0,5	0,0	0,2	0,1	0,7	0,0	0,3	0,0	0,1	0,1	0,0	0,1	0,1	0,1	0,0	0,0	0,3	0,6
1980	03	0,0	0,7	0,4	0,3	0,0	0,0	1,6	18,0	6,3	0,0	0,1	0,0	0,0	0,0	0,0	0,0	0,0	0,0	2,7	0,9	0,0	0,0	0,0	0,0	0,0	0,0	0,2	0,7	0,3	0,6	0,0
1980	04	2,0	0,5	4,3	1,0	9,2	0,7	1,6	0,5	0,2	1,6	0,1	0,0	0,0	0,0	0,0	0,0	0,0	0,0	2,6	0,8	0,2	9,3	26,7	5,6	2,2	0,3	0,0	0,0	0,2	0,0
1980	05	0,0	0,4	0,0	0,0	0,0	0,0	1,3	25,3	3,0	0,0	0,0	0,0	0,0	0,0	0,0	0,0	0,7	1,7	0,0	0,0	0,0	0,0	0,0	0,0	0,0	0,0	5,7	1,6	16,6	0,0	0,0
1980	06	0,0	0,0	0,6	2,1	0,0	0,0	0,1	0,0	0,0	2,9	0,0	0,0	0,0	0,0	1,7	0,0	15,4	2,5	0,5	0,1	6,8	4,6	4,5	5,3	0,0	2,2	0,2	2,1	2,3	0,7
1980	07	3,2	9,4	11,0	0,0	7,1	0,0	2,8	19,6	11,5	0,0	4,6	5,2	0,4	5,5	0,0	0,6	0,0	1,4	2,0	15,0	13,1	2,9	0,0	0,0	0,0	0,0	0,0	7,7	0,0	0,1	0,0
1980	08	0,0	0,0	0,1	0,6	0,0	0,0	0,0	0,1	0,0	0,0	0,1	4,9	0,1	0,0	0,0	0,0	0,0	0,0	0,0	0,7	0,8	3,2	0,0	3,9	0,0	0,0	0,0	1,8	2,1	4,2	13,5
1980	09	5,4	0,0	0,0	0,0	6,0	0,0	0,0	0,0	0,2	3,0	5,4	6,3	1,8	0,6	2,2	0,1	1,3	0,0	0,0	0,0	0,0	0,4	0,1	0,2	12,8	0,1	0,0	0,0	0,0	0,3
1980	10	0,5	0,6	0,0	0,1	0,0	0,0	3,0	0,0	0,0	0,0	1,3	20,8	28,7	2,2	0,0	0,0	0,0	4,6	0,0	0,0	0,0	0,0	0,3	2,1	1,8	0,0	0,0	0,0	0,3	0,4	0,4
1980	11	0,0	0,0	0,4	0,3	5,1	15,2	2,6	0,0	0,0	0,0	0,0	0,0	0,0	0,0	1,4	2,3	0,0	0,0	0,8	0,4	0,0	0,0	0,0	0,0	0,0	0,8	0,0	0,0	1,1	0,0
1980	12	0,0	0,4	0,4	0,8	7,1	6,0	0,0	0,0	0,0	0,0	0,0	0,0	2,6	1,4	0,0	0,0	0,0	0,0	5,9	0,1	0,0	0,0	0,6	0,0	1,7	0,0	0,7	0,0	0,0	0,0	0,0
1981	01	3,0	2,8	2,6	0,7	2,0	1,0	1,2	0,2	0,3	2,7	2,1	0,0	0,0	0,0	0,5	1,7	3,2	1,2	2,9	1,6	1,1	0,0	0,1	0,2	0,3	0,0	0,0	0,0	0,0	0,0	0,0
1981	02	0,0	0,0	2,9	3,3	0,1	0,4	0,4	0,0	0,0	0,0	0,0	0,0	0,4	0,1	0,0	0,3	0,4	1,0	0,5	0,8	0,4	1,3	1,2	0,0	0,1	0,0	0,0	0,0
1981	03	1,3	0,0	0,6	0,7	0,0	0,0	1,3	0,6	4,6	11,0	3,8	0,7	0,0	0,0	0,0	0,0	1,2	5,0	0,0	0,0	0,0	0,0	6,9	0,2	0,1	1,8	0,0	0,0	0,0	0,0	0,0
1981	04	0,0	0,0	0,0	0,9	0,4	0,0	0,0	0,4	0,0	0,0	0,0	0,0	0,0	0,0	0,0	0,0	0,0	0,0	0,0	0,0	0,0	1,0	0,4	0,0	0,0	0,0	12,0	2,6	0,4	5,3
1981	05	5,4	0,0	0,7	4,4	0,5	0,2	0,0	0,0	0,0	0,0	0,0	1,4	0,3	2,9	21,0	13,3	1,4	0,0	0,0	0,0	0,0	32,5	4,4	0,7	5,4	9,5	0,0	0,3	0,0	0,0	0,0
1981	06	0,0	0,0	0,0	0,6	0,0	0,3	0,0	0,0	0,0	0,0	0,0	0,1	0,0	0,3	3,9	0,0	0,0	5,7	1,2	2,3	6,0	0,0	0,0	1,6	0,0	2,6	0,0	0,0	0,0	0,2
1981	07	0,0	0,0	13,2	0,6	0,0	0,0	0,0	0,0	0,0	0,0	0,0	0,5	9,6	5,8	3,3	0,0	7,3	28,3	93,3	28,0	1,6	0,1	10,6	17,1	1,6	2,2	4,2	0,1	0,0	0,0	0,0
1981	08	0,0	19,7	0,0	0,0	0,0	0,0	0,0	0,0	9,3	0,4	2,3	0,0	0,0	0,0	0,0	5,2	0,0	0,0	0,5	1,8	0,0	0,3	3,9	0,1	0,0	1,0	0,2	0,0	0,0	0,0	0,0
1981	09	0,0	0,0	0,0	0,0	0,0	0,0	0,0	0,0	1,3	0,0	0,0	0,0	2,4	0,1	0,0	13,0	0,0	0,4	11,0	0,3	0,0	0,1	0,1	0,0	1,6	0,1	0,1	4,1	3,6	0,0
1981	10	0,0	0,3	0,0	0,4	3,1	0,8	0,0	0,0	0,5	3,8	1,9	2,5	0,0	0,0	14,4	0,1	0,2	10,5	0,0	4,3	15,7	18,3	0,2	0,0	0,0	0,0	10,4	0,7	0,0	1,7	0,2
1981	11	1,1	0,0	0,0	0,1	0,0	2,5	0,4	2,0	1,9	0,0	0,4	0,0	2,5	2,3	0,3	0,0	0,1	1,7	2,4	0,0	1,2	0,1	3,8	0,1	0,1	1,6	1,0	0,4	0,0	3,7
1981	12	3,6	0,3	2,2	4,6	0,1	0,0	0,0	2,9	0,4	4,0	0,7	2,5	0,0	4,2	2,1	0,0	0,0	2,7	0,6	0,0	0,0	0,1	2,3	0,1	4,1	0,0	0,0	0,0	0,2	1,3	0,0
1982	01	1,8	0,3	0,0	0,3	2,6	0,6	0,0	0,0	3,7	0,0	8,9	0,0	0,5	0,0	0,0	0,0	0,1	0,0	0,1	0,1	0,0	1,2	0,0	0,1	0,0	0,0	0,0	0,6	2,0	1,6	0,1
1982	02	0,0	0,0	0,0	0,1	0,0	0,7	0,0	2,7	0,0	0,0	0,0	0,0	0,0	0,0	0,0	0,0	0,0	0,0	0,0	0,0	0,0	0,0	0,0	0,0	0,0	0,0	0,0	0,2
1982	03	0,1	3,4	1,4	0,0	0,0	0,0	0,0	0,0	0,0	1,4	0,9	0,2	0,0	0,0	0,0	0,0	0,1	9,5	18,7	0,0	0,0	0,0	0,0	0,0	0,0	0,0	0,0	0,0	0,0	0,0	0,0
1982	04	0,0	0,0	0,0	0,0	0,0	0,4	0,1	1,2	0,3	1,6	0,8	0,4	0,3	0,0	0,0	0,0	0,3	0,0	0,0	0,0	0,0	0,0	0,0	0,0	0,0	2,7	0,1	0,0	1,3	0,3
1982	05	0,6	0,0	0,0	0,0	2,1	0,4	0,0	0,0	0,0	6,6	3,2	0,0	0,0	0,0	0,0	0,0	1,2	2,3	0,0	2,1	42,1	5,0	0,4	0,1	0,0	0,0	0,0	16,0	0,0	0,0	0,0
1982	06	0,0	0,0	0,0	0,0	0,0	1,3	0,0	0,0	0,0	0,0	11,3	4,4	0,1	1,4	0,0	2,9	0,0	0,0	0,0	0,2	0,1	0,0	3,4	0,0	0,1	6,4	10,0	0,9	0,4	3,5
1982	07	0,0	0,0	7,8	7,2	0,0	3,3	0,0	0,0	0,0	0,0	0,0	0,0	0,0	0,0	0,8	0,0	1,0	2,8	0,0	0,0	0,0	0,0	0,0	2,0	1,1	0,1	0,0	0,0	0,0	0,0	0,0
1982	08	0,0	0,0	6,1	0,4	10,5	18,6	0,4	0,1	2,7	0,0	0,0	0,0	0,0	0,1	0,5	0,0	4,3	0,0	1,7	6,3	0,0	0,0	0,0	0,0	0,0	0,0	4,9	0,2	0,0	0,0	0,0
1982	09	0,0	0,5	0,0	0,0	0,0	0,1	0,2	0,0	0,0	0,0	0,0	0,0	0,0	0,0	0,0	0,0	0,0	0,0	0,0	0,1	0,0	8,5	0,0	0,0	0,0	1,4	2,4	0,2	0,2	0,0
1982	10	0,1	0,0	0,1	1,2	0,7	5,4	0,0	0,0	0,1	0,5	2,0	0,8	0,6	0,0	0,0	0,0	0,0	0,1	0,5	0,0	0,1	0,1	0,0	0,0	0,0	0,0	0,1	0,2	0,1	0,0	0,0
1982	11	0,0	0,0	0,9	0,4	0,0	0,0	0,0	0,0	0,8	0,0	0,1	0,2	6,0	0,0	0,0	1,8	0,4	0,1	0,2	0,2	0,0	0,0	0,0	0,5	0,1	0,0	0,0	4,3	2,2	0,0
1982	12	0,0	0,0	0,2	0,2	0,0	2,5	2,7	7,4	0,7	0,9	0,3	0,6	1,0	0,0	1,0	5,7	2,0	1,5	0,1	0,0	0,0	0,0	0,0	0,5	0,2	0,0	0,8	1,3	0,0	0,0	0,0
1983	01	0,0	0,2	2,4	1,0	0,8	0,0	0,6	0,0	0,0	0,0	0,2	0,0	0,0	0,7	3,5	5,6	1,5	0,6	0,8	0,9	0,0	0,0	0,0	0,1	1,0	0,0	0,2	2,8	1,0	0,5	2,4
1983	02	0,2	0,2	0,5	0,0	3,0	1,0	0,0	0,1	7,7	2,4	2,8	3,4	0,0	0,1	0,0	0,3	0,0	0,0	0,2	0,8	0,5	0,0	0,0	0,0	0,0	1,0	0,1	0,3
1983	03	0,0	0,0	0,0	0,0	0,0	0,5	0,1	0,0	0,0	0,0	0,3	0,0	0,0	0,5	0,0	0,0	0,2	0,8	2,4	0,4	2,3	0,3	0,0	0,1	1,8	0,8	0,0	1,0	0,0	0,0	0,0
1983	04	11,8	5,7	1,1	0,0	0,0	0,6	2,6	4,4	2,9	2,8	1,6	1,1	0,2	1,1	1,4	0,0	0,0	0,0	0,3	0,0	0,0	0,0	0,0	2,0	0,0	0,0	0,0	0,0	0,0	0,0
1983	05	74,5	0,0	1,1	7,4	0,0	0,0	3,0	7,4	6,3	3,1	1,7	0,0	1,8	0,0	0,0	0,0	0,0	1,7	1,6	0,0	0,0	0,0	29,2	16,0	0,0	0,0	1,4	0,0	3,4	0,0	0,0
1983	06	0,0	0,0	0,0	0,0	0,3	0,0	0,0	0,0	4,6	0,0	0,0	0,0	7,8	29,3	2,8	0,0	0,8	0,0	1,6	0,9	0,0	0,0	0,0	0,0	3,6	0,9	1,4	0,0	0,0	0,0
1983	07	0,0	0,0	0,0	0,0	0,0	0,0	0,0	0,0	0,0	0,0	1,3	0,2	0,0	0,0	0,0	11,0	0,0	2,2	15,8	0,0	0,0	0,0	0,0	4,9	0,0	0,0	0,0	0,0	0,0	0,0	0,0
1983	08	13,2	42,5	30,8	18,4	9,9	0,7	0,1	0,0	0,0	29,1	0,0	0,0	0,0	0,0	0,0	0,0	26,8	0,0	0,0	0,0	0,0	0,0	0,0	1,7	0,0	0,0	0,0	0,0	0,0	0,0	0,0
1983	09	9,0	0,5	0,1	0,0	0,0	0,0	0,0	0,0	0,6	3,6	1,7	0,0	1,3	0,5	0,4	3,2	0,0	0,0	0,0	0,3	0,0	0,0	0,0	0,5	0,0	0,0	0,0	0,1	0,0	0,0
1983	10	0,0	0,7	0,0	0,0	0,5	0,0	0,0	0,3	3,7	0,1	3,1	0,0	0,0	0,0	0,0	0,0	0,0	0,0	0,2	0,0	0,0	0,0	0,1	0,0	0,0	0,0	0,0	0,0	0,0	0,0	1,3
1983	11	0,0	0,1	0,0	0,0	0,1	0,0	0,1	0,3	0,5	0,0	0,2	0,0	0,0	0,0	0,2	0,0	0,0	0,0	0,2	0,0	0,6	0,0	0,0	0,0	5,2	6,7	5,2	0,2	1,1	0,1
1983	12	0,5	0,0	0,0	0,0	0,0	0,6	0,0	0,0	0,0	1,0	0,1	0,0	0,0	0,0	0,0	0,0	2,0	0,2	0,0	0,0	0,4	0,5	0,0	0,1	0,9	1,2	0,0	0,0	0,0	0,0	0,0
1984	01	0,0	0,4	0,1	1,3	0,0	0,0	0,3	0,3	1,2	0,1	0,0	0,8	0,6	3,0	0,5	3,4	0,0	0,0	0,0	0,0	0,0	1,9	1,0	0,0	0,0	0,0	0,0	0,0	0,0	8,4	0,2
1984	02	0,0	0,2	1,5	0,0	0,2	0,1	7,3	4,1	2,1	1,5	0,0	0,0	0,0	0,0	0,0	0,0	0,0	0,0	0,0	0,0	0,0	0,0	5,7	5,8	1,6	0,0	0,0	0,0	0,0
1984	03	0,0	0,0	0,0	0,2	0,0	0,0	0,1	0,2	0,4	0,0	0,3	0,2	0,0	0,0	0,0	0,0	0,0	0,0	0,0	0,0	0,0	0,0	0,0	0,0	0,0	0,0	0,4	0,0	12,1	7,4	0,0
1984	04	3,0	7,4	7,4	2,9	0,0	1,6	0,0	3,8	0,3	1,7	1,0	2,2	0,1	0,0	0,0	14,2	1,3	0,0	0,0	0,0	0,0	0,0	0,0	0,0	0,0	0,0	0,9	2,7	0,0	3,4
1984	05	0,0	0,0	0,0	14,0	16,3	0,0	7,1	4,0	0,0	3,3	0,6	5,7	9,5	0,6	0,0	0,1	2,6	0,0	0,0	1,9	5,4	0,0	3,2	1,8	0,2	0,0	0,6	1,9	0,0	0,0	0,0
1984	06	0,0	0,0	0,0	6,8	0,5	0,1	0,0	4,3	0,4	0,0	0,0	0,0	0,0	2,5	0,0	0,0	0,0	0,0	0,0	0,0	5,6	0,2	1,7	0,8	1,6	0,0	0,0	2,0	0,5	0,0
1984	07	0,0	5,7	2,4	1,1	1,1	0,0	0,0	0,0	0,0	0,0	0,0	2,5	4,2	0,1	8,5	10,7	3,7	5,4	5,2	0,0	0,0	0,0	0,0	0,0	0,0	1,4	2,3	0,2	12,1	0,0	0,0
1984	08	19,1	0,0	0,0	0,0	6,7	1,7	2,7	0,2	7,5	0,3	3,8	1,2	0,0	0,0	0,4	0,1	0,0	0,0	0,0	0,0	0,0	0,0	0,0	0,0	0,4	0,2	0,0	0,0	0,0	0,0	0,0
1984	09	0,0	0,0	0,0	0,4	18,2	5,9	0,0	0,7	5,6	1,7	3,9	1,5	0,0	0,1	20,5	3,8	0,8	0,0	0,0	0,0	2,9	2,4	3,0	0,7	0,0	0,0	1,4	0,0	0,2	0,1
1984	10	0,1	11,4	0,0	0,0	0,0	0,0	4,3	0,0	0,1	0,2	0,0	0,4	0,0	0,0	0,0	0,0	0,0	0,0	0,0	0,2	0,0	0,1	0,7	0,0	0,0	2,4	0,1	0,3	0,2	0,2	0,1
1984	11	0,0	0,2	0,2	0,0	0,0	0,0	0,1	0,1	0,0	0,0	0,0	0,0	0,0	0,0	0,0	0,0	4,5	1,3	0,0	0,1	0,5	5,8	2,3	0,1	0,0	1,7	0,1	0,2	0,0	0,0
1984	12	0,0	0,0	0,0	0,0	0,0	0,0	0,0	0,3	0,8	0,2	0,0	0,2	0,0	0,7	0,3	0,2	3,2	0,1	0,4	1,6	0,2	0,3	0,2	0,0	0,0	0,4	1,2	0,0	0,1	0,8	0,2
1985	01	2,0	2,3	1,4	0,0	0,3	0,3	0,0	0,1	0,0	0,1	0,0	2,0	0,6	0,1	0,0	0,0	0,0	0,0	0,0	1,8	0,7	0,3	3,3	0,1	0,5	0,2	0,6	0,0	0,0	4,4	1,6
1985	02	2,1	1,2	0,2	0,0	0,0	0,5	0,0	4,1	2,1	0,0	0,0	0,0	0,0	0,0	0,0	0,0	0,1	0,2	0,0	0,0	0,7	0,2	0,5	0,2	0,0	0,0	0,0	0,2
1985	03	0,0	3,9	1,0	0,0	0,0	0,0	0,0	0,4	0,4	0,7	0,0	0,1	0,0	0,0	0,4	0,0	6,3	3,4	0,0	8,1	0,0	0,0	0,1	0,5	0,0	0,0	0,0	0,0	0,0	0,0	1,8
1985	04	0,9	0,6	0,0	0,0	0,0	0,2	0,0	1,7	0,9	0,1	2,5	0,0	2,2	1,4	1,2	2,2	0,0	0,0	0,0	0,0	0,0	0,0	0,2	0,5	0,7	0,0	0,8	0,5	0,9	0,0
1985	05	0,3	3,2	0,6	0,0	0,0	0,0	0,4	1,4	0,3	0,0	0,0	0,0	0,0	13,6	5,8	0,0	11,1	9,0	5,8	0,0	2,9	5,1	0,6	0,0	0,0	0,0	0,0	0,0	0,0	0,0	2,0
1985	06	3,4	0,3	0,0	0,0	27,4	0,8	1,4	1,1	0,0	3,7	4,2	1,1	0,5	0,3	3,4	0,0	3,1	0,0	0,1	5,2	0,3	16,0	1,1	2,4	0,0	4,6	0,0	1,8	0,0	0,0
1985	07	7,6	0,0	0,0	0,0	0,0	0,3	0,0	4,9	1,5	2,3	0,0	0,0	0,0	0,0	0,1	23,9	0,0	0,0	0,0	3,4	4,8	0,4	0,0	0,0	0,0	7,3	0,0	4,8	6,1	0,9	0,1
1985	08	0,5	0,0	0,2	0,1	3,6	21,4	5,1	0,0	0,0	2,5	0,0	0,6	0,0	0,0	0,0	27,4	9,6	7,8	0,9	3,5	0,0	8,0	0,0	0,0	11,6	3,3	0,1	0,0	0,0	0,0	0,0
1985	09	1,6	0,0	8,0	0,2	1,2	0,8	0,4	0,7	0,7	0,0	0,0	0,0	0,0	0,0	0,1	0,0	2,7	0,0	0,0	0,0	0,0	0,0	0,0	0,0	0,0	0,0	0,0	0,0	0,0	0,0
1985	10	0,0	0,6	0,0	0,0	0,0	0,1	0,0	0,0	0,0	0,7	0,0	0,0	0,0	4,5	0,0	0,0	0,0	0,0	2,2	0,2	0,0	0,1	0,1	0,1	0,3	0,2	0,2	0,0	0,0	0,0	1,5
1985	11	0,5	0,6	0,0	0,2	9,6	0,1	1,7	0,4	2,6	1,8	0,0	0,0	7,2	2,3	0,1	0,0	0,0	1,5	1,1	7,2	6,6	2,1	1,4	0,1	0,1	0,1	0,0	0,1	0,0	4,2
1985	12	0,0	0,0	0,0	0,0	0,0	0,2	0,7	0,4	1,3	3,0	0,0	0,1	1,6	0,1	0,7	0,3	5,6	1,4	0,6	1,7	0,1	0,0	0,0	0,1	0,6	0,0	0,2	8,9	0,5	0,0	0,0
1986	01	0,0	0,1	0,0	1,6	0,0	0,0	0,7	0,1	0,0	0,8	1,8	0,3	1,7	6,0	3,6	0,0	1,6	3,1	1,2	0,4	0,0	0,0	0,6	5,3	2,1	0,1	0,0	0,0	0,0	0,0	0,0
1986	02	3,6	0,4	0,0	0,2	0,1	0,3	0,0	0,2	3,8	0,2	0,1	0,0	0,0	0,0	0,0	0,0	0,0	0,9	4,2	0,0	0,2	0,4	0,2	0,0	0,1	0,1	0,0	0,0
1986	03	0,0	1,6	0,2	2,0	1,1	0,5	0,7	0,2	0,0	0,0	0,0	0,0	0,0	0,3	0,5	0,0	0,0	0,0	0,0	0,0	2,3	0,0	5,3	5,5	0,1	0,0	0,0	0,4	2,4	0,3	0,8
1986	04	0,0	0,0	2,9	0,5	1,8	0,0	0,0	0,0	0,1	1,5	0,3	0,1	0,0	0,0	0,0	0,0	4,9	9,6	0,4	0,1	0,0	0,1	0,0	0,0	0,0	0,0	0,0	0,0	0,0	0,0
1986	05	0,0	0,0	0,0	0,0	0,0	0,0	1,9	1,6	2,3	0,1	0,5	0,0	1,3	0,9	0,2	4,6	0,0	0,2	5,5	0,3	18,0	0,0	0,0	1,3	0,0	0,0	61,2	13,4	28,8	20,5	3,8
1986	06	0,0	3,1	8,2	1,9	0,0	0,0	0,0	0,0	0,0	0,0	0,0	1,1	4,8	0,0	0,0	0,0	0,0	0,5	14,5	0,0	0,0	0,0	0,0	0,0	0,0	0,0	0,0	0,0	0,0	0,0
1986	07	0,0	0,0	0,0	0,0	1,0	9,9	16,0	0,2	3,2	0,1	0,0	0,0	0,0	0,0	0,0	0,0	0,0	0,0	5,3	0,0	0,0	0,0	3,7	0,9	2,0	0,0	0,0	0,0	0,0	0,0	1,0
1986	08	1,3	0,0	0,0	18,2	0,4	0,0	0,0	0,6	0,0	0,3	0,0	6,2	0,0	0,0	3,2	10,7	7,6	3,1	31,6	1,2	0,0	1,9	7,2	13,9	0,0	4,6	0,0	6,4	1,1	0,0	8,0
1986	09	0,0	0,7	7,3	0,0	0,0	1,1	0,1	0,1	0,1	0,0	0,0	2,7	2,0	0,0	0,0	2,2	5,4	0,0	0,1	0,0	0,0	0,0	0,0	0,0	0,1	0,0	0,4	0,0	0,0	0,0
1986	10	0,0	0,0	0,0	0,0	0,0	0,0	1,4	0,1	0,1	0,0	0,0	0,0	0,0	0,0	0,0	0,0	0,0	0,0	2,9	2,0	7,5	3,5	0,9	0,0	0,0	0,0	0,0	0,0	5,9	0,0	0,0
1986	11	1,7	1,5	0,0	0,0	1,2	0,2	0,0	0,0	0,0	0,1	0,0	0,1	0,1	0,0	0,0	1,1	0,6	0,0	0,0	1,2	0,6	0,6	3,3	0,0	0,1	0,2	0,0	0,0	0,2	0,0
1986	12	0,0	0,0	0,0	0,0	0,0	0,3	0,0	0,0	0,0	0,0	0,0	0,0	0,8	0,1	0,4	1,0	1,1	7,8	0,1	0,0	1,3	1,7	0,6	0,1	0,0	1,8	0,4	6,2	1,5	17,5	1,8
1987	01	14,4	2,4	0,0	2,5	0,2	0,7	0,0	4,8	3,1	1,3	0,8	1,4	0,0	2,5	4,5	0,4	0,3	0,0	0,0	0,0	0,0	0,1	0,4	0,0	0,2	1,3	0,0	1,1	0,1	0,1	0,1
1987	02	0,1	0,0	0,0	0,0	0,0	0,1	0,6	2,2	0,1	0,0	0,0	0,1	0,0	3,6	4,2	0,0	0,0	6,3	0,1	9,7	0,0	0,2	0,1	0,1	0,0	0,0	2,2	6,4
1987	03	1,7	4,9	0,0	0,0	0,1	0,1	0,5	0,1	0,0	0,0	0,0	0,0	0,0	0,0	0,0	1,9	0,9	0,1	0,1	0,1	0,0	0,0	3,3	2,1	0,8	0,3	0,7	1,3	0,0	0,0	0,9
1987	04	1,6	0,5	0,0	5,7	1,5	0,5	0,4	0,0	3,8	7,2	0,1	0,0	0,0	0,0	0,1	1,0	0,0	0,0	0,6	3,7	0,7	0,0	0,0	0,0	0,0	0,0	0,0	0,0	0,0	0,0
1987	05	0,0	3,7	22,1	0,3	3,2	0,1	0,1	0,0	0,0	5,2	0,0	0,8	7,6	0,0	13,5	6,7	0,0	0,0	0,0	1,9	2,6	18,0	0,0	0,0	0,0	0,0	0,9	0,0	5,7	1,2	0,7
1987	06	3,8	2,9	5,3	6,3	1,7	0,1	3,4	1,6	0,1	2,4	0,0	9,7	1,3	11,0	5,2	0,0	2,8	2,0	0,0	19,1	0,3	0,0	9,9	7,0	0,0	0,6	0,0	0,0	0,0	0,0
1987	07	40,4	0,0	0,0	0,0	0,0	0,0	2,7	12,5	0,1	0,0	0,0	10,2	0,0	0,0	0,0	0,0	0,0	0,0	16,3	19,5	0,0	1,3	0,0	0,0	0,6	0,5	4,0	0,0	0,0	5,0	0,0
1987	08	6,3	0,0	4,5	0,0	0,7	4,0	0,0	0,0	1,5	6,0	0,1	6,7	2,4	0,6	1,2	0,2	0,0	0,8	5,4	0,0	0,0	0,0	0,0	0,0	4,0	0,0	30,8	0,0	1,3	0,0	0,0
1987	09	0,0	0,3	0,1	0,1	30,2	0,1	4,3	3,1	0,0	2,4	3,5	0,0	0,0	1,1	0,0	0,0	0,0	20,4	0,0	0,2	0,1	0,0	1,8	1,6	0,0	3,5	0,0	0,0	1,0	0,0
1987	10	0,1	0,1	0,0	0,0	0,0	0,0	0,0	0,9	0,0	0,0	0,0	0,1	0,0	0,0	0,0	0,0	10,0	0,2	0,2	0,8	0,4	1,9	0,7	0,0	3,9	0,2	0,1	0,0	0,0	0,0	0,0
1987	11	1,4	1,7	0,0	0,1	0,0	0,0	0,0	0,1	0,0	0,4	0,3	0,1	2,1	0,7	0,0	0,8	0,2	0,7	10,4	0,6	0,2	0,6	0,2	0,0	0,0	0,2	0,0	0,0	0,0	0,0
1987	12	0,0	0,0	0,0	0,0	0,0	0,0	0,1	0,0	0,1	0,1	0,0	0,0	0,0	0,0	0,0	5,5	3,3	23,1	2,1	5,7	0,1	0,0	0,0	0,1	0,0	0,7	0,0	0,0	0,0	0,3	0,0
1988	01	2,2	0,3	0,0	0,0	0,0	0,0	0,2	0,8	0,1	0,3	3,0	0,0	0,0	0,0	0,0	0,2	4,0	0,1	0,0	0,0	5,5	0,5	0,0	4,9	2,0	0,0	0,0	0,6	6,4	0,7	1,2
1988	02	0,0	0,0	1,1	0,0	0,2	0,0	0,9	5,9	0,6	0,4	0,0	0,6	0,0	0,0	0,0	0,0	0,4	1,7	2,8	0,6	0,1	0,3	0,2	1,1	4,9	2,5	0,1	0,6	1,0
1988	03	0,4	0,0	0,0	0,0	0,5	0,7	0,9	0,3	0,2	0,1	1,5	1,0	10,4	0,2	0,4	3,0	0,5	0,0	0,3	0,9	1,3	0,4	1,5	2,1	2,0	1,8	2,5	0,1	0,0	0,0	2,5
1988	04	0,9	0,1	0,0	3,0	0,0	0,0	0,0	1,4	1,0	0,0	0,0	0,0	0,4	0,0	0,0	0,0	0,0	0,0	0,0	4,9	1,3	0,0	0,0	0,0	0,0	0,0	0,0	0,0	0,0	0,0
1988	05	0,0	1,4	0,1	0,0	0,9	0,0	0,0	0,0	0,0	0,0	0,0	0,0	0,0	0,0	0,0	0,0	2,8	1,1	0,0	4,0	0,0	0,0	0,0	0,0	0,0	0,0	0,2	0,0	44,0	0,1	0,0
1988	06	0,6	0,7	0,0	6,3	17,0	21,5	2,2	5,5	0,0	0,6	1,0	0,1	0,0	0,0	0,0	0,0	0,0	0,0	10,6	0,0	0,0	2,5	5,3	0,0	3,4	5,2	5,5	5,3	0,1	0,1
1988	07	8,7	0,0	0,3	0,0	6,0	2,6	6,6	0,0	12,0	0,0	2,3	1,9	4,4	0,1	6,3	1,3	1,7	5,4	0,8	0,0	0,0	0,0	0,0	20,1	0,0	0,0	20,0	0,0	0,6	0,0	0,0
1988	08	0,0	4,7	6,7	0,0	0,0	0,0	0,0	0,0	0,0	0,0	7,3	1,3	0,0	0,0	0,0	13,3	0,2	0,0	1,7	13,1	0,3	0,2	0,0	0,0	3,4	2,4	0,0	4,5	1,6	0,1	0,0
1988	09	0,0	12,4	0,8	0,0	14,9	0,0	0,0	0,0	0,0	0,0	0,1	0,8	0,0	0,0	1,3	0,6	0,0	0,0	0,0	0,0	0,0	0,1	0,1	0,0	0,1	0,0	0,0	0,0	5,7	0,2
1988	10	0,0	0,0	0,0	0,0	0,3	2,3	0,0	0,0	0,1	3,1	1,1	0,2	2,9	0,1	0,0	0,2	0,1	0,1	0,0	7,0	0,3	0,0	0,0	0,0	0,0	0,0	0,0	2,4	0,0	0,3	0,0
1988	11	0,0	2,9	0,3	0,0	0,0	0,0	0,0	0,0	0,0	0,0	0,1	0,7	4,7	3,1	0,7	0,9	0,1	1,0	0,3	4,3	0,8	0,0	0,0	1,4	0,1	0,6	0,0	0,0	0,6	8,4
1988	12	0,0	8,9	0,8	7,5	0,0	1,7	1,0	5,5	0,0	0,6	0,3	2,0	0,4	0,2	0,0	0,0	0,3	1,2	3,6	0,1	0,0	0,0	0,1	4,6	0,0	0,0	0,0	0,0	0,0	0,0	0,0
1989	01	0,3	0,0	0,8	0,1	0,2	3,7	0,0	0,0	0,1	2,6	0,0	0,7	0,0	0,0	0,0	0,0	0,1	0,0	0,1	0,1	0,1	0,2	0,0	0,0	0,0	0,0	0,0	0,0	0,0	0,0	0,0
1989	02	0,1	0,0	0,0	0,0	0,0	0,0	0,0	0,4	0,1	0,0	0,0	1,2	0,4	1,1	1,5	0,3	0,0	1,7	3,0	1,6	0,1	0,0	0,1	0,0	0,4	4,8	2,1	0,1
1989	03	0,4	3,3	4,3	0,8	0,0	0,0	0,0	5,5	0,0	0,0	0,5	5,3	0,0	0,0	0,0	0,4	0,0	0,0	0,0	0,0	0,0	0,2	1,4	6,2	0,6	0,0	0,0	0,0	0,0	0,0	3,2
1989	04	0,0	0,1	0,9	0,1	3,9	0,1	0,3	0,4	0,1	0,0	0,0	0,0	0,0	1,6	0,2	0,0	3,0	0,0	0,0	0,0	2,3	1,2	0,0	0,0	0,0	0,8	10,9	3,4	6,3	0,0
1989	05	0,0	0,0	0,0	0,0	0,0	3,1	0,0	0,0	0,0	0,0	6,5	0,7	9,0	0,0	0,0	0,0	0,0	0,0	0,1	0,9	3,5	0,0	0,0	0,0	0,0	0,0	0,1	0,4	3,4	9,3	0,5
1989	06	1,3	11,7	1,0	0,3	3,2	0,1	0,0	0,0	0,0	0,0	6,9	0,0	0,0	0,0	0,1	1,8	0,0	0,1	0,1	0,0	0,0	0,2	4,9	33,3	0,0	0,0	0,2	1,3	0,0	0,0
1989	07	0,2	10,3	0,0	0,0	0,0	0,0	0,0	44,1	0,0	2,3	13,4	0,6	2,5	0,0	0,4	0,0	0,0	1,0	0,0	0,0	0,0	0,0	0,6	5,7	1,5	5,7	2,1	0,0	0,0	0,0	0,0
1989	08	3,5	0,7	1,3	0,0	0,0	0,0	14,0	8,1	0,0	0,0	1,0	0,9	0,0	0,0	0,0	0,0	0,0	0,8	0,0	0,0	0,0	0,1	1,1	0,0	0,2	4,1	2,3	0,9	5,5	0,0	0,0
1989	09	0,0	2,7	14,0	7,9	0,0	0,0	0,0	0,0	0,0	0,0	0,0	0,0	0,0	2,1	1,1	0,0	0,0	0,1	0,0	0,0	0,0	0,0	0,0	0,0	0,0	4,0	7,4	1,3	0,0	0,0
1989	10	0,0	2,2	0,6	0,0	0,1	5,9	4,8	0,0	0,0	0,7	0,0	0,0	0,0	0,0	0,2	0,0	0,0	0,1	0,3	0,0	0,0	0,0	0,1	0,0	0,0	0,0	0,1	1,3	1,6	2,5	3,3
1989	11	0,7	0,3	0,0	5,1	0,5	17,0	0,8	1,3	0,2	0,3	0,0	0,2	0,0	0,0	0,0	0,0	0,0	0,0	0,0	0,0	0,0	5,2	0,0	0,9	0,2	0,7	0,9	0,0	0,0	0,3
1989	12	0,0	0,0	0,0	0,0	0,0	0,1	0,0	0,0	0,0	0,0	0,0	0,1	3,3	1,8	1,5	2,2	0,0	0,0	0,0	3,1	2,1	1,9	0,0	0,5	0,1	0,2	0,0	0,0	0,0	0,0	0,0
1990	01	0,1	0,0	0,0	0,0	2,0	0,0	0,0	0,0	0,0	0,0	0,0	0,1	0,0	0,0	0,0	0,0	0,8	0,0	0,0	0,4	0,2	0,0	0,6	2,4	0,9	0,0	0,0	0,0	0,0	0,1	0,0
1990	02	0,0	0,0	0,0	0,0	0,0	0,0	0,0	0,0	0,0	4,0	0,0	0,0	3,8	0,5	8,3	0,0	0,1	0,0	0,0	0,0	0,0	0,0	0,0	0,0	0,0	5,8	4,4	5,8
1990	03	0,2	0,1	0,3	0,0	0,1	0,0	0,0	0,0	2,2	2,0	0,0	0,0	0,0	0,5	0,0	0,0	0,0	0,0	0,0	0,0	0,0	3,1	0,0	0,0	0,7	0,0	2,0	5,2	0,0	0,0	0,0
1990	04	0,0	1,5	0,0	0,0	0,2	0,1	4,8	0,0	0,0	0,0	2,1	0,0	0,0	1,6	0,0	0,0	0,0	0,0	0,7	0,0	5,1	0,0	25,2	11,7	1,7	2,0	2,6	0,0	0,0	0,0
1990	05	0,0	0,0	0,0	0,0	0,0	0,0	0,0	0,1	10,1	1,2	19,0	0,0	0,2	0,0	0,0	0,9	5,9	0,0	0,0	0,0	0,0	0,0	0,0	1,4	0,1	0,0	0,0	0,0	0,6	0,0	0,0
1990	06	0,0	3,5	3,2	0,0	0,0	0,0	1,4	5,8	0,0	0,4	0,0	0,0	0,0	4,9	1,9	0,0	0,0	0,2	0,0	18,0	2,2	2,0	7,3	0,0	0,0	0,0	0,0	3,7	0,2	0,0
1990	07	1,3	0,1	0,1	0,0	2,0	0,0	0,0	0,0	0,0	0,0	0,0	0,0	0,0	0,0	0,0	0,0	0,0	0,0	0,0	0,0	0,0	0,0	0,0	0,0	0,0	0,0	0,0	0,0	0,0	0,0	0,0
1990	08	0,0	0,0	0,0	0,0	0,3	5,7	0,0	0,0	0,0	0,0	0,0	0,6	1,6	2,4	7,5	6,8	2,0	0,6	0,0	3,1	1,9	0,4	0,0	0,0	0,0	0,0	0,0	0,0	0,0	0,0	0,6
1990	09	0,0	2,1	0,3	3,3	0,0	1,6	1,0	0,0	0,0	2,6	2,4	2,4	0,0	0,0	0,0	0,0	1,3	0,8	0,2	0,0	3,1	3,9	0,6	2,0	0,7	0,0	0,0	0,0	0,0	3,3
1990	10	0,9	0,1	0,0	4,7	0,0	0,0	0,0	0,1	0,0	0,0	0,0	0,1	0,0	0,1	0,0	0,0	0,0	2,2	0,0	0,0	0,0	0,0	0,0	0,0	0,0	0,0	4,5	0,1	10,5	0,0	1,0
1990	11	0,7	1,1	0,0	0,5	1,8	0,2	0,0	0,0	0,0	0,3	1,5	1,1	0,0	3,6	1,0	0,0	5,2	13,7	1,5	5,1	0,0	5,1	0,1	0,0	1,4	2,1	0,7	2,7	2,6	0,3
1990	12	0,0	0,0	0,4	5,0	0,7	0,0	0,0	0,0	0,0	2,6	0,0	1,6	0,2	1,4	0,2	0,0	0,0	0,0	0,0	0,1	0,0	0,0	0,0	0,0	0,0	0,2	1,6	0,0	7,1	0,8	1,7
1991	01	0,3	0,0	0,0	0,0	0,8	1,4	0,1	0,0	0,0	0,0	0,1	0,0	0,4	0,0	0,0	0,0	0,0	0,0	0,0	0,0	0,6	0,0	0,0	0,0	0,0	0,0	0,0	0,0	0,0	0,0	0,0
1991	02	0,0	0,0	0,0	0,1	0,2	0,0	0,6	0,5	0,0	4,8	0,0	0,0	1,5	0,4	1,0	0,2	0,0	0,0	0,0	0,0	0,0	0,0	0,0	0,0	0,0	0,0	0,0	0,0
1991	03	0,0	0,0	0,0	0,0	0,0	0,0	0,0	0,0	0,0	0,0	1,1	0,2	0,2	0,1	0,0	0,0	0,0	0,0	7,1	0,4	0,0	10,0	0,0	0,0	0,0	0,0	0,0	0,2	0,0	0,0	0,0
1991	04	3,5	0,0	0,0	2,1	5,0	4,6	0,1	2,4	0,6	0,0	0,0	0,0	0,0	0,0	0,0	0,1	0,0	0,0	0,0	0,8	0,3	0,0	1,3	0,0	0,2	0,0	0,0	0,0	1,5	0,4
1991	05	2,3	8,4	0,7	0,1	0,0	0,0	0,0	0,0	0,0	3,5	1,1	7,3	0,0	2,3	0,1	0,0	0,0	0,0	0,0	0,0	0,0	0,0	1,1	3,4	2,8	3,7	0,0	0,0	0,0	0,0	0,0
1991	06	0,0	1,4	0,7	0,0	0,0	0,0	0,0	0,2	0,0	0,0	0,0	0,1	0,0	0,0	0,4	11,2	28,6	0,6	0,0	5,6	0,0	0,0	9,4	9,5	0,6	9,0	3,2	1,3	0,0	0,0
1991	07	0,0	0,0	0,4	0,5	0,0	0,0	0,0	0,0	11,5	0,0	0,0	0,3	29,8	3,2	0,0	0,0	3,4	0,0	0,0	0,0	0,0	0,0	0,0	2,0	0,1	2,0	0,2	0,0	0,0	0,0	0,0
1991	08	4,6	37,0	0,1	0,0	0,0	0,0	0,0	2,4	0,0	0,2	0,0	0,4	0,0	2,6	0,0	0,0	3,7	0,0	0,0	1,0	0,3	0,0	0,0	0,7	0,0	0,0	0,0	3,6	0,0	0,0	0,0
1991	09	0,0	0,0	0,0	0,0	0,1	0,0	0,0	0,6	0,0	0,0	2,4	0,0	0,0	0,0	0,0	1,7	2,7	0,0	0,0	2,3	0,0	3,2	0,0	0,0	0,0	0,4	0,1	0,0	0,0	1,3
1991	10	0,3	0,0	0,0	0,0	0,0	0,0	0,0	0,0	0,0	0,0	0,0	0,0	0,0	0,0	0,0	0,0	1,5	0,4	0,0	0,0	0,0	0,0	2,7	1,5	0,0	0,0	0,0	0,0	0,0	0,0	0,1
1991	11	0,0	2,8	0,0	0,2	0,0	0,0	4,5	2,0	2,0	0,0	2,8	0,0	0,0	0,1	0,0	13,6	1,6	1,5	0,3	15,4	0,1	0,2	0,1	0,0	0,0	0,0	0,0	0,1	0,0	0,1
1991	12	0,0	0,0	0,0	0,2	0,3	0,9	0,5	1,3	0,0	0,0	0,2	0,3	0,0	0,0	0,0	0,1	1,9	1,2	6,9	0,0	6,6	5,0	1,2	1,7	0,1	0,6	0,5	0,0	0,0	0,0	0,0
1992	01	0,0	0,0	0,0	2,5	3,0	0,1	0,0	0,0	6,7	0,0	0,0	0,0	0,0	0,3	0,0	0,0	0,0	0,6	3,6	0,0	0,0	0,0	0,0	0,0	0,0	0,0	0,0	0,0	0,0	0,3	0,0
1992	02	0,0	0,0	0,1	1,0	3,0	0,1	0,0	0,0	0,2	0,0	0,0	0,0	9,2	0,0	0,8	0,1	0,6	0,2	0,2	0,1	1,3	1,1	1,2	0,0	0,0	0,0	0,0	0,0	0,3
1992	03	0,2	1,0	0,0	0,0	0,0	10,2	0,0	0,0	0,0	0,0	0,1	0,0	8,7	1,5	0,9	2,9	0,0	0,0	0,0	1,8	1,4	2,8	4,4	6,8	0,0	4,2	2,1	0,6	0,2	0,0	0,0
1992	04	1,0	0,0	0,0	0,1	6,6	0,0	0,0	0,0	0,0	0,0	0,0	0,0	0,7	0,0	0,0	0,0	0,0	0,0	0,9	0,0	0,0	0,1	1,3	0,0	0,5	0,0	3,4	6,8	0,3	0,0
1992	05	0,0	24,8	0,0	0,0	0,0	0,0	0,1	0,0	0,0	0,0	5,5	0,0	0,0	0,0	0,0	0,0	0,0	0,0	0,0	0,0	0,6	0,2	0,0	0,0	0,0	0,0	0,0	0,0	0,0	0,0	0,0
1992	06	0,2	0,0	13,5	0,0	0,0	50,4	0,0	8,7	0,3	0,0	0,0	3,0	0,0	0,0	0,0	0,6	0,0	0,0	0,0	0,0	0,0	0,0	12,5	5,4	0,0	0,0	0,0	0,0	0,0	0,0
1992	07	0,0	0,0	0,0	22,3	11,1	13,3	0,0	0,0	0,0	3,1	5,8	0,1	0,0	1,9	0,0	0,0	0,0	0,0	0,0	0,0	0,0	2,5	0,0	0,0	0,0	0,0	0,0	0,0	0,0	0,0	4,6
1992	08	7,1	0,0	8,3	0,1	0,0	0,0	0,0	0,0	0,0	15,0	0,0	0,0	0,1	1,7	0,0	0,0	0,0	0,0	0,6	6,2	0,0	1,4	3,1	0,0	0,0	1,6	0,0	0,0	0,0	0,0	0,8
1992	09	0,0	0,0	0,0	3,4	3,8	0,7	0,5	0,0	0,0	0,0	0,0	0,0	0,0	2,2	0,0	0,0	0,0	0,0	0,0	0,0	0,0	0,0	0,0	1,2	0,0	0,0	0,0	0,0	0,0	0,0
1992	10	0,3	0,0	0,0	5,6	0,0	0,0	0,0	0,0	0,0	0,0	0,2	0,0	0,0	0,0	0,0	0,0	7,7	0,0	0,0	0,0	2,0	0,4	0,7	1,3	9,2	2,2	0,0	1,0	0,0	0,5	3,3
1992	11	0,0	1,5	0,0	0,0	0,0	0,0	0,8	0,0	0,0	0,1	1,0	1,2	0,1	0,5	1,7	1,7	0,1	0,4	0,0	0,3	3,3	7,5	2,2	0,2	0,6	0,5	0,7	0,0	0,0	0,0
1992	12	0,0	0,1	0,1	1,6	3,9	0,0	0,0	0,0	0,0	0,0	4,5	1,8	3,0	0,3	0,0	0,0	0,0	0,0	0,0	3,6	2,3	0,0	0,0	0,0	0,0	0,0	0,1	0,0	0,0	0,0	0,0
1993	01	0,0	0,0	0,0	0,0	0,0	1,0	1,9	0,2	0,0	0,0	0,0	0,9	0,0	0,0	0,0	0,0	0,0	0,0	0,0	0,0	0,9	2,3	0,6	2,0	1,6	1,2	2,2	5,1	0,9	0,0	0,0
1993	02	0,0	0,0	0,0	0,0	0,5	1,2	0,0	0,0	0,0	0,1	0,0	0,0	0,0	0,0	0,0	0,3	1,8	0,0	0,2	1,2	0,8	2,6	0,6	6,2	1,0	0,0	0,0	0,0
1993	03	0,0	0,0	0,7	0,0	0,0	0,1	0,0	0,0	0,0	0,2	0,0	0,0	0,0	0,0	2,4	0,2	0,1	1,2	0,0	0,0	0,0	0,4	0,1	0,0	0,5	0,0	0,3	0,5	0,0	0,0	0,0
1993	04	0,0	0,0	0,0	0,0	1,6	0,1	2,8	2,2	0,0	0,0	0,0	0,2	0,0	0,0	0,0	0,0	0,0	0,6	0,5	0,0	1,0	0,0	0,0	0,0	0,0	0,0	0,0	0,0	0,0	0,0
1993	05	0,0	0,0	3,2	0,0	0,6	1,7	0,0	0,0	0,0	0,0	0,0	0,0	0,0	0,0	0,7	0,0	0,0	0,0	11,7	0,0	19,5	12,9	0,2	0,0	0,0	0,1	0,3	0,1	0,0	0,0	0,0
1993	06	0,0	11,5	0,0	0,0	0,0	0,0	0,0	0,0	0,0	0,2	15,4	7,5	1,4	2,8	2,9	6,5	2,4	0,0	3,5	0,7	5,9	13,4	2,5	0,0	0,5	0,0	3,2	2,4	0,0	0,0
1993	07	0,0	0,0	0,0	0,0	4,3	0,0	0,3	0,0	0,0	23,4	19,8	11,6	2,0	1,6	0,8	10,4	0,5	2,9	10,5	0,0	1,0	2,1	0,0	0,0	3,1	0,0	2,5	0,0	0,0	0,0	2,9
1993	08	0,0	0,2	0,0	13,3	1,4	0,0	0,0	0,0	0,0	4,1	0,0	0,0	0,0	0,0	0,0	0,0	0,0	0,0	0,0	0,1	0,0	3,7	0,0	0,0	0,0	0,0	0,0	0,0	0,0	10,4	6,3
1993	09	0,0	1,9	4,6	1,8	7,4	0,0	0,0	0,0	0,7	5,3	1,8	2,3	0,3	11,6	4,6	0,0	0,0	0,0	0,0	0,0	0,0	0,0	0,1	0,0	2,3	0,2	0,0	0,0	0,0	0,0
1993	10	0,0	0,4	0,0	0,0	0,0	0,0	0,1	0,8	0,7	0,0	0,0	0,2	0,0	0,0	0,5	0,0	1,4	0,0	0,0	0,1	1,0	30,6	11,2	0,9	0,0	0,0	0,0	0,1	0,0	0,0	0,0
1993	11	0,0	0,0	0,0	0,0	0,2	11,2	0,5	2,3	0,0	0,0	6,5	0,0	0,0	4,5	7,0	0,1	0,0	0,0	0,0	1,9	0,5	6,1	0,0	0,0	0,0	0,0	0,7	1,2	0,5	0,0
1993	12	0,0	0,0	0,0	0,0	0,0	0,0	0,0	2,5	2,1	0,5	0,0	3,5	2,9	0,0	0,1	0,0	0,6	0,0	3,2	23,3	1,3	0,0	0,2	0,4	0,0	0,0	0,0	0,0	1,3	0,0	1,7
1994	01	0,2	3,5	1,6	0,0	0,0	0,0	0,0	0,0	0,2	0,0	0,0	1,9	0,2	0,4	0,0	0,0	0,0	0,0	0,0	0,0	0,0	0,0	0,9	0,0	4,1	0,7	3,7	0,0	0,0	0,0	0,0
1994	02	0,1	2,0	0,0	0,0	0,0	0,0	0,5	1,4	1,0	1,8	0,9	0,0	0,0	0,0	0,0	0,0	0,2	0,0	0,0	0,0	0,4	1,5	3,0	0,8	0,0	0,0	0,0	0,0
1994	03	7,0	0,1	5,7	0,3	0,0	0,0	0,8	0,0	0,0	0,0	0,0	2,7	3,0	0,0	4,5	2,3	0,0	1,1	1,2	0,8	0,0	2,4	0,2	5,5	3,1	0,4	0,0	0,0	0,0	0,0	0,0
1994	04	0,5	0,0	0,8	0,1	0,0	0,0	0,0	0,0	0,2	3,4	4,9	12,8	0,3	0,8	0,0	5,1	15,2	0,0	0,0	0,0	0,0	0,0	0,0	0,0	0,0	0,0	0,1	0,0	0,0	0,1
1994	05	0,0	0,0	0,0	2,7	7,4	0,0	0,0	0,0	0,8	0,0	0,0	1,1	0,0	0,0	0,0	0,0	3,6	1,5	7,8	0,0	4,0	0,0	2,9	2,8	9,8	11,2	2,0	0,0	5,8	0,0	0,0
1994	06	0,0	5,0	0,8	0,4	6,2	0,0	0,0	0,7	4,1	0,0	0,3	0,0	0,6	0,0	0,0	4,2	0,3	0,0	0,0	0,0	0,0	0,0	0,0	0,0	0,0	0,0	0,0	0,0	2,6	0,0
1994	07	0,0	0,0	0,0	1,2	0,0	3,2	9,2	0,0	0,0	0,0	0,0	0,0	0,0	0,0	0,0	0,0	5,7	0,3	7,6	0,3	0,0	0,0	0,0	0,0	0,0	0,0	0,0	0,0	0,0	0,0	0,0
1994	08	0,0	0,0	0,0	0,0	0,0	0,0	4,4	3,9	0,0	21,0	0,2	3,4	0,0	0,0	0,0	0,0	3,3	1,1	0,0	0,0	0,0	0,0	8,8	7,9	17,3	0,0	0,0	0,1	0,0	0,0	1,7
1994	09	0,1	13,2	0,0	0,0	1,5	2,6	5,0	1,4	0,0	3,8	0,1	2,2	5,0	1,0	0,0	0,0	0,0	0,0	0,3	0,0	0,0	0,0	0,0	0,0	0,1	9,5	0,3	0,0	0,0	0,1
1994	10	0,3	0,1	3,6	0,0	0,1	0,1	5,7	0,2	0,0	0,3	0,0	0,0	0,0	0,3	0,3	0,0	0,0	0,0	0,0	0,0	0,0	0,0	2,9	0,0	0,0	1,4	0,0	0,6	0,6	0,3	0,0
1994	11	0,0	0,0	0,0	0,0	0,0	0,0	0,0	0,0	0,0	0,1	0,0	0,0	0,0	2,8	0,7	1,3	6,7	0,8	2,2	0,0	0,0	0,1	0,0	0,0	0,4	3,8	0,0	0,0	0,0	0,2
1994	12	0,0	0,0	0,4	3,6	3,7	0,0	0,0	0,0	1,0	5,0	0,0	0,0	21,8	0,0	0,2	0,0	0,0	0,0	2,2	4,0	0,0	0,5	0,0	0,0	0,0	0,0	0,0	0,1	0,0	2,0	0,2
1995	01	0,2	1,5	0,3	0,1	0,0	0,0	0,0	0,0	0,2	0,3	0,1	0,9	0,0	0,2	0,0	0,3	0,2	0,0	3,4	1,5	0,1	0,0	0,7	0,7	6,3	0,3	0,6	5,1	0,1	0,6	0,0
1995	02	0,0	0,1	0,0	1,2	0,0	0,0	0,0	5,2	0,2	0,0	0,0	0,2	0,0	1,4	2,0	0,4	0,3	0,0	0,0	0,1	0,4	0,0	0,0	3,6	11,7	0,2	0,0	0,0
1995	03	0,0	0,1	2,1	2,0	0,2	0,0	0,0	0,0	0,0	0,0	0,0	0,0	0,3	0,7	0,7	0,0	1,7	4,9	0,4	0,3	2,0	0,1	0,0	0,0	1,0	0,3	2,5	1,2	2,7	0,0	0,4
1995	04	7,5	0,0	0,0	0,0	0,0	0,2	2,3	0,3	0,4	6,3	4,9	0,6	0,0	0,9	2,3	1,2	5,0	0,0	0,0	0,0	0,0	0,0	0,0	0,5	2,0	3,6	0,4	0,0	0,0	3,8
1995	05	1,0	0,0	0,0	0,0	0,0	0,0	0,4	8,7	2,1	0,0	0,1	4,6	43,7	0,0	0,0	0,0	0,4	13,5	0,0	0,0	0,0	0,0	0,0	0,0	0,0	0,0	0,0	0,0	0,0	16,2	4,9
1995	06	23,2	4,0	0,0	0,8	0,7	5,2	0,0	10,2	1,0	0,3	1,5	15,9	0,1	4,8	0,0	0,8	6,4	0,0	0,0	0,0	11,7	0,2	0,0	0,3	20,3	4,9	0,0	0,0	0,0	0,0
1995	07	0,0	0,6	0,2	11,3	0,0	0,0	0,0	0,0	0,0	0,0	0,0	8,5	0,6	0,0	0,1	4,0	0,2	0,7	0,0	0,0	0,0	15,9	0,0	0,0	0,0	0,0	14,3	7,2	0,0	0,0	0,0
1995	08	0,0	0,0	0,3	0,0	0,0	0,0	0,0	0,0	0,0	0,0	0,0	0,0	0,0	2,5	5,4	1,9	0,0	0,1	0,1	4,3	0,0	0,0	0,0	0,0	2,5	5,5	9,7	9,8	0,4	0,9	25,2
1995	09	4,2	0,0	0,0	0,0	0,0	0,0	0,3	0,6	0,0	0,0	0,2	0,0	0,1	10,7	6,9	0,2	0,1	0,0	0,3	10,8	4,0	0,1	0,1	0,0	0,0	0,6	1,5	0,0	1,8	5,2
1995	10	1,2	0,0	0,0	0,0	0,0	0,0	0,0	0,0	0,0	0,2	0,3	0,4	0,0	0,0	0,0	0,1	0,0	0,5	0,0	0,2	0,0	0,0	0,0	0,0	0,1	0,1	0,0	0,1	3,5	0,0	0,0
1995	11	3,2	2,1	3,2	0,0	0,0	3,6	0,8	1,5	0,6	0,0	0,0	0,0	0,0	0,1	0,0	0,2	5,9	0,2	1,2	0,0	0,0	0,1	0,0	0,0	0,0	0,0	0,1	0,2	0,0	0,0
1995	12	0,3	1,5	0,1	0,3	0,4	0,3	3,2	0,0	0,0	0,0	1,1	0,5	0,4	0,1	0,0	0,0	0,0	0,1	0,0	4,8	1,0	2,0	2,0	9,9	1,6	0,0	0,1	0,0	0,2	0,0	0,0
1996	01	0,0	0,0	0,0	0,1	0,0	0,0	2,0	3,5	0,0	0,0	0,0	0,2	0,1	0,0	0,0	0,0	0,0	0,0	0,0	0,0	0,0	0,0	0,0	0,1	0,7	0,0	0,0	0,3	0,0	0,1	0,1
1996	02	0,0	0,7	0,1	0,1	0,1	0,0	0,0	0,1	0,0	0,0	0,5	0,0	1,8	1,3	0,2	0,8	0,3	4,8	0,0	0,0	0,0	0,0	0,3	0,0	0,0	0,0	0,0	0,0	0,0
1996	03	0,4	1,6	0,5	0,0	0,0	0,0	0,0	0,0	0,0	0,0	1,3	1,7	0,4	0,4	0,0	0,0	0,0	0,0	0,0	0,0	0,0	0,0	0,5	2,9	0,0	2,8	0,0	0,0	0,5	0,0	0,0
1996	04	0,1	0,4	2,4	2,2	0,0	0,0	0,0	0,1	0,0	0,0	3,6	0,0	0,3	0,1	0,0	0,0	0,0	0,0	0,0	0,0	0,0	0,0	0,0	1,1	0,0	0,0	0,0	1,0	0,4	0,0
1996	05	0,0	6,2	26,6	0,1	0,0	0,0	3,3	6,8	11,7	0,0	0,0	0,0	5,5	1,8	0,0	0,0	4,3	11,3	3,2	0,0	0,0	6,9	0,0	2,3	2,5	0,5	5,5	0,0	0,0	0,0	0,0
1996	06	11,6	0,0	0,0	0,0	0,0	0,0	0,0	0,0	0,2	1,3	0,0	8,5	0,0	0,0	0,0	0,0	0,0	0,1	0,0	5,2	6,7	21,3	0,6	2,3	0,0	0,4	0,0	2,6	29,6	1,0
1996	07	0,3	0,0	0,0	0,7	12,8	1,8	0,2	39,8	0,4	0,0	23,8	5,2	0,0	0,0	0,0	0,0	0,0	0,0	0,0	0,0	0,0	0,0	7,4	4,4	2,6	0,2	0,0	0,0	6,3	0,0	0,0
1996	08	0,0	7,8	1,3	0,0	0,0	0,0	0,0	0,0	0,0	0,0	11,4	10,0	0,2	4,5	3,3	2,8	0,4	0,0	0,0	0,0	0,0	0,0	0,0	4,8	0,6	0,6	9,8	2,0	2,3	0,0	0,4
1996	09	0,0	0,0	0,0	0,4	2,5	5,5	2,6	0,5	0,8	0,6	0,1	0,7	9,0	1,0	0,0	0,0	1,1	0,0	0,0	2,3	0,1	0,4	0,7	5,0	2,1	1,4	2,5	0,3	0,0	0,0
1996	10	1,8	0,0	0,0	0,0	0,1	0,0	0,0	0,0	0,0	0,0	0,1	0,2	0,2	0,1	0,0	6,1	4,5	0,0	0,4	2,3	8,5	1,0	0,0	0,0	0,1	0,0	2,8	0,4	1,8	0,1	0,5
1996	11	0,0	0,0	0,0	0,0	0,0	0,0	8,1	0,6	0,0	0,0	0,1	0,2	4,3	1,9	0,9	0,1	0,4	0,5	0,0	5,0	0,0	0,0	0,0	0,0	0,1	0,3	1,1	0,5	0,3	0,2
1996	12	0,4	1,7	0,0	0,0	0,0	0,0	0,0	0,0	0,0	0,0	0,0	0,0	2,3	0,0	0,1	0,1	0,6	0,0	8,2	3,2	0,0	0,0	0,4	0,0	0,0	0,0	0,0	0,1	0,0	0,0	0,1
1997	01	0,3	0,0	0,0	8,2	2,1	0,5	0,2	0,0	0,0	0,1	0,0	0,0	0,0	0,0	0,0	0,0	0,0	0,1	2,0	0,0	0,0	0,0	0,0	0,7	0,0	0,0	0,0	0,0	0,0	0,0	0,0
1997	02	0,0	0,0	0,0	0,2	2,5	0,0	0,0	0,0	0,0	0,1	2,5	3,0	1,9	0,0	0,0	0,0	0,0	6,9	0,0	0,1	0,8	0,0	0,0	0,1	2,0	6,5	0,0	0,0
1997	03	0,0	0,0	1,6	0,1	0,0	0,1	0,0	0,0	0,0	0,0	0,0	0,0	0,0	0,0	5,3	8,5	0,6	2,7	6,0	0,0	0,3	0,3	0,5	0,0	0,2	0,4	0,0	2,4	3,6	0,8	0,0
1997	04	0,0	0,0	0,8	0,4	4,6	0,2	0,0	0,0	0,0	0,0	3,5	3,1	0,0	1,8	0,3	0,8	0,1	0,9	1,6	0,0	0,0	0,0	0,0	0,0	0,4	2,7	2,8	1,5	0,4	3,0
1997	05	0,0	0,0	1,0	0,0	2,0	1,9	0,0	0,6	0,3	0,0	0,0	10,3	0,0	0,0	0,0	0,0	0,0	0,0	0,2	9,0	0,3	10,5	2,4	0,0	0,0	0,4	1,4	2,0	1,1	0,0	0,0
1997	06	0,0	0,0	0,0	0,0	0,3	0,8	0,0	0,2	0,0	0,0	0,0	0,5	0,0	3,3	3,7	0,0	0,7	2,7	18,4	1,2	2,7	1,4	0,8	0,6	0,0	6,2	1,5	0,0	0,0	0,0
1997	07	0,0	0,0	0,0	20,9	4,0	7,0	4,2	0,0	0,0	0,0	0,0	0,0	0,0	0,0	3,6	9,7	14,6	17,5	11,1	1,6	5,2	0,0	13,0	8,5	0,6	0,2	0,0	0,0	0,0	0,0	6,8
1997	08	6,4	0,0	0,0	0,0	0,0	0,0	0,0	0,0	1,3	0,0	0,0	0,0	0,0	5,4	0,4	0,0	0,8	2,1	2,8	0,0	0,0	0,0	0,0	0,0	0,0	0,0	0,0	15,7	10,6	0,0	0,0
1997	09	0,0	0,0	0,1	20,5	0,0	3,6	0,0	0,0	1,0	0,4	0,0	2,4	2,2	0,0	0,0	0,0	0,0	0,0	0,0	0,0	0,0	0,0	0,0	0,0	0,0	0,0	0,0	0,0	0,9	0,0
1997	10	0,3	0,5	0,0	0,0	0,0	0,0	0,0	1,7	2,0	7,3	3,0	1,7	0,0	2,4	1,5	0,0	0,0	0,0	0,1	0,6	0,0	0,0	0,4	0,0	0,6	1,7	0,0	0,0	0,0	0,0	0,1
1997	11	0,0	0,0	0,1	0,0	0,0	0,0	0,0	7,1	0,0	0,0	0,1	0,0	0,0	0,0	11,9	0,4	0,0	0,0	0,0	0,0	1,4	0,4	0,0	0,0	0,3	0,4	0,1	2,1	0,0	4,0
1997	12	2,0	7,5	6,3	0,6	0,1	0,1	0,5	0,5	0,0	3,9	4,9	3,4	0,2	0,4	0,4	0,0	0,0	0,1	0,4	4,4	0,0	0,0	0,0	2,0	0,0	0,0	0,0	0,0	0,0	0,0	0,0
1998	01	0,0	0,1	0,4	0,2	0,8	0,2	1,4	0,0	0,0	0,0	0,0	0,0	0,2	0,0	0,0	2,3	0,1	0,0	0,1	0,1	0,3	0,6	0,1	0,0	0,0	0,1	0,0	0,7	0,1	0,6	0,0
1998	02	0,0	0,0	0,0	0,0	0,0	0,0	0,0	0,0	0,0	0,0	0,0	0,0	0,0	0,0	0,1	1,0	0,7	0,0	0,0	0,1	0,0	10,2	0,1	0,6	0,2	0,0	0,1	1,3
1998	03	0,2	0,0	0,6	2,5	0,5	1,9	0,8	2,2	0,2	0,0	0,0	0,0	0,1	0,8	0,6	7,5	2,2	0,9	0,0	1,3	0,2	0,0	0,0	0,0	0,0	0,0	0,1	0,0	0,0	0,0	0,0
1998	04	3,0	0,3	0,0	0,0	0,0	0,0	0,0	0,0	0,0	0,1	2,9	0,1	0,0	0,1	0,0	0,0	0,0	0,1	0,3	0,0	0,2	0,0	0,0	0,0	0,0	0,0	0,0	0,0	0,0	0,0
1998	05	0,0	0,5	0,6	0,1	0,0	0,0	0,0	0,0	0,0	0,0	0,0	0,0	0,0	0,0	0,0	0,0	0,0	0,0	0,0	0,0	4,3	0,1	0,0	0,3	1,8	8,3	0,0	0,0	0,0	4,8	0,4
1998	06	0,5	0,1	0,0	0,0	0,0	0,0	14,1	4,0	0,0	8,7	7,0	11,9	0,1	0,0	7,0	2,3	5,3	0,0	0,0	0,0	0,0	10,0	2,7	0,0	0,0	14,4	4,6	0,0	0,0	0,2
1998	07	0,0	0,0	0,5	4,8	3,0	1,8	5,9	1,5	1,0	0,0	8,8	0,9	5,6	0,0	0,2	1,3	1,2	0,3	0,0	0,0	2,3	0,0	6,7	0,0	5,1	0,0	1,5	1,8	0,4	0,8	0,0
1998	08	5,7	0,0	0,0	0,0	0,0	0,0	0,0	0,0	0,0	0,0	0,0	7,5	5,1	0,0	0,0	0,0	0,0	0,0	0,0	0,0	2,0	1,4	0,5	0,5	0,0	0,6	0,0	0,0	0,0	0,0	1,2
1998	09	0,0	0,0	2,4	0,0	24,3	0,0	0,0	3,3	0,0	2,6	7,7	10,3	0,4	1,9	15,6	8,6	0,1	0,0	0,0	0,1	0,0	0,0	0,1	0,0	0,2	0,2	0,3	0,0	0,0	0,0
1998	10	10,0	0,9	0,0	0,0	0,6	0,6	3,8	0,3	0,1	1,0	0,4	7,7	1,6	2,4	0,0	0,0	0,3	0,4	0,0	1,0	0,0	0,1	3,1	3,2	1,3	1,9	1,7	19,4	5,6	1,3	4,9
1998	11	9,6	0,1	0,3	0,0	0,0	1,1	0,0	2,5	4,9	7,2	0,2	0,1	0,1	0,7	0,3	2,0	0,3	0,1	0,2	0,5	0,1	0,0	0,0	0,0	0,1	0,0	0,2	0,0	0,0	0,0
1998	12	0,0	0,0	0,0	0,0	0,7	0,1	0,0	0,0	0,1	0,1	0,0	1,7	0,0	3,4	0,4	0,4	0,0	0,4	0,4	0,0	0,0	0,0	0,0	0,8	0,0	0,0	0,0	0,1	0,1	0,0	0,0
1999	01	0,0	0,0	0,9	0,0	0,0	0,0	9,1	3,4	0,1	0,0	6,4	0,6	0,0	1,2	0,0	0,0	0,0	0,0	0,0	0,0	0,0	0,1	0,0	0,0	0,0	3,2	1,4	2,6	0,0	0,3	0,0
1999	02	0,1	0,0	1,2	1,8	1,6	0,0	5,1	0,8	0,0	0,0	0,0	0,3	1,1	0,5	0,0	0,5	0,1	0,2	1,0	0,6	1,2	2,1	0,2	0,3	0,0	0,5	0,1	0,3
1999	03	1,6	5,3	0,0	0,0	4,2	0,0	0,0	0,0	0,6	6,2	0,0	0,0	0,0	0,0	0,0	0,0	0,0	0,0	1,0	0,6	0,5	0,0	0,2	0,0	0,0	0,0	0,0	0,0	0,0	0,0	0,0
1999	04	0,0	0,0	0,0	3,8	4,0	0,6	0,1	0,0	0,0	0,0	1,2	0,0	0,0	0,0	0,3	5,4	0,1	0,0	0,0	0,0	2,3	0,0	0,0	0,0	1,4	0,1	0,2	0,1	0,0	0,0
1999	05	5,2	0,0	0,0	0,0	0,0	0,0	0,0	2,8	0,0	0,0	0,3	3,8	0,2	0,1	0,3	0,1	0,0	0,0	1,2	19,4	2,0	3,4	0,0	0,0	0,0	0,0	0,0	0,0	0,0	4,2	0,0
1999	06	0,0	6,2	1,2	0,2	0,0	0,2	10,1	2,3	0,0	0,0	1,9	5,1	0,0	0,0	0,0	1,8	5,6	2,4	0,0	1,7	3,7	0,0	0,0	0,0	0,0	2,7	2,3	0,0	0,0	1,8
1999	07	13,3	0,0	0,0	0,0	12,4	28,0	18,9	7,4	0,2	0,0	2,4	9,3	1,3	1,3	1,1	0,1	0,0	0,0	0,0	2,0	0,0	0,0	1,5	0,0	0,0	0,0	0,0	0,0	0,0	0,0	0,0
1999	08	0,0	0,0	0,0	0,0	0,4	0,0	0,1	0,1	5,6	0,0	1,3	0,0	0,0	0,1	0,0	5,6	0,0	1,1	0,0	0,0	1,7	0,0	0,0	0,0	0,0	0,1	0,1	2,5	1,3	0,0	0,9
1999	09	1,2	3,5	0,0	0,0	0,0	0,0	0,0	0,0	0,0	0,0	0,0	0,0	0,0	0,0	0,0	0,0	26,4	0,0	0,0	0,0	5,0	0,0	1,9	0,0	8,3	1,8	0,0	1,3	2,0	2,4
1999	10	0,1	0,0	5,9	0,0	0,0	3,8	1,0	0,8	2,9	0,1	0,0	0,0	0,0	0,7	0,0	0,0	0,0	0,0	0,0	0,0	0,0	0,0	3,5	0,0	2,5	0,0	0,0	0,0	0,1	0,0	0,0
1999	11	0,0	0,4	0,0	0,0	0,0	4,3	0,0	1,9	4,0	11,4	0,1	0,0	0,2	2,7	0,0	0,0	0,0	0,1	0,2	0,6	0,0	0,0	0,0	0,0	0,0	0,0	0,0	0,0	0,0	0,0
1999	12	0,9	2,4	0,4	0,0	0,2	0,0	0,0	0,0	0,0	0,0	0,4	0,3	0,8	0,7	0,6	0,0	0,2	1,9	0,4	0,1	0,0	0,2	0,6	0,0	2,6	5,8	3,5	2,2	0,5	0,0	0,0
2000	01	1,0	0,0	0,0	0,1	1,4	0,0	0,0	0,0	0,7	0,1	0,0	0,0	0,0	0,0	0,0	0,0	0,1	2,0	0,0	0,2	3,7	1,6	0,0	0,0	0,0	0,0	0,0	0,0	7,0	1,9	1,4
2000	02	0,0	0,1	2,2	0,2	0,0	0,0	0,2	1,9	0,4	1,2	0,0	0,0	1,7	0,5	1,4	0,6	0,1	1,7	0,8	2,3	0,1	0,6	0,0	1,3	1,7	0,0	0,0	0,0	0,5
2000	03	3,0	0,0	2,8	1,0	0,0	0,0	0,3	1,3	9,8	3,3	2,4	0,2	0,9	5,2	0,9	6,7	1,2	0,0	0,2	0,0	0,0	0,0	0,0	5,6	0,1	24,9	0,3	1,0	10,0	8,8	0,0
2000	04	0,0	0,0	0,0	1,2	0,0	0,0	0,8	0,0	0,0	0,0	2,3	0,5	0,0	0,0	1,6	0,0	0,0	0,0	0,0	0,0	0,0	0,0	0,0	0,0	0,0	0,0	0,0	0,0	0,0	3,6
2000	05	5,4	0,0	0,0	0,0	0,0	0,0	0,0	0,0	0,0	0,0	0,0	0,0	0,0	0,0	0,0	0,0	18,8	3,0	3,0	0,5	2,3	2,6	0,0	0,0	0,0	0,0	13,4	2,4	2,0	1,6	0,0
2000	06	0,0	0,0	0,0	0,1	6,0	0,0	3,1	0,0	0,0	0,0	0,0	0,0	0,0	0,4	2,9	0,0	0,0	0,0	0,0	0,0	0,0	15,2	2,2	0,8	11,2	0,0	0,0	0,0	0,0	0,0
2000	07	1,6	4,2	0,0	0,8	0,0	0,0	12,2	3,5	0,4	2,8	0,8	8,2	0,1	2,9	0,1	2,0	0,4	0,1	0,1	0,0	0,3	0,0	0,0	14,3	1,0	1,0	2,2	0,2	0,8	5,8	0,1
2000	08	0,0	1,1	0,9	0,0	1,0	9,6	0,2	1,9	0,0	0,7	0,0	0,0	0,0	0,0	0,0	0,0	0,0	0,0	1,8	0,0	22,3	0,0	0,0	0,0	0,0	0,0	0,0	0,1	0,0	0,0	0,0
2000	09	2,8	1,6	0,3	0,0	0,0	7,3	0,3	0,0	0,0	0,0	0,1	0,0	0,0	0,0	0,1	1,0	0,5	0,0	0,0	1,0	5,5	0,0	0,1	0,0	0,0	0,0	0,1	0,0	0,0	0,0
2000	10	9,5	1,6	1,0	0,0	0,0	2,5	15,0	0,0	1,0	1,1	0,2	0,0	0,0	0,2	0,0	0,1	4,6	15,0	0,3	0,1	0,0	0,0	0,0	0,0	1,6	0,9	0,3	0,0	0,0	0,0	0,2
2000	11	0,0	0,0	3,2	0,3	0,0	0,7	3,9	0,0	0,0	0,0	0,0	0,0	0,1	0,4	0,2	0,1	1,9	0,0	0,3	0,2	2,6	0,0	0,0	7,5	2,8	0,3	0,7	2,7	0,1	0,0
2000	12	0,0	0,1	0,0	0,0	0,0	0,0	0,0	0,1	0,1	0,9	1,5	1,4	0,0	0,3	0,0	0,0	0,0	1,6	0,1	0,1	0,0	0,0	0,0	0,0	0,0	0,0	0,0	0,4	2,3	0,3	0,0
2001	01	0,3	2,1	1,7	0,4	4,5	0,4	3,0	0,1	0,1	5,4	0,3	0,0	0,0	0,1	0,0	0,0	0,0	0,0	0,0	1,6	0,0	3,3	0,1	3,1	4,6	0,0	0,0	0,0	0,0	0,1	0,1
2001	02	0,1	0,3	3,3	1,6	0,1	0,2	0,0	0,0	0,0	0,1	0,0	0,0	0,8	0,0	0,0	0,1	0,0	0,0	0,0	0,0	1,2	4,7	4,3	0,0	0,0	0,0	0,0	0,0
2001	03	0,0	0,0	1,1	1,4	0,1	0,0	0,0	4,0	0,9	1,0	1,4	4,2	0,1	0,0	2,4	0,4	6,0	3,2	0,2	0,0	5,4	4,7	5,9	3,1	5,2	0,4	0,0	0,0	0,0	0,0	0,0
2001	04	0,0	0,0	0,0	3,1	0,0	0,3	15,3	7,5	0,0	0,0	2,8	0,2	1,4	0,3	4,7	5,8	2,9	0,7	0,0	1,2	3,8	0,1	0,0	0,0	2,6	0,4	0,3	2,4	1,6	0,0
2001	05	0,0	0,0	2,0	11,2	3,3	0,0	0,0	1,3	0,0	0,0	0,0	0,0	0,0	0,0	0,6	0,9	7,0	6,3	0,1	0,0	0,0	0,0	0,0	0,0	0,0	0,0	0,8	2,6	0,6	0,5	2,8
2001	06	1,5	2,4	0,0	0,4	0,0	0,1	2,1	12,8	0,0	5,8	0,8	0,0	0,0	1,0	0,0	0,2	0,0	17,1	0,0	0,0	5,1	6,1	0,0	0,0	0,0	0,0	0,0	10,6	0,0	6,4
2001	07	0,0	0,0	0,1	0,0	0,0	0,0	26,4	9,2	0,5	0,0	3,8	0,0	4,3	0,0	11,1	9,7	0,6	7,3	1,3	18,2	0,0	0,0	0,0	1,4	0,0	0,0	0,0	0,0	4,9	0,0	0,0
2001	08	0,0	0,0	11,4	5,6	0,1	0,1	0,3	0,0	5,9	0,9	0,0	0,0	0,1	0,0	0,0	9,8	28,5	0,0	0,0	3,6	0,5	0,0	0,1	0,0	0,0	0,0	0,0	0,0	0,0	0,0	19,1
2001	09	15,9	0,0	0,5	1,2	0,0	0,0	2,8	5,6	2,7	4,8	0,2	0,1	1,7	1,0	0,5	9,9	2,3	1,0	0,3	5,7	0,0	0,0	3,8	0,2	0,7	3,9	0,3	0,1	0,1	2,3
2001	10	1,1	0,0	3,6	1,8	0,2	0,3	0,0	2,3	0,0	0,0	0,0	0,0	0,1	0,0	0,2	0,0	0,0	0,0	0,1	0,0	2,1	0,3	0,0	1,4	0,0	0,0	0,0	4,6	0,0	0,0	2,5
2001	11	0,2	0,1	0,0	0,0	1,3	0,3	3,2	3,0	0,0	0,0	0,0	2,2	1,1	0,0	0,0	0,0	0,0	0,0	0,5	0,0	0,0	7,3	0,0	0,0	1,8	3,9	3,4	0,7	1,1	0,0
2001	12	0,0	0,0	0,0	5,1	5,6	2,5	0,0	0,0	0,0	2,5	0,5	0,2	0,1	0,0	0,1	0,3	0,3	0,0	0,8	0,4	0,2	2,9	0,1	0,7	0,2	0,0	0,0	3,2	7,5	0,5	0,3
2002	01	0,0	0,0	0,0	0,0	0,0	0,1	0,0	0,0	0,0	0,0	0,1	3,0	0,0	0,0	0,0	0,0	0,0	0,0	0,0	2,4	0,1	0,0	0,0	3,4	1,7	0,3	1,9	0,0	0,0	0,0	0,0
2002	02	0,0	0,0	0,0	0,0	0,0	2,3	2,2	0,5	3,3	0,2	0,3	16,5	1,7	0,0	0,0	0,0	0,0	0,0	1,0	1,3	0,1	2,6	5,5	0,9	4,4	0,0	1,8	0,5
2002	03	0,0	0,0	0,0	0,0	0,0	0,0	3,6	0,0	0,1	0,0	0,0	0,0	0,0	0,0	1,2	0,0	0,0	0,0	3,0	12,6	0,9	1,5	2,7	0,1	0,0	0,0	0,1	0,0	0,0	0,0	0,0
2002	04	0,0	0,0	0,0	0,0	0,0	0,0	0,0	0,0	0,0	0,0	0,0	0,2	0,4	15,4	2,6	0,0	0,0	0,0	0,7	0,0	0,0	0,0	0,5	0,0	0,0	2,8	3,3	0,0	0,2	0,0
2002	05	0,0	6,4	0,0	0,0	5,1	0,9	0,0	0,0	0,0	2,3	10,5	7,4	0,0	0,0	0,0	0,0	0,0	0,0	0,1	0,0	0,0	0,0	6,6	0,1	2,9	2,1	13,7	0,2	0,7	0,0	0,0
2002	06	0,0	0,0	0,0	0,0	2,5	5,7	19,5	4,8	0,0	11,2	0,0	0,4	0,0	0,0	3,9	0,1	0,0	0,0	0,0	3,2	14,3	0,0	15,0	0,3	0,0	0,0	0,0	0,0	1,1	0,0
2002	07	0,5	6,4	12,0	1,7	0,0	18,7	0,1	0,0	0,0	1,3	0,1	0,0	0,6	0,0	0,0	33,4	16,3	0,7	0,0	0,0	1,6	0,0	0,1	6,6	0,0	0,0	0,0	0,0	0,0	0,0	0,0
2002	08	0,5	5,3	1,2	13,4	0,0	5,7	2,8	0,5	0,0	0,0	20,9	49,2	7,1	0,0	0,0	0,0	0,0	0,0	0,0	0,0	4,1	3,1	0,0	0,0	0,0	0,0	3,5	0,0	0,0	0,0	4,9
2002	09	6,3	0,0	0,0	0,0	0,0	0,0	0,0	0,0	0,0	4,0	0,0	0,0	0,0	3,7	1,5	0,1	0,1	0,0	0,0	0,0	0,0	2,2	5,2	7,5	6,7	5,8	0,4	0,0	0,0	0,0
2002	10	0,0	0,0	2,9	0,4	1,6	2,6	1,2	0,0	0,0	0,0	0,2	0,0	0,0	0,1	1,1	3,3	0,9	0,0	0,5	0,0	2,9	2,7	0,1	0,1	9,0	0,1	5,2	1,0	0,5	0,1	1,1
2002	11	1,0	4,8	8,9	0,1	0,0	0,0	0,0	5,5	7,8	3,0	2,7	0,0	0,0	0,0	0,1	0,0	0,0	3,4	5,7	0,0	0,0	9,6	3,4	0,0	0,0	7,8	7,4	0,0	9,2	0,7
2002	12	0,0	0,0	1,1	0,2	0,0	0,0	0,0	0,0	0,0	0,0	0,0	0,0	0,0	0,0	0,5	0,9	2,7	0,0	0,0	0,0	0,0	12,6	0,0	0,0	0,0	1,5	0,0	1,6	6,7	15,0	1,4
2003	01	2,6	8,5	0,2	0,8	0,1	0,0	0,0	0,0	0,0	0,0	0,0	0,0	0,1	0,0	0,0	0,0	0,0	0,0	0,0	0,0	0,0	0,1	2,7	0,9	0,0	0,0	0,3	2,6	0,2	0,3	0,9
2003	02	0,0	0,1	1,4	0,0	0,0	0,0	0,3	1,7	0,0	0,0	0,0	0,0	0,0	0,0	0,3	0,0	0,0	0,0	0,0	0,0	0,0	0,0	0,0	0,0	0,0	0,0	0,0	0,0
2003	03	0,0	0,2	0,5	0,0	0,0	1,3	0,9	0,0	0,3	0,0	0,8	1,4	0,3	0,0	0,0	0,0	0,0	0,0	0,0	0,0	0,0	0,0	0,0	0,0	0,0	0,0	0,0	0,0	0,3	0,0	0,0
2003	04	0,2	2,3	0,0	0,0	0,1	0,7	0,0	0,0	0,0	2,3	3,0	0,0	0,0	0,0	0,0	0,0	0,0	10,4	2,3	0,0	0,0	0,0	0,0	0,0	0,0	0,4	1,0	0,0	0,0	0,2
2003	05	0,0	0,3	0,0	0,0	0,0	0,0	0,0	16,8	20,5	2,7	0,0	3,4	0,2	0,4	5,7	0,0	1,0	5,7	10,4	0,0	0,0	0,0	0,0	0,0	0,0	1,3	0,4	0,0	0,0	0,0	2,3
2003	06	0,0	0,0	0,0	0,0	1,3	0,0	0,0	0,8	0,0	0,0	0,0	5,5	0,0	0,0	0,0	0,0	1,5	7,3	1,4	0,0	0,0	0,0	1,5	0,0	0,0	0,0	0,0	0,0	0,0	6,3
2003	07	11,1	0,1	1,0	0,1	0,6	0,0	0,0	0,0	1,2	0,0	0,7	0,0	0,0	0,0	0,0	0,0	11,0	0,0	0,0	0,0	0,0	9,8	0,0	9,9	0,0	0,0	6,8	0,9	21,2	0,0	0,0
2003	08	0,0	0,0	0,0	0,0	0,0	0,0	0,0	0,0	0,0	0,0	0,0	0,0	0,7	2,1	0,0	0,0	0,0	8,2	1,1	0,0	0,0	0,0	0,0	0,0	0,0	0,0	0,0	0,0	0,0	3,9	0,1
2003	09	1,8	0,2	0,1	0,0	0,0	0,0	0,0	0,2	1,4	2,3	1,3	4,1	6,8	0,1	0,0	0,0	0,0	0,0	0,0	0,0	0,0	0,0	5,0	0,0	0,0	0,0	0,0	1,4	0,0	0,0
2003	10	0,0	0,0	0,4	0,2	6,0	0,1	0,7	3,1	0,8	0,2	0,1	0,0	0,0	0,0	0,0	0,0	0,0	0,0	0,0	2,3	1,1	0,6	0,0	0,0	0,0	0,0	0,0	0,0	0,0	0,0	0,0
2003	11	0,1	0,0	0,0	0,0	0,0	0,2	0,2	0,0	0,1	0,1	0,0	0,0	0,0	0,2	0,1	0,7	0,0	0,0	0,0	0,0	0,2	0,0	0,0	0,1	0,0	0,5	0,1	3,2	2,9	0,2
2003	12	0,0	0,0	0,0	0,0	0,0	0,8	0,0	0,0	0,0	0,0	0,0	0,0	6,3	2,2	1,3	0,1	0,0	0,0	0,8	0,0	0,4	2,2	0,0	0,0	0,0	0,0	0,0	0,0	0,1	2,5	1,9
2004	01	0,6	0,3	0,1	3,3	0,2	6,8	0,0	0,0	1,4	0,5	4,4	13,1	4,8	0,0	0,3	0,4	0,0	0,0	4,5	0,7	0,6	0,0	0,0	0,5	2,0	0,1	1,7	0,1	0,2	0,0	0,0
2004	02	0,2	5,7	0,7	0,0	0,0	0,0	0,0	0,8	1,5	1,3	0,0	0,0	0,0	0,0	0,0	0,1	0,4	1,8	0,0	0,0	0,0	1,2	1,7	0,0	0,0	0,0	0,0	0,0	5,1
2004	03	0,8	0,0	0,5	0,0	0,0	0,4	0,0	0,0	3,0	0,1	0,0	0,0	0,0	0,0	0,0	0,0	0,0	0,0	0,0	3,9	3,1	0,1	4,9	16,4	0,0	0,3	0,0	0,0	0,0	0,0	0,0
2004	04	0,0	0,0	0,0	0,1	2,0	0,9	0,0	0,3	0,0	0,0	0,0	0,0	0,0	0,0	0,0	0,0	0,0	3,6	3,2	0,1	0,0	0,0	4,2	2,7	0,0	0,0	0,0	0,0	0,0	0,0
2004	05	0,2	0,1	1,4	0,0	0,0	4,6	0,1	0,0	0,8	10,3	0,3	7,5	0,2	0,0	6,7	0,0	0,0	0,0	0,0	0,0	6,4	3,6	4,9	0,5	0,1	0,0	0,0	0,0	0,0	0,0	0,0
2004	06	9,1	46,6	1,6	6,6	2,8	0,0	0,0	0,0	3,4	4,7	12,9	0,0	2,5	0,0	1,8	0,0	5,3	0,0	0,0	1,6	1,4	0,0	4,6	0,0	0,0	0,0	2,3	0,0	0,0	0,0
2004	07	0,0	6,8	0,1	0,9	0,0	0,2	0,8	19,9	3,1	0,8	3,7	3,6	0,9	0,9	0,2	0,0	0,0	1,3	0,0	2,6	0,0	0,0	0,1	0,5	0,0	1,5	0,0	0,0	0,0	0,0	1,5
2004	08	0,1	0,0	0,0	0,0	0,0	0,0	0,0	0,0	0,0	0,0	0,0	9,1	1,1	3,8	0,0	0,0	0,7	0,0	22,2	2,2	0,7	0,0	0,3	1,8	0,1	2,3	0,2	0,0	2,9	6,5	0,0
2004	09	0,0	0,0	0,0	0,0	0,0	0,0	0,0	0,0	0,0	0,0	0,5	1,5	0,0	1,1	0,0	0,0	0,0	0,0	0,0	0,0	2,3	11,6	13,1	0,4	0,8	0,1	0,0	0,8	1,4	0,0
2004	10	0,0	1,9	0,1	0,0	0,0	1,1	0,1	4,6	0,0	0,0	0,0	0,0	0,0	0,0	2,1	8,3	0,2	0,1	0,0	1,8	0,1	0,0	0,0	0,0	0,0	1,0	0,0	0,0	0,5	0,0	0,0
2004	11	0,0	0,2	0,0	0,0	1,8	4,0	2,5	3,9	9,2	0,0	1,6	0,6	1,4	0,0	0,0	0,2	1,4	10,6	0,7	0,7	0,8	2,1	3,4	0,0	0,0	0,0	1,3	0,2	0,0	0,0
2004	12	0,0	0,0	0,1	0,0	0,0	0,0	0,0	0,0	0,0	0,0	0,0	0,0	0,0	0,0	0,0	0,0	1,7	0,3	0,0	0,0	0,0	0,0	0,2	0,8	0,0	9,8	0,0	0,0	0,0	0,1	0,4
2005	01	0,0	1,6	0,8	0,0	1,2	0,3	0,0	0,0	0,0	0,0	0,0	1,0	0,0	0,0	0,0	0,0	0,0	0,5	0,4	13,7	0,0	1,6	3,5	3,4	0,3	0,0	0,0	0,0	0,2	0,0	0,6
2005	02	0,1	3,4	1,4	0,0	0,0	0,0	0,0	0,0	0,0	2,3	3,3	5,3	0,1	0,1	8,6	3,0	0,2	0,0	0,8	0,0	3,6	4,9	0,0	0,0	0,1	1,2	0,0	0,0
2005	03	0,0	0,0	0,0	0,0	0,8	1,3	0,0	0,4	1,3	0,0	2,9	0,3	0,3	0,0	0,0	0,0	0,1	2,5	0,8	0,0	0,0	0,0	0,2	0,0	0,1	0,1	0,1	0,0	0,0	0,0	0,0
2005	04	0,0	0,0	0,0	0,0	0,9	0,0	1,1	2,6	4,2	0,0	0,0	0,0	0,0	0,0	0,0	0,4	2,3	0,5	0,0	0,0	0,0	0,0	0,0	0,6	0,0	0,0	1,2	0,0	0,0	0,0
2005	05	0,2	0,0	17,0	5,4	3,4	0,6	1,8	0,0	1,9	3,2	0,0	0,0	0,0	1,7	0,6	20,3	0,2	0,1	0,0	0,0	0,0	0,3	10,5	0,0	0,0	0,0	0,0	0,0	0,0	15,2	0,2
2005	06	0,0	0,0	1,3	8,9	0,1	9,5	0,3	0,0	0,0	0,1	0,8	0,0	0,1	8,1	5,6	0,0	0,2	0,0	0,0	0,0	0,9	0,0	0,0	0,0	2,3	3,9	0,0	0,0	5,4	17,7
2005	07	5,5	0,1	0,0	11,8	28,5	0,3	7,8	12,9	4,9	8,5	8,2	0,0	0,0	2,5	0,7	3,0	0,0	0,0	1,1	5,7	1,5	0,2	0,1	0,2	0,3	0,0	0,0	0,0	1,2	19,9	0,0
2005	08	0,0	5,1	0,0	0,0	3,6	2,5	3,7	1,9	1,0	0,0	0,0	1,8	0,0	4,7	13,9	0,3	0,0	0,0	0,0	2,1	7,5	5,6	1,0	0,0	0,4	0,0	0,0	0,0	0,0	0,0	0,0
2005	09	0,0	0,0	0,1	0,0	0,0	0,0	0,0	0,0	0,0	0,0	8,3	3,7	0,0	0,0	3,0	9,1	3,6	0,0	0,0	0,0	0,0	0,0	0,0	0,0	0,0	0,0	0,3	0,2	1,0	0,1
2005	10	2,7	5,4	0,0	0,0	0,0	0,0	0,0	0,0	0,0	0,0	0,0	0,0	0,0	0,0	0,0	0,0	0,0	0,0	0,0	0,0	0,0	0,0	2,0	0,2	0,6	0,0	0,0	0,0	0,0	0,0	0,0
2005	11	0,8	0,0	0,2	0,0	0,6	0,0	0,0	0,0	0,0	0,0	0,0	0,0	0,0	0,0	1,5	1,8	1,0	0,8	2,1	1,8	0,2	0,0	0,0	0,0	0,0	0,0	0,0	0,4	0,0	0,0
2005	12	0,0	0,0	3,6	0,1	0,0	0,0	0,0	0,0	0,2	0,0	0,0	0,0	0,0	0,0	3,7	7,0	1,0	0,8	0,4	1,1	0,0	0,0	0,7	0,1	0,0	1,2	0,5	4,8	0,2	0,4	0,9
2006	01	0,0	1,3	0,0	0,0	0,1	0,0	0,0	0,0	0,0	0,0	0,0	0,1	0,0	0,0	0,0	0,0	3,8	0,2	0,0	1,4	1,4	0,0	0,0	0,0	0,0	0,0	0,0	0,0	0,0	0,0	0,0
2006	02	0,0	0,0	0,0	1,0	0,0	1,4	1,2	0,1	0,6	3,0	0,4	0,4	0,0	0,0	4,1	7,4	0,0	0,5	0,0	0,0	0,0	0,1	0,2	0,0	0,0	0,5	0,0	0,2
2006	03	0,1	0,0	3,0	0,0	0,0	0,0	0,0	3,3	3,8	1,0	4,7	4,4	0,0	0,0	0,0	0,2	1,0	0,0	0,0	0,0	1,0	0,5	0,0	0,0	0,7	5,0	0,3	4,6	0,0	1,2	3,0
2006	04	1,7	4,9	0,4	0,6	0,0	0,0	0,0	0,0	3,3	17,6	0,0	0,0	2,4	5,6	0,6	1,4	2,1	0,0	0,0	0,0	0,0	3,4	2,4	0,0	0,0	3,8	0,8	5,2	1,8	0,3
2006	05	0,0	0,0	0,0	0,0	0,0	0,0	0,0	0,0	0,0	0,0	0,0	0,0	1,2	2,6	0,0	7,8	27,7	6,3	0,0	1,5	0,0	3,6	0,0	0,0	1,0	8,9	15,2	2,0	10,7	6,8	1,7
2006	06	3,6	0,0	1,4	0,0	0,0	0,0	0,0	0,0	0,0	0,0	0,0	0,0	0,0	0,0	0,0	14,5	1,2	0,0	0,5	0,1	3,6	0,0	0,0	0,0	0,0	0,0	15,2	0,7	14,2	3,9
2006	07	0,0	0,0	0,0	0,0	0,0	0,0	0,7	5,3	0,0	0,0	0,0	1,8	0,1	2,9	0,0	0,0	0,0	0,0	0,0	0,0	1,9	0,0	0,5	0,0	0,0	0,0	0,0	1,8	2,6	0,5	10,6
2006	08	0,7	0,0	23,8	0,9	1,7	23,6	1,6	0,0	0,0	1,2	1,1	1,9	0,0	1,4	1,7	0,0	0,0	0,8	4,1	0,0	0,4	7,4	0,0	3,1	0,0	0,8	1,4	12,2	1,2	1,4	0,0
2006	09	0,0	0,2	4,6	0,0	0,0	0,0	1,7	0,0	0,0	0,0	0,0	0,0	0,0	0,0	0,0	0,0	0,0	0,0	2,8	0,0	0,0	0,0	0,0	0,0	0,0	0,0	0,6	0,8	0,0	0,0
2006	10	3,0	3,9	5,8	0,1	4,6	0,0	0,3	0,0	0,0	0,2	0,0	0,0	0,0	0,0	0,0	0,0	0,0	0,0	0,0	0,0	0,9	0,0	0,2	0,2	0,0	0,0	2,1	5,2	1,4	0,0	0,6
2006	11	0,0	0,0	0,1	0,1	0,9	0,0	0,0	0,8	4,1	0,2	0,7	0,0	0,4	0,0	0,0	0,0	0,0	0,0	0,0	0,0	0,0	0,0	0,0	0,0	0,0	0,0	0,0	0,0	0,0	0,0
2006	12	0,0	0,0	0,0	0,0	0,0	0,0	0,0	0,0	8,6	0,0	1,0	1,0	0,0	0,0	0,0	0,9	0,2	0,0	0,0	0,0	0,0	0,0	0,0	0,0	0,0	0,0	0,1	1,4	0,0	0,6	0,4
2007	01	2,7	1,2	0,1	1,2	0,6	1,9	0,6	0,1	0,0	0,1	2,0	0,1	0,0	0,6	0,0	0,0	0,0	6,8	0,5	4,0	0,2	0,0	5,5	8,5	0,1	0,3	0,5	0,9	1,4	0,0	0,0
2007	02	0,0	0,7	0,1	0,0	0,0	2,2	5,6	1,6	0,0	0,2	0,7	1,2	0,1	4,5	1,4	0,0	0,0	0,0	0,0	0,0	0,0	0,0	0,0	0,0	0,0	0,1	5,3	0,9
2007	03	0,3	0,0	3,2	0,0	0,0	0,0	2,6	1,4	0,3	0,2	0,0	0,0	0,0	0,0	0,0	0,0	0,1	1,4	0,0	0,4	0,2	0,0	5,8	0,1	0,0	0,0	0,0	0,0	0,0	0,0	0,0
2007	04	0,0	0,0	0,0	0,0	0,0	0,0	0,0	0,0	0,0	0,0	0,0	0,0	0,0	0,0	0,0	0,0	2,8	0,0	0,0	0,0	0,0	0,0	0,0	0,4	0,0	0,0	0,0	0,0	0,0	0,0
2007	05	0,0	0,0	0,0	0,0	0,2	1,3	2,4	1,3	5,9	0,1	0,1	1,1	0,0	4,6	16,6	1,6	0,5	0,0	0,0	0,0	0,0	0,2	0,0	0,0	0,0	0,9	8,9	14,0	0,5	0,0	0,0
2007	06	1,2	2,5	3,1	0,0	0,0	13,6	0,1	0,0	1,7	0,9	0,0	0,0	0,0	0,4	4,0	1,0	1,5	0,3	0,0	1,3	20,6	2,9	0,6	0,0	16,4	0,2	0,0	4,9	0,1	0,0
2007	07	0,9	0,7	3,1	6,6	0,9	0,0	0,0	0,1	12,7	4,4	3,8	1,2	0,0	0,0	0,0	0,0	0,0	0,3	0,4	0,2	16,8	0,5	8,4	0,8	0,0	0,0	0,0	6,7	1,5	0,8	0,0
2007	08	0,0	1,8	0,0	0,0	0,0	0,0	0,0	0,5	4,9	15,2	7,0	0,1	2,2	0,0	0,0	2,1	0,4	0,0	22,6	9,8	10,1	1,5	3,1	0,0	0,0	0,0	0,0	0,0	0,0	0,0	1,2
2007	09	0,0	0,0	2,4	2,5	4,0	3,7	1,0	0,2	0,5	5,1	2,5	0,0	0,0	0,0	0,0	0,0	0,8	10,1	0,0	0,0	0,0	0,1	0,0	0,0	5,9	0,3	5,8	16,2	0,0	0,0
2007	10	0,0	2,0	0,0	4,0	0,3	0,0	0,0	0,0	0,0	0,0	0,0	0,5	0,0	0,0	0,0	0,0	1,5	2,2	1,0	2,3	0,7	0,0	2,3	0,0	0,5	0,0	0,0	0,0	0,0	0,1	0,0
2007	11	0,0	0,1	0,2	1,1	1,9	3,1	4,5	0,6	1,5	2,9	7,3	2,7	2,8	1,4	0,0	0,0	1,2	0,0	0,0	0,0	0,0	0,0	0,0	0,0	1,2	0,7	0,0	0,0	1,9	0,0
2007	12	0,4	0,6	1,4	0,1	0,0	1,8	1,8	0,0	0,4	0,0	5,3	1,9	0,0	0,0	0,0	0,0	0,0	0,0	0,0	0,0	0,0	0,0	0,0	0,0	0,0	0,0	0,0	0,0	0,0	1,3	0,3
2008	01	0,4	0,0	0,0	0,0	4,8	1,7	4,1	0,0	0,1	0,0	0,0	0,0	0,0	0,0	0,0	2,7	0,1	3,1	0,2	0,0	0,0	1,4	0,0	0,9	0,0	0,3	1,3	0,2	0,0	0,8	0,0
2008	02	0,0	0,0	0,0	0,0	0,4	2,4	0,0	0,0	0,0	0,0	0,0	0,0	0,0	0,0	0,0	0,0	0,0	0,0	0,0	0,0	0,0	0,0	0,0	0,0	0,0	1,9	0,0	0,0	7,8
2008	03	4,1	1,7	4,4	0,0	0,0	0,0	0,0	0,0	0,0	0,0	1,1	2,0	0,3	0,8	0,0	0,9	0,6	0,6	0,3	0,0	0,0	0,0	2,9	0,0	0,0	0,0	0,0	0,1	0,2	0,0	0,0
2008	04	0,2	4,2	1,4	0,8	0,1	4,3	6,0	0,0	0,0	0,6	1,1	0,0	0,0	0,2	8,8	0,2	0,1	0,0	8,4	0,1	1,3	2,3	0,0	2,9	7,9	0,0	0,0	0,0	5,3	0,6
2008	05	0,1	7,5	0,3	0,4	2,0	4,0	0,0	0,0	0,0	0,0	0,0	0,0	0,0	2,7	6,4	3,4	2,1	16,6	1,4	6,5	0,5	0,2	0,7	0,0	0,0	0,0	0,0	0,0	0,0	0,0	0,1
2008	06	0,4	0,0	34,0	4,8	0,0	0,0	0,0	7,9	0,0	0,0	0,0	1,4	0,0	0,0	3,2	1,7	0,0	0,0	0,0	0,0	0,0	0,3	2,0	0,0	10,3	0,0	0,0	0,0	0,0	0,0
2008	07	0,0	0,0	7,4	1,0	0,0	7,8	2,0	0,1	0,1	0,7	4,3	1,8	12,6	0,2	0,0	0,2	0,2	1,9	0,0	0,5	0,1	7,6	0,0	4,5	20,1	0,6	0,0	0,0	0,0	0,0	0,0
2008	08	0,2	1,2	0,0	3,0	0,0	0,0	1,5	0,5	0,1	0,0	10,8	1,2	0,0	2,1	6,9	13,2	0,0	0,0	7,8	0,0	0,0	19,9	0,0	0,0	0,3	0,0	0,0	0,0	0,0	0,0	0,0
2008	09	0,4	0,0	2,2	1,9	0,3	0,0	0,3	0,0	0,0	0,5	0,0	0,0	0,0	0,0	5,0	0,0	0,0	0,0	0,2	0,0	2,8	0,0	0,0	3,0	0,0	0,0	0,0	0,0	0,3	1,5
2008	10	0,0	0,0	0,0	0,0	0,1	3,4	0,2	0,1	1,9	0,1	0,2	0,4	0,4	0,0	0,3	7,5	0,0	0,0	0,0	0,0	0,0	4,9	0,0	0,1	0,1	1,0	1,9	7,5	15,2	0,7	0,2
2008	11	0,2	0,0	0,0	0,0	0,3	0,2	2,1	3,1	0,0	0,0	0,0	0,2	0,0	0,0	0,0	1,4	0,0	0,0	0,0	7,8	6,2	1,8	0,0	0,4	0,0	0,0	0,0	0,0	0,0	0,0
2008	12	0,0	0,0	0,0	0,0	0,0	1,1	0,5	0,0	0,0	0,0	9,1	3,1	0,0	0,0	0,0	0,0	6,9	0,1	2,4	0,2	0,0	3,1	0,0	2,6	0,0	0,0	0,0	0,0	0,0	0,0	0,0
2009	01	0,0	0,4	0,0	0,5	1,4	0,0	0,0	0,0	0,1	0,0	0,0	0,0	0,0	0,0	0,0	0,0	0,1	0,8	0,7	2,5	0,8	0,0	3,5	0,0	0,0	0,0	0,1	0,0	0,0	0,3	1,1
2009	02	0,0	0,0	0,0	0,0	0,0	0,1	0,0	0,0	1,6	2,2	1,1	0,0	0,0	0,0	0,3	1,0	0,0	0,0	0,0	1,0	1,9	0,4	3,4	0,0	0,0	2,0	0,2	1,0
2009	03	0,0	0,0	1,1	0,0	8,8	0,0	0,0	1,3	0,1	5,6	0,6	2,0	0,8	2,1	0,6	0,5	0,5	3,7	2,2	0,0	0,0	0,0	3,1	0,5	0,8	1,2	0,1	0,2	0,3	0,0	0,0
2009	04	0,0	0,0	0,0	0,0	0,0	0,0	0,0	0,0	0,0	0,0	0,0	0,0	0,0	0,0	0,0	0,0	11,0	0,2	0,0	0,0	0,0	1,0	1,2	0,0	0,0	0,0	0,0	0,0	7,6	0,0
2009	05	0,0	0,0	0,0	0,7	1,0	0,5	0,0	0,3	0,0	0,8	18,7	0,0	0,0	0,0	3,5	0,1	0,0	8,8	0,0	0,0	0,1	9,8	0,0	0,0	0,0	16,3	0,1	8,5	6,8	7,4	0,1
2009	06	0,5	0,4	0,0	0,0	0,0	2,0	1,9	0,0	0,0	0,0	16,1	5,1	0,0	0,0	4,5	0,0	0,0	0,0	1,5	0,0	0,1	3,6	3,1	7,8	4,7	14,5	2,4	0,0	17,2	4,5
2009	07	0,3	0,0	0,1	9,8	0,0	0,0	0,7	0,4	4,8	0,8	1,9	0,0	0,7	0,3	7,7	0,0	11,6	15,2	0,0	0,4	0,0	0,0	6,9	0,0	1,4	0,0	1,3	0,2	0,0	0,0	0,0
2009	08	0,0	9,3	1,0	0,1	0,0	0,0	0,0	0,0	0,0	1,0	3,2	4,8	0,0	0,0	0,0	0,0	1,2	0,0	0,0	0,0	1,9	0,1	0,0	0,0	0,0	0,0	0,0	0,0	0,0	0,0	0,0
2009	09	0,0	0,0	5,4	0,1	0,1	0,0	0,0	0,0	0,0	2,9	0,0	0,0	0,0	2,9	0,1	0,0	0,0	0,0	0,0	0,0	0,0	0,0	0,0	3,2	0,0	0,0	0,0	0,0	0,8	0,1
2009	10	0,2	0,0	0,0	0,6	1,9	0,8	0,0	0,6	0,1	3,2	4,9	6,0	1,1	0,0	5,6	1,5	1,4	1,0	0,0	0,0	0,0	3,0	0,0	0,0	0,8	0,0	0,0	0,9	0,3	0,0	0,0
2009	11	0,0	13,8	0,1	7,4	0,0	0,0	0,0	3,2	3,1	0,0	0,0	0,3	0,0	0,0	0,0	2,7	0,1	0,0	0,0	0,0	0,0	0,0	0,0	1,5	0,0	0,0	0,0	0,0	0,0	0,0
2009	12	5,5	0,0	0,0	0,0	0,5	5,5	0,4	5,6	0,3	7,1	1,8	0,0	0,0	0,0	0,0	1,1	0,4	0,6	0,1	0,1	0,0	1,1	0,5	1,9	0,0	0,0	0,0	0,0	5,4	10,0	3,2
2010	01	0,6	0,0	0,8	0,0	0,0	0,0	0,0	5,4	4,4	4,3	0,3	0,0	0,0	0,0	0,0	0,4	8,2	0,0	1,2	0,0	0,0	0,0	0,0	0,0	0,8	0,0	2,3	0,9	0,4	0,1	0,1
2010	02	0,0	0,1	1,4	0,0	0,5	0,2	0,0	0,0	0,0	1,7	0,1	0,7	0,1	0,0	0,0	0,0	0,0	0,0	2,0	0,0	0,0	0,0	2,2	0,0	0,0	0,5	0,0	0,0
2010	03	0,0	0,0	0,0	0,0	0,9	0,4	0,1	0,4	0,0	0,0	0,0	0,0	0,0	0,4	2,4	0,2	0,0	0,0	0,0	0,7	1,6	0,0	0,0	0,0	0,0	4,6	1,1	0,5	0,2	0,2	1,3
2010	04	0,0	0,0	0,0	0,0	0,0	0,0	0,0	0,0	0,0	11,2	14,2	7,2	2,5	0,5	0,0	0,0	0,0	0,0	0,0	0,0	0,0	0,0	0,0	0,0	0,0	0,2	0,0	0,0	0,0	1,2
2010	05	1,8	15,9	0,3	1,3	3,3	3,6	0,0	0,0	6,7	5,7	1,3	0,0	1,4	7,0	0,0	0,0	0,0	0,0	4,0	1,2	0,0	0,9	0,0	16,8	2,2	3,5	0,4	0,1	0,0	0,9	0,0
2010	06	0,0	28,4	2,9	0,0	0,0	1,3	0,0	4,8	1,8	0,0	0,0	0,4	12,7	0,0	0,0	0,0	0,5	4,6	0,0	0,2	0,0	0,0	0,0	0,0	0,0	0,0	0,0	0,0	0,0	0,0
2010	07	0,0	0,0	0,0	14,5	1,6	6,8	0,0	0,0	0,0	0,0	0,0	2,0	0,0	0,4	0,3	0,0	28,0	1,5	0,0	0,0	0,0	16,0	53,5	0,1	0,6	0,0	1,6	0,0	1,1	0,0	0,0
2010	08	0,0	15,6	5,8	0,0	0,4	1,4	36,8	5,2	0,1	0,0	0,0	4,5	8,7	0,1	10,5	0,0	1,0	0,0	0,5	0,0	0,0	0,1	0,0	1,3	0,0	20,5	7,1	0,4	2,0	0,6	0,9
2010	09	1,9	1,3	0,5	0,0	0,0	0,0	0,0	0,4	0,0	0,8	0,0	0,0	0,0	2,5	2,6	0,0	0,0	0,0	0,0	0,0	0,0	0,0	0,0	0,0	28,3	11,5	20,6	2,0	0,0	0,0
2010	10	0,0	0,0	0,0	0,0	0,2	0,1	0,2	0,0	0,0	0,0	0,0	0,0	0,0	0,0	0,6	9,4	0,0	0,0	0,0	1,3	0,0	0,0	0,6	0,0	0,0	0,0	0,1	0,0	0,0	0,0	0,0
2010	11	0,0	0,0	0,0	0,0	0,0	8,7	7,7	1,0	0,0	0,1	3,6	1,8	0,0	0,0	0,5	2,7	0,0	2,4	1,8	0,0	8,1	0,5	2,0	0,8	0,0	2,0	0,0	3,5	3,3	0,2
2010	12	9,0	0,0	0,0	0,0	1,5	7,3	2,5	3,3	0,0	0,4	1,8	0,0	0,0	0,6	1,1	0,4	0,9	0,0	0,8	1,4	2,0	0,0	0,0	3,7	0,0	0,0	0,1	0,0	0,0	0,0	0,0
2011	01	0,0	0,0	0,0	0,0	0,0	1,3	1,7	1,1	2,1	0,0	0,0	2,8	5,5	1,6	0,0	0,0	0,0	0,1	1,9	0,0	0,2	0,0	3,5	0,3	0,5	0,0	0,4	0,0	0,0	0,0	0,0
2011	02	0,0	0,0	0,5	0,0	0,0	0,0	0,0	0,0	0,0	0,4	1,8	0,0	0,0	0,0	0,0	0,0	0,0	1,9	0,0	0,0	0,0	0,0	0,0	0,0	0,0	0,0	0,0	0,0
2011	03	0,0	0,0	0,0	0,0	0,0	0,0	0,0	0,0	0,0	0,0	0,0	0,0	0,0	0,0	0,0	1,7	18,2	9,1	0,0	0,0	0,0	0,0	0,0	0,0	0,0	0,0	0,0	0,0	0,0	0,0	0,0
2011	04	0,0	0,0	0,0	5,9	0,0	0,0	0,0	0,0	0,0	0,0	0,0	0,3	2,8	0,0	0,2	0,0	0,0	0,0	0,0	0,0	0,0	0,0	0,0	0,0	3,1	0,4	0,2	0,0	0,0	0,5
2011	05	0,0	9,5	2,9	0,5	0,0	0,0	0,0	0,0	0,0	0,0	0,0	1,3	0,0	7,9	0,7	0,0	0,0	0,0	0,3	4,5	0,0	1,1	0,0	0,0	0,0	2,6	1,4	0,0	0,0	0,0	0,7
2011	06	0,0	0,0	0,0	1,6	0,0	16,2	0,0	3,8	0,0	0,0	7,2	2,4	0,0	3,9	0,0	3,8	6,3	0,1	3,7	0,7	4,2	9,2	0,7	0,1	1,1	0,3	0,0	0,0	0,0	0,0
2011	07	0,0	3,3	5,4	2,0	0,0	3,2	0,4	0,3	11,9	7,7	0,0	0,0	11,8	0,8	0,0	0,0	3,8	0,0	27,6	35,3	4,8	0,0	0,0	0,3	0,0	0,0	0,8	0,0	2,7	20,6	1,6
2011	08	0,5	0,0	0,0	0,9	0,3	0,0	4,5	0,2	3,2	0,0	0,0	0,4	1,7	3,2	11,0	0,1	0,0	0,2	9,6	0,0	0,0	0,0	0,0	11,4	0,0	0,0	7,4	0,0	0,0	0,0	0,0
2011	09	0,0	0,0	0,0	0,0	12,3	0,0	0,7	1,3	0,0	0,0	0,0	0,0	0,0	0,0	0,0	0,0	0,3	14,6	3,3	0,0	0,0	0,0	0,0	0,0	0,1	0,0	0,0	0,0	0,0	0,0
2011	10	0,0	0,0	0,0	0,0	0,0	1,4	0,6	0,6	0,6	0,8	1,2	4,1	0,0	0,0	0,0	0,0	0,0	4,1	5,0	0,0	0,0	0,0	0,0	0,6	0,2	6,2	0,0	0,0	0,0	0,0	0,0
2011	11	0,0	0,0	0,0	0,0	0,0	0,0	0,0	0,0	0,0	0,0	0,0	0,1	0,0	0,0	0,0	0,0	0,0	0,0	0,0	0,0	0,0	0,0	0,0	0,0	0,0	0,0	0,0	0,0	0,0	1,0
2011	12	0,0	2,5	0,0	13,0	1,0	0,0	2,0	0,1	0,0	0,0	0,0	0,0	0,0	0,7	0,0	4,8	0,3	0,1	0,0	0,0	2,3	0,3	0,0	0,0	0,1	0,0	0,0	0,0	0,1	2,1	0,2
2012	01	0,2	0,3	0,4	0,3	1,6	0,0	1,4	1,2	2,4	0,0	0,2	1,0	0,3	0,0	0,0	0,4	0,0	2,9	5,0	2,1	9,4	2,2	0,0	5,7	0,0	0,0	0,0	0,0	0,0	0,0	0,0
2012	02	0,0	0,0	0,0	0,0	0,0	0,1	0,2	0,0	1,3	0,0	0,0	0,0	0,0	0,6	0,0	0,0	2,2	0,4	1,2	0,0	0,0	0,0	0,0	0,0	0,0	1,0	0,0	1,3	0,0
2012	03	0,0	0,0	0,0	0,0	0,0	0,0	0,8	1,1	0,0	0,5	0,3	0,0	0,0	0,0	0,0	0,0	0,0	2,8	0,0	0,0	0,0	0,0	0,0	0,0	0,0	0,0	0,0	0,0	3,1	1,0	0,4
2012	04	0,0	0,0	0,0	0,0	3,2	0,0	0,3	0,0	0,0	0,3	9,5	5,2	0,0	0,2	11,3	0,7	0,0	0,0	5,6	0,2	0,2	4,6	0,0	4,9	0,0	0,0	0,0	0,0	0,0	0,0
2012	05	0,0	0,1	0,3	0,0	1,7	7,2	0,7	0,0	0,0	0,0	5,1	0,4	0,0	0,0	1,2	0,4	0,0	0,0	0,0	0,0	0,0	0,0	0,0	0,0	0,0	0,0	0,0	0,3	1,1	0,0	7,8
2012	06	1,4	0,0	6,2	1,0	0,0	0,0	0,1	1,3	0,0	4,1	0,5	0,5	0,2	4,9	0,0	0,0	0,0	0,0	1,2	9,8	0,1	0,0	0,0	0,0	0,2	0,0	3,3	0,0	0,0	2,4
2012	07	11,6	24,7	11,8	0,0	1,7	0,7	28,8	0,3	0,0	0,0	0,3	0,8	0,7	0,0	9,5	6,6	2,6	0,0	0,0	1,4	5,9	0,5	0,0	0,0	2,6	0,0	0,0	0,2	1,1	0,0	0,0
2012	08	0,0	1,4	0,0	0,0	0,2	5,9	0,7	0,0	2,8	0,2	0,0	0,0	0,0	0,0	0,0	2,0	0,0	0,0	0,0	1,0	0,7	0,3	0,4	1,0	2,1	0,0	0,0	0,4	1,4	37,3	4,8
2012	09	0,0	0,0	0,0	0,0	0,4	0,0	0,0	0,0	0,0	0,0	11,0	18,2	0,2	0,0	0,0	0,0	0,0	16,7	0,6	0,0	4,4	0,0	0,0	0,4	0,0	0,8	1,0	0,0	0,3	0,0
2012	10	0,1	0,0	0,0	4,2	0,0	8,8	3,7	0,0	0,0	0,0	0,0	3,8	0,0	0,0	0,1	0,0	0,0	0,0	0,1	0,4	0,1	0,0	0,2	0,1	0,0	6,9	10,5	0,0	0,0	0,0	0,1
2012	11	2,3	0,2	1,6	10,4	5,3	0,7	0,0	0,0	0,0	0,0	0,7	0,2	0,0	0,0	0,0	0,0	0,0	0,0	0,0	0,0	0,0	0,0	0,0	0,0	0,0	0,1	0,0	13,1	8,7	0,0
2012	12	0,0	0,0	0,0	1,0	0,2	0,0	0,0	0,0	2,0	3,2	0,0	0,0	0,0	0,6	2,3	3,0	1,6	2,3	0,0	0,0	0,0	5,4	16,8	0,0	0,0	0,9	7,3	0,0	0,0	0,0	0,0
2013	01	0,0	0,0	0,8	6,5	1,9	1,9	0,8	2,4	1,9	2,8	0,0	0,0	0,0	1,7	0,0	0,0	2,8	0,0	0,0	0,5	2,0	0,0	0,0	0,0	0,0	0,0	1,5	0,0	3,2	3,6	1,0
2013	02	2,8	0,0	0,2	0,5	0,0	0,0	0,2	0,1	0,0	0,0	0,0	2,0	0,1	0,0	0,1	0,8	0,2	0,0	1,3	1,1	0,0	3,4	10,4	6,6	0,2	0,0	0,0	0,0
2013	03	0,0	0,0	0,0	0,0	0,0	0,0	0,2	0,1	1,7	0,7	0,1	2,6	0,0	0,0	0,0	0,0	0,0	5,3	0,2	0,7	0,0	0,0	0,0	0,0	0,0	0,0	0,3	1,9	0,0	0,0	0,0
2013	04	0,0	0,0	0,0	0,0	0,0	0,0	0,0	0,0	2,0	0,0	3,8	0,0	0,0	0,0	0,1	0,3	0,0	1,6	6,4	0,7	0,0	0,0	0,0	0,0	0,0	0,2	7,6	0,0	0,2	0,4
2013	05	0,9	2,7	0,2	9,7	0,0	0,8	2,2	0,0	3,3	18,5	0,2	2,6	0,1	0,0	0,0	0,3	5,7	0,6	12,0	0,0	0,0	2,0	0,0	0,7	4,2	13,3	1,3	0,0	27,0	15,8	7,1
2013	06	40,0	18,1	13,6	0,0	0,0	0,0	0,0	1,8	2,0	12,0	0,0	0,0	1,7	0,7	0,0	0,0	0,0	0,0	0,0	5,6	2,6	0,5	2,9	32,6	14,5	0,8	0,0	0,0	0,9	0,0
2013	07	0,0	0,0	8,0	0,0	0,0	0,0	0,0	0,0	0,0	0,0	0,1	0,0	0,0	0,0	0,0	0,0	0,0	0,0	0,0	0,0	0,0	0,0	0,0	8,9	0,0	0,0	0,0	0,0	32,8	0,2	0,0
2013	08	0,0	0,0	22,3	25,1	0,0	16,4	0,0	0,0	14,5	10,1	0,0	0,0	0,0	0,0	0,0	0,0	0,0	0,0	14,4	0,0	0,0	0,0	0,0	0,0	29,1	0,5	6,1	0,0	0,0	0,0	6,3
2013	09	0,0	0,1	0,0	0,0	0,0	0,0	0,0	8,5	1,3	5,4	0,0	3,9	0,0	0,0	1,1	4,6	0,0	5,6	0,6	1,8	0,0	0,0	0,0	0,0	0,0	1,2	0,0	0,0	0,0	0,0
2013	10	0,0	0,0	0,0	0,0	0,0	0,0	0,0	0,0	0,0	16,2	8,8	2,9	0,0	0,1	0,0	0,6	3,8	0,0	0,0	5,7	0,0	0,0	0,8	0,0	0,2	0,0	0,2	0,0	0,0	0,0	0,0
2013	11	0,3	0,9	3,2	0,8	2,5	2,2	0,0	2,2	0,0	8,3	0,0	0,0	0,0	1,1	1,0	0,0	0,2	0,0	2,9	1,0	0,0	0,0	0,0	0,1	0,0	0,0	0,0	0,0	2,3	0,0
2013	12	0,1	0,0	0,0	0,0	1,4	0,1	0,0	0,2	0,1	0,0	0,0	0,1	0,0	0,0	0,0	0,0	0,0	0,0	0,0	0,1	0,0	0,3	0,0	0,0	0,0	0,0	0,0	0,0	0,0	0,0	0,0
2014	01	0,0	0,0	0,0	2,0	3,6	0,0	0,0	0,0	0,8	0,0	0,1	0,0	0,0	2,0	0,5	0,0	0,7	0,0	0,0	2,8	0,7	0,0	0,5	0,1	0,0	0,1	1,3	0,0	0,0	0,0	0,0
2014	02	0,0	1,0	0,0	0,0	0,0	0,0	0,0	0,0	0,0	0,1	0,0	0,0	0,0	0,0	0,0	0,0	0,0	0,0	0,0	0,0	0,1	0,0	0,0	0,0	0,0	0,0	0,0	0,0
2014	03	0,0	0,0	0,0	0,1	0,1	0,0	0,0	0,0	0,0	0,0	0,0	0,0	0,0	0,0	2,8	0,0	0,0	2,8	0,4	0,0	0,0	7,6	16,2	5,4	1,4	0,0	0,0	0,0	0,0	0,0	0,0
2014	04	0,0	0,0	0,4	0,0	0,0	0,0	0,0	0,0	0,0	0,0	0,0	1,6	0,0	1,2	0,0	0,0	0,0	3,9	0,0	0,0	1,0	3,9	0,0	0,2	12,8	5,0	0,0	0,7	0,0	0,0
2014	05	1,3	10,3	0,0	0,0	0,0	0,1	4,5	1,5	0,4	1,5	0,6	0,0	3,4	0,0	0,0	9,8	15,7	8,2	22,0	0,0	0,0	0,0	24,4	3,5	0,0	0,0	2,4	7,0	3,7	0,2	0,0
2014	06	0,0	0,0	0,0	0,8	0,0	0,0	0,0	0,0	0,0	0,0	0,4	0,0	0,0	0,1	0,0	0,0	0,0	0,0	0,9	0,0	0,0	0,1	0,0	5,9	4,0	0,0	0,1	2,9	2,7	3,3
2014	07	0,4	1,4	0,0	0,3	0,0	0,0	1,5	48,8	4,4	0,9	23,6	0,0	5,6	0,2	0,0	0,0	0,0	0,0	0,0	0,0	40,2	0,0	1,2	0,0	0,0	1,8	20,5	2,1	4,9	5,3	0,0
2014	08	0,0	0,0	9,4	1,6	0,4	0,0	2,8	0,0	0,0	2,9	3,9	0,0	0,7	0,0	0,1	3,2	0,0	0,0	0,0	0,0	0,0	0,0	0,0	0,0	2,6	15,8	0,0	0,0	3,7	1,1	6,5
2014	09	9,2	0,5	0,0	0,0	0,0	0,0	0,0	1,6	0,0	0,0	23,3	14,3	2,0	4,3	0,0	0,3	0,0	0,0	7,8	5,4	10,1	1,0	0,0	0,0	0,2	0,0	0,1	0,0	0,0	0,6
2014	10	2,9	0,0	0,0	0,0	0,1	0,0	1,3	0,4	0,0	0,0	0,3	0,0	16,4	0,0	7,8	3,0	4,8	0,0	0,6	0,0	6,4	10,0	0,0	0,1	0,0	0,0	0,0	0,0	0,0	0,0	0,1
2014	11	0,1	0,0	0,0	0,0	0,0	0,8	0,0	0,0	0,0	0,0	0,0	0,0	0,0	0,0	0,0	0,6	0,3	19,2	0,4	0,0	0,0	0,0	0,0	1,0	0,0	0,0	0,0	0,0	0,0	0,0
2014	12	8,2	0,4	0,2	0,0	0,0	0,6	0,5	0,0	0,0	0,0	2,2	0,0	1,3	0,6	0,0	0,3	1,0	0,6	3,0	0,6	0,0	0,0	0,0	1,5	0,0	0,0	0,0	0,0	0,4	2,5	0,2
2015	01	0,0	1,6	0,4	0,3	0,0	0,0	0,9	1,7	5,3	2,1	0,0	0,0	0,0	0,9	0,0	0,0	2,5	0,0	0,0	0,2	0,0	0,2	0,6	0,0	0,0	1,0	0,1	0,0	0,0	0,0	0,0
2015	02	0,1	0,3	0,0	0,0	0,0	0,0	0,4	0,2	0,0	0,0	0,0	0,0	0,0	0,0	0,0	0,0	0,0	0,0	0,0	0,0	0,0	0,1	0,4	0,0	0,0	0,0	0,0	0,0
2015	03	2,4	0,5	0,0	0,0	0,8	0,0	0,0	0,0	0,0	2,2	0,0	0,0	0,4	4,7	0,4	0,0	0,0	0,0	0,0	0,0	0,0	0,0	0,0	0,0	0,3	5,5	0,0	0,1	3,7	2,8	6,9
2015	04	0,4	1,5	0,0	0,0	0,1	2,0	0,0	0,0	0,0	0,0	0,1	0,0	0,1	0,0	0,0	2,0	0,1	0,0	0,0	0,0	0,0	1,7	0,0	0,0	1,2	1,6	9,1	11,6	0,0	1,4
2015	05	1,8	0,0	1,8	0,2	10,5	1,4	0,0	1,4	1,2	0,0	0,0	2,8	0,0	0,0	0,0	0,0	0,0	0,0	3,0	6,2	0,0	0,0	0,0	0,0	5,2	0,1	0,0	0,0	4,8	0,4	0,0
2015	06	0,6	0,0	0,0	0,0	0,0	0,0	0,0	13,3	0,7	0,0	0,0	0,0	4,4	0,0	0,0	0,0	0,3	1,5	2,0	0,5	0,4	7,8	0,4	0,1	0,0	0,0	1,8	0,0	0,0	0,0
2015	07	0,0	0,0	0,0	0,0	4,5	0,0	7,9	0,0	1,1	0,0	0,0	0,4	1,3	3,5	0,0	0,0	0,3	0,0	0,0	0,0	0,0	0,9	0,0	15,4	1,9	0,6	7,7	0,0	2,3	0,0	0,0
2015	08	0,0	0,0	0,0	0,1	0,0	0,0	0,0	0,0	0,0	0,0	0,0	0,0	0,0	0,0	0,7	18,7	28,8	10,2	1,8	0,0	0,0	0,0	0,4	1,7	0,4	0,0	0,0	0,0	0,0	0,0	0,0
2015	09	2,9	0,0	0,3	0,0	0,3	0,1	1,6	0,2	0,4	1,1	0,0	0,0	0,0	1,1	0,1	0,0	0,1	0,0	0,0	0,0	0,0	0,2	0,6	0,0	0,0	0,0	0,0	0,0	0,0	0,0
2015	10	0,0	0,0	0,0	0,1	0,0	3,5	16,9	2,8	0,7	0,0	0,0	0,0	7,2	10,1	3,0	3,6	0,0	0,0	0,0	2,2	0,0	0,6	0,0	0,0	0,0	0,0	0,0	0,0	0,0	0,0	0,0
2015	11	0,0	0,0	0,0	0,0	0,0	1,6	0,1	0,0	0,5	0,0	0,0	0,0	2,1	2,2	2,8	0,1	0,6	0,0	9,5	7,3	0,0	0,0	0,0	0,0	2,1	0,2	0,0	0,0	8,8	6,0
2015	12	0,0	0,0	0,0	0,2	0,0	0,0	0,0	0,0	4,0	0,0	0,2	0,0	0,3	0,0	0,0	0,5	0,1	2,8	0,0	0,0	0,6	0,2	0,0	0,0	0,0	0,0	0,0	0,0	0,0	0,0	0,2
