title	Průměrná denní rychlost větru v m/s	 	 	 	 	 	 	 	 	 	 	 	 	 	 	 	 	 	 	 	 	 	 	 	 	 	 	 	 	 	 	 	 
1961	01	1,7	3,0	2,7	3,3	6,3	2,7	4,7	4,7	5,3	2,3	3,0	1,7	1,7	1,3	2,0	1,0	3,7	2,7	1,3	0,7	0,7	1,3	1,0	2,3	3,0	1,0	1,0	1,3	4,0	6,3	7,3
1961	02	5,7	3,3	4,0	4,7	6,7	3,3	7,0	4,7	10,0	9,0	7,0	9,0	3,3	1,7	1,0	1,7	1,0	1,3	2,0	1,3	3,7	1,3	1,0	1,0	1,3	1,0	1,7	3,3
1961	03	5,0	3,3	3,3	1,0	1,3	0,3	1,7	2,3	1,0	3,3	6,0	7,7	6,3	7,3	8,0	11,0	3,3	5,7	4,7	8,7	12,0	11,0	7,0	7,3	4,7	6,3	11,0	14,0	11,0	12,0	5,7
1961	04	9,3	2,7	3,7	3,7	4,3	1,7	3,3	7,7	1,7	1,0	1,3	1,0	1,0	2,0	2,0	3,3	0,7	1,3	2,7	1,7	2,3	6,0	5,7	2,7	2,3	1,0	2,7	2,0	2,7	2,7
1961	05	3,3	3,3	3,3	2,3	1,7	3,3	4,0	9,0	11,0	9,3	7,3	4,0	2,7	3,3	2,0	3,0	4,7	1,7	1,3	2,3	3,0	4,7	1,0	1,7	0,7	3,7	4,0	5,7	4,0	4,0	3,3
1961	06	3,7	2,0	4,7	4,3	1,7	0,3	1,3	1,0	0,7	4,0	1,7	3,0	4,7	6,7	1,7	1,7	1,0	4,0	2,0	1,3	1,7	1,7	4,0	1,7	3,7	2,0	5,7	6,7	1,3	1,0
1961	07	1,0	1,3	2,3	6,7	6,3	6,3	3,3	1,0	5,3	4,3	2,0	2,3	6,3	10,0	4,0	5,3	7,3	4,0	3,3	4,0	4,3	1,7	1,7	2,3	1,7	3,0	3,3	5,0	4,0	3,3	4,7
1961	08	1,7	1,7	4,0	3,3	3,0	1,7	2,7	1,3	1,7	1,3	1,3	2,0	3,0	1,3	5,7	6,3	3,0	3,3	4,7	6,0	5,7	8,0	6,3	2,3	4,0	2,3	2,3	1,3	0,3	1,0	1,0
1961	09	2,3	1,3	1,7	2,3	1,7	3,3	6,7	8,0	4,0	3,0	1,7	4,0	2,3	8,0	2,7	2,0	0,7	1,3	0,7	2,7	1,3	1,3	0,7	1,0	3,0	2,0	1,0	1,0	1,0	2,3
1961	10	3,3	4,0	5,3	4,0	1,7	6,7	9,0	3,3	3,3	1,7	1,3	2,7	1,7	2,7	1,7	4,0	7,3	4,7	1,3	2,0	6,3	1,3	2,3	4,0	2,7	4,7	0,7	1,0	2,7	1,3	5,7
1961	11	6,3	1,7	6,7	3,3	5,3	5,7	2,7	3,3	4,0	2,0	1,3	6,3	5,7	5,7	2,0	1,3	4,7	4,0	4,3	1,3	0,7	0,3	0,3	0,7	0,3	1,0	2,7	1,7	2,0	8,0
1961	12	12,0	9,0	2,3	7,3	6,0	6,0	2,7	2,3	1,7	1,3	7,3	3,3	3,3	3,3	8,3	3,0	1,0	2,0	4,3	5,3	5,7	7,0	2,3	1,3	0,7	1,0	1,0	0,7	1,3	1,3	1,7
1962	01	4,3	2,7	1,7	1,7	1,7	7,7	5,0	2,3	4,0	5,0	2,7	7,3	9,0	9,0	5,3	2,7	2,7	1,3	6,7	5,3	4,7	12,0	7,0	7,0	7,0	6,3	10,0	9,0	11,0	7,0	3,3
1962	02	1,3	3,3	2,3	6,3	10,0	10,0	3,3	1,3	3,0	1,3	6,7	19,0	4,0	9,0	10,0	16,3	20,3	14,7	6,3	5,3	9,0	4,7	5,3	6,3	3,3	5,3	2,3	0,7
1962	03	2,0	1,3	1,7	0,3	2,3	4,7	3,3	2,3	5,7	1,7	1,0	6,3	8,0	2,7	1,7	7,3	8,3	3,3	0,3	1,7	2,3	3,0	1,7	1,3	1,3	1,0	2,7	8,0	4,0	7,3	4,3
1962	04	8,0	6,7	4,7	5,3	4,7	5,7	10,0	8,3	4,0	2,0	1,3	2,0	5,0	3,0	7,3	3,0	5,3	3,7	1,3	2,3	1,0	2,3	3,0	3,0	1,7	2,3	6,3	11,0	7,3	6,0
1962	05	4,7	7,3	4,7	3,3	2,3	3,3	7,7	3,3	1,3	7,3	3,3	2,0	2,3	9,0	8,3	5,7	5,3	5,7	6,7	4,0	1,3	6,0	4,0	2,7	1,7	4,7	1,7	3,7	3,3	4,0	4,3
1962	06	2,7	4,0	6,3	5,3	8,0	8,3	7,0	2,7	2,3	5,3	5,3	3,7	1,3	1,3	2,7	2,3	2,3	1,0	3,7	1,7	3,7	1,0	1,7	5,0	5,3	2,0	7,3	9,0	6,3	5,3
1962	07	2,0	6,3	4,0	9,0	2,7	4,0	4,0	2,7	1,7	1,7	2,3	6,7	8,7	3,0	2,7	3,0	3,3	2,7	2,0	1,7	2,0	3,3	4,0	1,3	2,7	3,3	8,3	3,3	1,3	2,7	1,7
1962	08	3,3	2,7	2,7	4,0	2,3	2,0	4,0	4,7	1,7	3,0	3,0	1,7	1,3	2,7	5,3	4,0	2,7	7,3	6,3	2,3	3,3	4,7	3,7	7,3	5,7	3,3	7,3	3,0	5,7	3,0	5,7
1962	09	2,7	1,7	1,3	2,3	5,7	7,3	8,0	5,7	3,3	3,0	5,7	9,3	5,3	2,0	2,0	2,3	2,3	2,0	3,0	2,0	4,7	5,7	4,0	2,7	3,7	5,7	2,7	1,0	1,7	2,7
1962	10	1,7	3,0	1,7	1,3	3,3	3,3	3,3	2,0	2,0	1,7	1,0	2,7	1,7	3,3	1,7	1,3	1,7	4,0	6,7	4,0	1,0	1,3	1,3	2,0	1,3	2,0	4,0	2,7	3,0	2,7	1,0
1962	11	4,7	1,7	1,7	1,3	9,0	6,3	1,7	3,3	4,0	3,3	2,7	1,7	1,0	1,7	4,0	5,3	2,3	2,3	2,3	3,0	2,0	4,0	4,0	2,3	2,7	2,3	2,0	2,7	4,7	7,3
1962	12	5,7	1,7	0,7	1,3	1,0	0,7	1,0	0,7	5,0	8,0	9,0	4,0	1,3	4,7	9,7	9,0	6,3	3,3	1,7	2,0	1,3	4,0	5,7	5,3	2,0	1,3	3,3	1,3	0,7	2,7	2,0
1963	01	2,7	1,0	2,0	3,0	2,7	3,0	4,0	4,0	2,0	2,0	2,7	2,0	4,0	13,0	9,0	5,7	1,7	3,7	5,3	2,7	4,0	4,0	4,0	6,0	6,3	8,0	5,7	3,0	1,7	2,0	5,3
1963	02	2,3	1,7	3,3	5,3	1,3	1,3	1,0	1,0	1,3	4,0	4,7	1,7	3,0	3,0	2,3	1,7	1,7	1,7	2,0	4,0	4,0	3,3	1,7	1,7	1,7	3,3	1,0	1,3
1963	03	1,3	1,7	4,7	4,0	3,3	4,0	6,3	3,3	7,7	2,7	4,7	5,3	12,0	4,0	3,3	3,3	2,0	1,7	1,3	2,3	2,7	6,0	6,0	4,0	9,0	5,3	3,7	1,0	1,3	4,0	5,7
1963	04	2,7	4,0	1,7	2,7	4,7	6,3	7,0	2,7	1,7	6,3	4,0	5,7	4,3	1,7	3,3	3,3	1,7	2,3	4,0	1,3	2,3	2,7	2,0	4,7	5,3	4,0	2,7	2,0	1,7	3,3
1963	05	3,3	4,7	6,3	4,7	1,7	3,3	2,0	2,0	2,3	3,3	3,3	3,7	3,0	4,3	3,3	4,7	4,0	1,7	4,7	1,7	1,3	2,3	3,3	2,7	2,7	3,3	2,7	5,0	5,3	2,7	4,0
1963	06	3,3	4,0	2,7	3,3	4,0	3,3	3,3	2,0	1,3	3,0	3,0	2,7	2,0	3,7	4,0	7,3	2,0	2,7	8,3	5,3	8,0	6,0	1,0	2,3	1,3	6,3	2,0	4,0	1,7	1,3
1963	07	2,0	1,7	1,7	1,0	2,3	1,7	3,0	2,3	1,7	4,0	3,3	1,7	2,0	5,7	1,7	1,7	2,3	3,0	1,3	2,3	3,3	1,7	1,7	1,3	1,3	5,3	4,7	3,3	3,3	3,3	2,7
1963	08	2,0	2,3	2,7	3,7	2,3	1,7	1,7	5,7	4,0	4,0	4,7	3,3	4,0	1,7	4,0	2,7	4,0	4,7	11,0	3,7	4,0	8,0	4,7	3,3	7,3	3,3	2,3	1,7	2,3	4,0	1,7
1963	09	2,3	1,7	1,3	2,3	2,7	3,0	4,0	1,7	4,0	1,7	1,3	1,7	1,3	1,0	1,3	2,3	1,3	1,7	3,3	4,7	2,0	1,3	1,0	1,3	4,7	5,3	10,0	5,3	8,3	9,0
1963	10	5,3	2,7	2,0	4,0	7,0	7,3	4,3	2,0	2,7	2,7	4,0	5,7	4,7	8,3	3,0	1,7	2,3	3,3	1,7	1,3	2,0	4,7	4,7	0,7	1,7	1,3	1,3	1,7	1,3	2,7	5,7
1963	11	3,0	3,0	1,3	2,7	1,0	1,3	4,0	7,0	3,3	1,3	4,7	7,0	5,7	7,3	2,0	7,0	5,3	13,0	7,0	8,0	10,0	12,0	7,0	4,7	2,3	1,3	1,3	1,7	2,0	2,7
1963	12	2,0	4,0	3,3	2,0	2,7	1,7	2,3	2,0	1,3	1,0	0,7	2,7	4,0	1,7	1,3	4,0	2,3	1,7	1,3	1,3	2,7	2,3	1,3	2,3	3,3	2,3	4,7	3,3	1,3	4,7	2,0
1964	01	4,0	2,0	1,3	1,7	1,0	0,7	3,0	4,7	4,0	3,7	0,7	1,0	1,7	2,0	3,3	4,3	3,0	2,0	1,7	2,0	1,7	4,0	3,3	7,3	8,7	7,7	5,3	3,0	4,0	4,7	6,7
1964	02	9,3	8,7	6,3	9,0	12,7	9,0	6,3	7,0	8,0	6,3	7,7	6,7	2,7	1,7	3,0	2,7	2,3	3,0	3,3	3,3	2,0	2,3	2,7	2,7	2,7	2,3	1,3	1,7	2,7
1964	03	2,7	1,3	2,0	1,3	5,0	5,0	3,0	2,0	3,0	1,0	1,3	2,7	5,0	5,7	7,0	3,3	2,3	2,7	1,7	2,0	1,0	2,3	3,7	2,3	1,7	1,7	4,7	4,7	3,0	2,3	2,7
1964	04	2,7	2,7	3,0	9,3	7,7	5,7	4,7	6,3	5,7	2,3	2,0	2,3	5,3	5,7	4,3	4,0	4,0	6,7	8,3	1,3	2,7	6,0	2,3	5,3	6,7	3,0	2,3	4,7	6,3	6,3
1964	05	5,7	6,0	4,7	6,3	8,3	3,0	3,0	3,0	2,7	2,0	1,3	2,0	2,7	5,7	5,3	4,0	1,7	1,7	2,7	3,0	4,7	2,3	3,0	5,0	6,7	4,3	2,7	2,3	1,0	1,3	3,3
1964	06	1,3	4,7	5,0	3,3	2,7	4,0	2,3	6,3	3,7	2,0	1,0	1,3	3,3	3,3	4,7	2,7	1,7	3,3	2,7	2,0	4,0	1,3	4,0	3,7	3,7	2,7	2,3	3,7	6,3	7,7
1964	07	6,0	7,0	3,0	3,0	3,7	6,0	1,7	5,3	5,0	3,7	3,7	3,0	2,0	1,7	1,3	1,3	4,7	1,0	1,3	1,7	2,3	3,0	3,0	2,7	1,7	2,3	2,3	1,3	2,7	3,3	2,0
1964	08	4,3	5,7	4,0	6,7	5,7	2,7	1,7	3,3	2,3	6,3	7,3	3,3	3,0	4,3	1,7	1,7	2,3	2,0	5,0	5,7	2,7	3,7	2,3	2,3	4,0	1,7	3,0	2,3	5,0	4,3	4,0
1964	09	3,3	2,7	2,7	2,3	3,0	4,0	4,3	5,3	5,3	4,7	3,7	7,7	2,7	2,7	3,0	4,0	7,3	7,3	6,0	4,7	7,0	8,0	3,7	3,0	1,7	2,3	2,0	2,7	2,7	3,3
1964	10	2,3	1,3	2,7	4,0	2,0	2,7	5,7	2,7	6,7	9,3	3,3	1,3	5,0	2,3	1,0	5,3	7,7	4,7	5,3	8,0	6,7	2,0	5,0	3,7	2,0	3,0	4,3	3,0	3,0	3,0	3,3
1964	11	1,7	1,3	3,0	2,3	1,3	2,0	1,3	3,3	3,7	2,0	2,7	4,7	5,0	7,7	11,0	11,0	8,3	10,3	6,0	7,0	7,7	4,3	4,7	9,0	10,0	4,0	5,0	2,7	4,3	2,7
1964	12	1,7	4,3	7,0	5,7	7,0	6,0	8,0	2,7	0,7	1,7	1,7	4,0	5,7	4,7	2,7	1,7	2,7	3,3	5,3	4,0	3,3	2,0	1,0	2,3	2,3	4,3	4,3	2,0	4,0	3,3	7,7
1965	01	6,0	3,0	2,7	6,0	8,7	6,7	2,3	10,0	7,3	7,0	3,0	4,0	2,3	6,3	3,7	6,0	10,0	8,3	2,7	1,7	3,7	3,3	2,3	2,0	3,7	3,3	3,0	2,0	2,0	1,7	5,3
1965	02	4,7	7,3	4,0	3,0	5,0	2,7	3,0	10,3	5,0	8,0	4,0	5,3	12,3	11,7	5,3	4,0	7,0	7,0	5,3	3,0	4,3	4,7	2,0	1,3	7,3	5,0	11,7	2,3
1965	03	2,7	3,3	6,3	5,3	2,3	4,0	4,3	1,3	3,7	1,0	1,7	1,0	0,3	1,7	1,7	5,7	3,0	2,3	4,7	2,0	4,7	3,7	3,0	6,0	6,7	6,0	4,0	4,0	3,3	6,3	5,7
1965	04	4,0	6,3	6,7	5,3	1,3	2,0	2,0	2,3	5,7	3,0	1,7	3,7	4,3	3,0	1,7	5,7	5,3	6,7	2,7	5,7	5,0	6,7	5,3	6,3	4,0	4,7	2,7	5,3	5,3	2,3
1965	05	2,0	4,3	2,0	4,0	5,0	6,0	5,3	5,3	8,7	9,3	9,3	5,3	3,0	3,7	3,3	3,7	4,7	4,0	3,7	3,7	1,3	4,0	2,7	2,7	3,3	4,3	3,3	4,3	8,0	3,3	5,3
1965	06	6,7	4,0	2,7	4,3	3,3	4,7	1,7	3,0	3,0	2,7	10,7	4,7	4,0	4,0	1,3	3,3	8,0	4,7	8,0	2,3	2,0	4,3	4,0	3,3	1,0	4,0	4,3	5,0	3,0	2,0
1965	07	5,7	3,3	2,3	2,7	4,3	5,7	4,3	4,0	6,7	4,3	5,3	4,7	2,7	2,3	5,0	2,0	3,0	5,7	2,0	2,0	3,7	3,3	3,3	6,3	3,7	6,3	5,0	6,0	4,0	7,0	5,3
1965	08	2,0	4,3	4,7	5,7	2,3	4,7	4,3	4,3	2,0	2,0	3,7	2,3	1,7	1,7	2,7	1,7	1,7	2,3	1,7	2,0	4,3	3,7	1,3	3,0	4,7	5,0	3,7	3,7	3,0	3,3	2,0
1965	09	2,0	5,7	2,0	4,7	2,0	5,7	5,3	4,7	3,3	5,7	4,3	3,7	4,0	2,7	3,0	2,0	2,0	2,7	4,7	4,3	1,0	1,7	1,7	1,7	2,0	2,0	4,3	3,7	4,7	2,0
1965	10	0,7	2,7	1,3	1,3	2,0	1,7	1,7	3,0	3,7	2,3	1,3	2,0	2,0	2,0	2,3	4,7	2,0	1,3	1,3	2,0	2,3	2,7	2,0	2,0	1,0	2,0	2,3	5,0	6,0	4,3	6,3
1965	11	11,3	11,3	3,3	2,7	1,0	1,7	1,0	1,3	1,0	1,7	5,3	4,3	4,0	1,3	1,7	1,0	5,0	2,3	2,0	2,3	5,3	5,0	3,0	6,0	5,7	5,0	7,0	10,3	7,7	8,0
1965	12	11,3	6,7	4,3	3,7	8,0	9,7	6,0	4,7	6,0	10,0	8,3	5,7	4,3	4,0	3,7	1,0	4,7	9,7	8,3	3,0	4,3	2,3	3,7	2,7	5,3	6,3	2,3	5,3	6,0	6,3	7,0
1966	01	7,0	9,0	8,0	9,3	3,7	0,3	3,0	2,3	2,0	1,0	2,0	5,0	5,3	8,0	2,7	1,3	1,7	1,7	1,7	1,7	1,7	2,7	1,3	1,7	2,3	3,3	1,3	2,7	2,3	1,7	4,0
1966	02	4,0	2,3	4,3	5,3	8,7	7,7	7,0	2,3	5,3	1,3	1,7	2,0	0,7	2,3	2,7	2,3	0,7	1,3	1,3	3,0	3,0	4,7	2,7	5,7	4,7	7,3	4,7	2,3
1966	03	6,3	5,0	3,7	1,7	5,3	3,3	3,0	1,3	3,3	5,3	7,3	5,7	6,7	7,0	8,7	5,7	5,7	3,0	6,7	1,7	6,0	7,0	6,0	7,0	9,7	5,3	10,7	11,0	5,7	7,7	5,0
1966	04	2,7	1,3	3,3	0,7	2,0	2,7	2,7	1,7	2,0	3,0	3,7	3,3	2,0	5,0	5,3	3,0	5,3	4,7	5,3	4,3	6,3	4,0	4,7	3,3	2,0	3,0	2,7	4,7	7,7	5,0
1966	05	2,3	2,0	2,0	4,0	6,0	3,3	3,0	4,3	3,0	3,7	2,7	3,7	1,7	2,3	1,7	3,0	4,0	4,3	3,3	5,0	3,7	3,0	4,3	3,0	1,7	4,3	7,3	5,7	7,0	7,3	3,7
1966	06	3,0	5,0	3,7	1,3	2,0	4,0	2,0	1,0	4,0	1,3	1,7	4,3	1,7	1,3	3,3	2,7	2,0	1,7	3,7	1,7	3,7	2,3	2,3	4,0	6,7	5,3	5,0	8,0	7,0	5,7
1966	07	2,7	1,7	1,0	3,0	5,3	3,7	5,3	4,3	5,0	2,7	3,7	4,7	3,7	5,0	3,3	3,0	3,7	5,0	3,3	3,7	2,0	3,7	6,7	2,7	6,3	2,3	1,3	5,0	2,7	4,3	4,7
1966	08	2,0	3,0	4,3	3,7	4,3	5,3	2,0	2,3	6,7	4,0	3,3	1,3	2,7	3,7	3,3	5,0	3,7	3,3	2,0	2,3	2,3	3,3	7,0	4,0	2,3	3,3	3,3	2,3	2,3	2,0	5,0
1966	09	4,3	4,0	6,3	3,7	6,0	3,0	4,0	3,3	1,7	1,0	1,7	2,7	5,0	6,0	6,0	2,7	1,3	3,0	2,0	1,3	1,3	4,0	4,0	4,3	3,7	1,3	3,3	2,0	1,7	1,0
1966	10	2,7	3,0	4,0	2,3	1,0	2,0	4,0	2,0	1,7	1,7	2,3	4,0	2,3	3,7	3,0	2,7	2,7	1,3	2,0	5,7	4,0	5,3	5,3	3,0	3,7	4,3	5,7	4,0	6,7	6,7	1,0
1966	11	1,3	2,3	2,3	8,3	2,7	2,7	1,3	2,0	2,7	4,7	3,0	5,0	1,7	3,0	6,0	6,7	2,7	3,0	3,0	2,7	2,7	4,0	1,0	6,0	5,3	5,7	4,0	5,3	5,0	8,0
1966	12	6,3	4,0	6,0	2,7	1,7	1,7	1,7	2,7	5,7	10,0	6,3	3,3	4,7	5,0	4,3	2,7	7,0	10,7	6,0	9,7	4,3	4,0	4,7	6,7	8,0	7,0	2,0	1,7	4,0	8,3	6,0
1967	01	5,3	7,3	9,0	6,3	5,3	2,7	7,0	3,3	2,3	4,3	11,0	7,0	8,3	9,7	6,0	1,7	1,7	2,0	2,7	2,0	1,3	1,3	2,3	2,3	3,3	7,0	6,0	3,3	5,7	2,7	2,7
1967	02	7,0	7,7	8,7	6,7	5,0	4,7	2,7	6,7	5,7	2,7	1,7	2,3	4,0	3,7	4,3	4,7	4,3	2,7	6,7	8,3	12,0	9,3	6,7	10,7	3,0	1,3	4,3	10,3
1967	03	7,3	9,3	8,7	6,7	3,7	2,0	3,7	2,7	1,7	5,0	7,0	8,0	7,7	7,7	9,0	7,3	7,3	8,7	9,0	9,3	7,0	6,3	9,3	10,0	4,7	4,7	5,0	4,3	5,0	5,0	3,0
1967	04	5,0	2,3	5,0	5,7	5,7	4,3	3,7	3,3	4,3	2,3	2,3	2,0	4,0	4,7	4,7	4,7	5,3	10,7	6,3	7,3	8,3	5,3	3,7	7,0	5,7	6,3	1,7	3,3	4,7	3,0
1967	05	6,7	4,7	6,3	4,0	3,3	1,7	3,7	3,7	2,3	3,0	3,3	3,3	3,0	3,0	5,7	3,0	4,3	3,7	3,0	3,7	2,7	1,7	4,0	5,0	4,3	10,3	3,7	2,3	4,7	3,3	5,0
1967	06	4,7	3,7	2,7	1,7	5,0	1,7	3,3	5,7	6,3	5,3	5,7	5,0	4,3	3,3	3,0	3,3	2,3	4,0	4,0	4,3	5,7	3,3	2,7	3,7	2,0	4,7	4,3	2,7	2,0	3,3
1967	07	2,3	2,7	3,3	4,7	2,3	2,0	2,7	4,3	7,0	4,3	1,3	1,0	1,3	2,7	1,0	3,3	1,3	2,0	2,3	2,0	1,3	3,3	3,0	3,0	1,0	0,7	1,7	1,7	2,0	0,3	1,3
1967	08	3,0	2,7	2,7	3,0	3,3	2,7	2,0	1,7	1,7	4,7	6,0	3,7	4,0	3,3	5,7	4,3	4,3	2,3	2,3	4,0	3,0	3,0	1,7	2,0	1,7	2,0	3,3	3,0	1,0	3,0	2,7
1967	09	3,7	4,3	3,7	3,3	2,7	4,7	2,0	1,7	3,7	4,7	6,3	3,3	4,0	3,3	2,0	3,0	2,0	2,3	2,7	5,0	3,3	8,3	4,0	1,7	2,7	1,0	4,0	2,0	1,3	1,7
1967	10	2,7	2,3	2,7	5,7	7,3	5,3	6,0	7,3	3,3	6,3	3,7	2,7	3,0	1,3	5,3	7,7	8,7	8,0	3,7	1,7	2,0	3,3	1,7	2,3	1,3	3,0	3,0	3,7	4,3	3,3	3,3
1967	11	2,7	2,7	3,0	2,0	3,0	3,0	2,7	1,3	1,0	8,0	7,0	7,7	3,7	1,3	1,3	2,3	4,7	3,0	2,7	1,0	1,7	2,3	2,7	1,7	2,0	1,7	3,3	5,7	6,3	4,0
1967	12	1,0	1,3	4,7	11,7	12,3	4,7	7,7	11,0	3,7	3,3	1,0	2,3	5,7	2,7	5,0	8,0	9,0	8,0	8,3	8,7	8,7	9,7	11,3	8,3	5,0	3,0	4,7	4,7	2,0	6,0	6,7
1968	01	4,0	4,0	4,0	3,3	7,0	7,0	5,3	6,3	2,7	4,7	8,3	12,7	9,3	3,3	13,7	7,3	4,7	9,3	3,7	1,7	2,0	5,7	5,7	9,0	6,0	10,7	5,7	8,0	7,0	6,3	4,3
1968	02	4,3	5,7	1,7	2,7	2,3	1,7	3,3	2,0	2,7	4,7	3,0	2,0	5,3	1,7	5,0	5,3	2,7	6,3	3,7	2,0	3,0	1,7	2,0	5,7	6,3	4,3	4,7	2,7	3,7
1968	03	5,3	4,0	2,0	6,0	8,3	7,0	4,3	3,7	8,7	9,7	8,3	9,7	8,3	10,7	6,3	6,3	10,3	13,3	7,7	4,3	2,7	6,3	8,0	4,0	2,0	3,7	2,0	2,0	2,3	2,0	7,3
1968	04	4,3	3,3	6,7	6,3	6,7	3,7	2,3	8,0	5,0	6,0	6,0	3,0	1,7	4,3	5,7	5,0	2,3	3,0	2,3	2,0	3,0	1,7	2,0	7,3	4,7	3,3	2,7	1,7	1,7	6,0
1968	05	4,7	4,7	2,7	4,0	4,3	4,7	3,7	4,7	2,7	4,7	3,7	7,7	3,0	4,0	2,0	6,0	5,3	5,3	4,0	4,3	5,3	5,3	3,0	4,0	4,3	4,3	2,7	3,0	5,0	6,3	5,3
1968	06	5,0	4,3	3,7	3,3	3,7	3,0	3,7	2,3	6,0	8,3	9,7	3,3	4,0	5,3	6,0	4,3	3,7	3,7	2,3	5,0	6,0	6,0	3,7	4,0	4,7	5,7	3,7	6,7	8,3	5,7
1968	07	3,7	3,7	2,0	5,7	1,7	4,0	4,7	5,3	4,3	1,7	8,0	6,7	2,7	2,3	5,7	6,3	2,7	7,7	7,7	6,3	5,0	3,0	4,0	4,0	2,7	5,7	4,3	5,7	5,0	3,3	1,7
1968	08	2,0	3,7	2,3	2,7	3,0	4,0	1,7	1,7	2,0	3,3	4,7	4,7	3,3	5,3	6,0	5,0	4,7	6,0	7,0	3,0	1,7	1,3	4,0	4,7	5,3	6,3	1,7	2,0	2,3	0,7	5,3
1968	09	3,7	2,7	2,0	1,0	4,3	2,7	2,7	2,0	2,0	3,3	1,7	4,7	4,0	2,0	1,7	4,3	3,0	2,7	1,7	2,7	4,3	8,0	8,0	8,7	6,7	2,7	3,3	1,7	3,0	5,3
1968	10	7,3	3,3	4,7	3,7	1,3	2,0	5,7	3,3	6,7	5,3	6,0	7,7	7,0	4,3	3,3	2,3	7,0	5,7	3,7	2,3	1,3	1,0	1,7	1,3	1,7	2,0	2,7	2,3	6,3	4,3	2,0
1968	11	2,0	2,0	3,3	5,7	7,0	3,7	3,0	1,3	1,7	4,7	3,0	3,3	3,0	5,0	3,7	5,0	3,3	3,7	4,3	3,7	2,7	1,3	2,7	4,0	5,7	2,0	1,7	2,0	2,3	1,3
1968	12	1,7	2,7	2,7	2,0	2,3	1,7	2,3	4,0	3,7	4,0	2,3	2,0	2,3	4,3	3,0	3,3	3,3	2,0	1,3	2,3	3,3	4,7	8,3	4,3	5,3	7,7	6,7	4,3	3,0	3,0	2,3
1969	01	7,0	8,0	6,7	1,0	1,3	1,3	4,3	4,3	1,3	1,3	1,7	2,0	3,7	2,0	2,7	1,0	1,0	2,7	4,7	1,7	1,7	2,3	7,7	6,0	1,0	1,0	2,7	2,0	5,0	9,7	8,7
1969	02	6,0	7,3	9,0	5,0	6,0	4,0	3,3	3,0	8,0	6,0	2,7	4,0	3,0	3,7	6,7	6,3	3,7	2,3	4,0	2,7	2,0	1,7	2,7	3,0	2,3	2,0	1,7	3,3
1969	03	6,3	5,0	2,7	2,7	2,7	2,0	1,7	2,3	8,0	2,7	4,0	3,0	4,7	3,3	6,3	5,3	4,0	1,3	3,0	3,7	5,3	7,0	4,7	2,3	3,0	5,7	6,3	6,7	5,7	8,0	8,3
1969	04	10,3	5,7	5,0	3,3	6,0	4,3	4,7	5,3	2,7	3,3	8,0	10,7	6,7	6,0	7,7	9,3	7,0	6,0	4,7	3,7	2,7	3,7	8,0	7,0	4,3	4,7	5,0	4,0	6,3	6,3
1969	05	4,3	2,3	2,3	3,3	4,3	6,7	6,3	3,3	3,3	5,7	5,0	4,3	2,3	4,3	6,0	5,0	5,7	6,0	8,3	10,0	2,7	4,3	3,7	4,3	6,0	4,7	4,0	3,3	5,3	3,7	8,0
1969	06	5,7	4,0	2,7	5,3	7,0	5,3	7,0	7,7	5,3	6,0	4,3	3,3	4,3	3,7	2,7	3,3	4,3	3,7	3,7	8,7	5,3	3,0	3,7	3,7	4,3	6,3	6,7	6,3	5,7	4,3
1969	07	2,3	2,0	3,7	2,3	2,0	3,7	6,3	5,7	7,0	2,7	4,3	6,7	9,3	5,0	3,3	2,7	6,7	5,3	2,7	7,3	5,0	2,3	2,0	2,3	3,3	3,0	1,3	2,0	4,0	3,0	3,0
1969	08	5,3	4,3	2,3	2,3	3,0	3,7	4,3	3,3	4,0	2,3	4,7	1,7	2,3	2,3	4,3	3,0	4,3	6,3	4,7	3,7	7,3	6,7	4,0	1,7	6,0	6,3	5,0	5,3	7,3	9,0	3,0
1969	09	2,7	3,3	2,7	3,7	1,7	3,3	2,7	5,0	4,0	2,3	3,0	3,7	4,0	4,7	3,7	2,0	3,0	5,0	2,3	4,7	8,7	7,7	2,3	3,0	2,7	4,3	8,3	2,0	5,0	1,3
1969	10	7,0	8,0	7,7	6,0	3,3	2,7	1,7	1,7	2,0	2,0	2,0	2,7	1,7	1,0	2,7	1,7	1,3	2,7	3,0	1,7	1,3	1,0	2,0	4,3	6,3	6,3	6,7	7,3	8,0	11,0	10,3
1969	11	8,0	9,3	8,3	9,3	7,3	2,3	5,3	9,3	7,0	12,3	7,0	8,7	4,3	2,0	3,3	5,7	4,7	8,0	11,7	8,7	3,0	1,0	1,3	2,7	3,7	7,7	7,0	10,7	8,3	3,3
1969	12	3,3	6,0	7,0	4,3	2,3	5,7	7,0	3,7	5,7	2,7	1,7	2,3	2,0	2,7	4,3	2,3	1,0	3,3	5,7	5,0	1,7	1,0	1,7	1,0	1,0	1,3	1,0	1,3	1,3	5,3	5,7
1970	01	2,3	10,3	8,3	3,0	4,7	2,3	2,7	3,7	4,3	4,7	3,0	1,0	1,3	1,7	1,3	4,7	10,0	4,7	3,3	1,3	2,3	3,3	2,0	3,3	2,3	1,7	4,0	7,0	2,3	2,7	5,3
1970	02	2,0	2,7	11,7	7,3	3,3	7,7	2,3	8,7	8,0	7,0	5,0	3,7	10,7	5,0	8,3	4,0	6,3	7,0	3,7	7,3	6,7	2,3	9,3	3,0	3,0	8,3	5,3	7,0
1970	03	6,3	9,3	2,3	3,3	6,0	9,3	4,7	2,3	1,3	2,0	2,7	1,3	2,0	4,0	4,3	5,0	8,0	7,0	6,3	8,7	7,0	4,3	1,7	2,7	6,7	3,0	5,7	10,0	11,0	9,7	8,3
1970	04	6,3	4,7	7,3	5,7	7,7	7,0	6,3	1,7	6,3	9,3	8,3	4,3	3,0	7,3	5,3	5,3	6,3	3,3	3,7	4,7	6,3	9,7	6,0	6,3	5,0	4,3	5,3	2,7	7,7	6,3
1970	05	7,0	5,7	5,3	3,3	4,7	5,0	6,7	7,0	3,0	5,0	7,0	7,3	8,0	6,0	2,7	4,3	5,0	6,7	2,0	4,3	4,0	7,0	8,0	4,3	3,0	5,0	6,3	4,3	3,0	3,3	6,7
1970	06	6,3	7,0	7,0	4,3	4,3	2,3	4,0	5,0	3,7	3,7	6,3	5,0	5,7	2,7	2,7	2,3	2,0	4,3	3,7	2,3	2,3	1,3	2,3	2,7	3,3	2,7	3,0	4,0	6,3	4,3
1970	07	5,3	6,7	7,0	3,7	5,0	3,0	1,3	3,0	5,3	5,7	2,3	4,3	3,0	6,3	6,7	7,0	8,0	10,7	7,3	8,0	5,3	2,7	2,0	3,3	6,0	7,3	4,0	2,7	3,7	3,3	3,0
1970	08	2,3	2,0	3,0	1,7	2,7	2,3	1,0	2,0	5,0	5,3	5,7	4,7	1,7	2,7	2,0	1,3	5,3	4,3	3,0	3,0	3,0	5,3	3,0	4,7	5,0	2,7	1,0	2,0	2,3	3,0	1,3
1970	09	3,7	3,0	4,3	5,3	8,7	8,7	3,7	2,7	5,7	2,7	3,7	3,3	6,7	4,7	3,3	7,0	5,3	2,0	3,7	2,7	4,3	3,0	4,3	4,0	4,3	2,7	2,7	2,0	1,3	2,7
1970	10	6,3	8,0	8,3	6,7	6,3	2,3	1,7	2,0	1,7	1,0	1,3	1,3	1,3	4,7	2,3	1,7	2,7	2,7	7,3	7,0	6,0	5,7	6,3	6,7	7,7	9,7	6,7	7,3	5,7	9,0	9,0
1970	11	10,7	8,7	11,3	10,7	9,7	5,7	2,7	2,3	9,7	11,7	7,7	6,0	3,3	2,3	2,0	5,0	3,7	3,7	2,3	4,3	2,3	7,7	3,3	2,0	1,3	2,0	0,7	1,3	1,3	4,0
1970	12	5,7	6,7	12,3	3,7	3,7	4,0	4,0	6,0	4,7	3,3	1,3	1,7	0,7	3,7	3,7	2,7	2,7	4,7	4,0	7,0	7,0	4,7	3,3	8,0	3,3	1,7	3,3	5,3	1,3	5,3	2,7
1971	01	4,0	1,0	3,3	2,7	1,3	1,0	0,7	1,0	1,0	1,0	1,0	1,7	1,3	2,0	2,3	6,3	1,7	2,3	3,0	3,7	2,0	4,0	4,3	4,3	4,0	7,0	6,0	7,3	4,7	2,3	1,0
1971	02	8,7	6,3	8,0	4,0	3,3	3,7	4,0	7,3	4,7	1,3	2,0	4,7	8,0	6,0	4,3	3,0	4,3	2,7	3,7	2,0	3,3	6,3	6,0	5,7	8,7	7,7	7,3	9,7
1971	03	4,7	1,7	5,3	3,7	1,3	5,7	6,7	2,3	2,0	8,7	14,3	4,7	9,0	2,0	1,0	1,7	3,3	4,0	2,7	2,3	2,3	7,7	7,3	5,0	7,7	3,3	4,7	6,3	3,3	4,7	1,7
1971	04	2,3	4,7	3,0	2,3	3,0	3,7	1,3	2,0	3,3	7,3	4,0	2,7	6,0	4,3	1,7	3,7	6,3	3,0	2,0	3,0	2,3	3,0	4,3	4,7	6,0	1,7	6,7	5,3	6,7	4,0
1971	05	7,0	3,3	2,0	1,3	2,0	2,0	3,7	3,0	2,0	3,0	3,0	5,3	3,3	2,7	3,0	3,0	3,3	2,3	4,3	3,7	4,7	5,0	3,3	4,0	1,7	4,3	3,3	3,7	5,0	7,0	6,0
1971	06	3,0	4,7	3,0	1,7	2,3	4,0	4,0	3,7	1,3	2,0	3,3	7,0	6,0	3,0	4,3	7,0	4,3	6,0	4,0	3,3	7,3	7,0	5,3	1,7	1,7	2,3	6,0	4,0	10,0	6,7
1971	07	7,7	7,3	5,3	5,0	3,7	4,0	4,3	2,3	1,7	2,0	2,3	3,0	5,7	4,3	5,3	5,3	3,0	4,0	3,7	2,7	2,3	2,3	2,3	2,3	2,0	1,7	3,0	2,0	4,3	1,7	5,7
1971	08	2,3	4,3	2,7	4,7	2,0	2,7	3,3	4,3	3,0	3,7	4,0	4,3	3,3	4,7	5,7	3,7	2,0	2,0	2,3	3,7	3,7	3,0	5,3	4,0	3,3	3,0	7,3	7,0	4,3	4,3	5,0
1971	09	3,7	4,7	2,3	3,3	4,7	6,7	3,0	4,3	6,0	4,3	2,0	3,0	5,0	4,0	5,7	4,3	3,0	3,0	4,0	1,3	1,7	2,0	2,3	4,3	2,7	4,0	2,7	2,3	5,3	3,7
1971	10	2,7	2,0	3,0	3,7	4,3	2,0	6,7	7,0	5,3	4,3	4,0	1,0	5,0	5,7	7,0	3,7	4,3	4,7	6,7	6,3	7,7	11,3	7,0	1,7	6,0	4,0	3,7	0,7	1,0	2,7	1,3
1971	11	5,0	5,0	5,3	8,7	6,0	5,7	5,0	4,3	1,3	7,7	4,7	2,7	1,0	6,3	6,0	11,3	11,3	12,7	7,7	7,0	6,3	2,7	3,0	3,7	7,0	8,0	3,3	5,7	4,0	3,3
1971	12	1,7	1,7	3,3	4,0	6,3	4,0	4,3	11,0	6,3	7,0	10,7	10,3	7,0	6,7	5,3	6,3	4,3	1,3	1,7	6,3	7,7	5,3	6,0	4,0	4,0	1,3	3,3	5,0	2,0	4,3	6,0
1972	01	4,3	4,0	4,0	2,0	3,7	1,7	1,0	1,7	1,3	1,3	3,0	3,7	4,7	4,3	3,0	5,0	10,3	5,7	4,7	4,7	1,3	3,0	2,3	4,3	3,7	2,3	2,7	5,3	11,0	2,3	2,0
1972	02	1,0	3,3	3,3	5,0	3,7	3,7	3,3	2,7	2,0	3,0	5,7	3,7	3,3	7,3	5,0	3,3	2,7	2,7	6,7	3,3	1,3	2,3	3,7	6,3	5,7	1,7	1,3	4,0	4,3
1972	03	2,3	2,0	3,0	5,0	7,0	3,0	4,0	4,7	3,7	5,3	9,0	8,3	8,0	3,0	3,0	3,7	7,0	5,0	2,3	2,0	2,7	5,7	11,0	13,0	3,7	5,0	10,7	11,3	10,7	5,7	8,0
1972	04	6,7	5,3	9,3	4,7	6,3	7,7	6,0	5,3	5,7	3,7	6,7	4,0	7,0	6,7	2,0	8,7	8,0	4,3	3,7	5,0	4,3	5,3	6,7	9,3	8,3	6,7	8,0	6,7	5,3	6,0
1972	05	8,7	4,0	6,0	3,7	2,7	4,3	3,3	2,7	4,7	7,7	8,3	4,3	5,7	5,3	5,0	7,3	5,3	4,7	5,3	6,7	6,0	2,7	3,3	3,3	6,7	8,3	10,3	11,3	8,0	5,3	6,3
1972	06	5,3	4,3	3,0	5,0	5,3	7,7	4,7	7,7	3,3	5,0	3,3	3,7	4,0	6,0	5,3	3,7	5,7	3,0	4,7	7,3	4,3	7,0	6,0	4,7	6,3	6,7	4,7	3,3	6,3	6,7
1972	07	6,7	4,3	7,0	3,7	2,0	4,3	6,0	5,3	4,0	6,7	6,3	6,7	8,7	5,3	4,7	3,7	3,3	3,7	3,7	3,3	3,0	4,0	2,7	1,3	3,3	4,7	3,3	2,3	4,3	4,7	3,0
1972	08	3,0	4,3	5,7	6,3	5,0	2,3	2,0	2,3	3,7	2,7	5,3	5,0	1,7	5,0	4,0	7,0	5,0	7,0	7,0	8,0	10,0	7,7	4,7	5,7	5,0	4,7	2,3	2,7	3,3	3,0	6,0
1972	09	7,0	4,3	4,0	4,3	2,7	1,0	2,3	4,3	4,3	3,7	8,3	4,7	2,7	2,7	3,7	5,7	7,0	5,7	3,7	2,0	2,7	4,7	7,3	9,3	5,3	3,0	7,0	7,0	4,0	2,3
1972	10	4,7	4,0	4,3	2,7	1,7	3,7	2,7	2,3	3,3	4,3	1,0	3,0	3,7	4,7	5,3	5,3	1,3	7,7	4,3	4,7	7,0	7,7	7,7	9,0	3,3	1,7	2,3	1,7	5,7	2,0	1,3
1972	11	4,0	5,0	3,3	3,0	7,3	7,7	5,3	4,7	4,7	5,3	4,7	9,7	13,0	5,3	6,7	5,3	4,3	9,7	4,7	5,3	8,3	7,7	7,7	6,3	8,0	5,7	8,7	6,3	7,0	2,7
1972	12	1,3	2,3	2,0	3,0	5,3	5,0	4,0	4,7	3,0	4,0	5,7	3,7	2,0	3,0	4,0	3,0	1,7	2,0	3,0	4,0	5,0	2,3	2,0	2,3	2,7	5,3	9,3	7,3	9,3	7,0	4,7
1973	01	3,3	1,3	2,3	3,0	3,0	1,7	1,3	1,3	1,3	2,7	4,0	3,3	5,0	2,0	3,7	2,7	4,7	1,7	1,3	3,0	3,0	3,0	6,0	2,7	3,3	3,7	7,3	8,7	9,7	6,3	3,7
1973	02	2,7	4,0	3,0	6,0	5,7	10,7	9,3	10,0	7,0	5,7	7,3	9,7	7,3	3,0	2,3	8,3	7,7	8,0	6,7	6,3	9,3	9,0	8,7	7,3	5,3	7,0	9,3	8,3
1973	03	7,0	7,0	8,7	5,0	6,0	4,0	4,3	6,7	9,7	4,0	5,0	4,0	4,7	5,7	5,7	5,0	6,7	8,3	7,3	6,3	5,0	2,7	2,0	2,7	2,0	3,0	3,0	3,3	6,0	2,7	4,7
1973	04	8,3	9,0	12,0	6,0	6,7	8,7	8,0	3,7	4,7	8,3	9,7	7,3	6,3	7,3	3,3	3,3	9,3	8,3	2,7	4,3	7,7	4,3	2,0	5,3	7,7	3,3	3,3	4,0	4,7	4,3
1973	05	3,7	2,7	5,3	3,0	3,7	3,7	4,0	4,3	6,0	5,0	4,3	4,3	5,7	4,7	7,7	4,7	3,3	5,7	5,3	4,7	4,0	6,0	3,3	7,0	6,7	5,7	6,3	2,0	2,3	3,3	3,0
1973	06	3,3	5,7	3,3	3,7	4,7	5,7	7,0	6,3	7,3	6,7	4,3	3,3	4,3	6,7	6,0	4,7	2,3	6,0	6,3	3,3	6,3	5,3	4,7	6,3	4,3	1,7	2,7	4,7	7,3	4,3
1973	07	3,3	1,3	2,0	4,3	3,0	3,0	3,7	5,0	6,3	3,0	4,7	2,0	3,7	4,3	4,0	5,7	6,3	7,7	6,3	6,0	6,3	5,3	7,7	5,3	6,3	8,7	8,0	8,0	6,3	3,3	2,0
1973	08	2,3	1,3	2,0	4,7	5,0	5,3	4,3	6,0	2,7	3,3	2,0	5,3	4,3	4,3	3,0	2,3	1,7	3,0	2,0	3,7	3,0	4,0	1,7	0,7	4,3	5,0	2,3	2,0	3,0	4,0	3,0
1973	09	7,7	6,7	6,7	4,0	3,0	5,0	4,0	2,3	2,3	6,7	7,3	6,7	3,7	1,7	2,7	2,3	3,3	6,3	6,0	4,0	6,7	7,0	2,7	3,0	8,7	3,0	3,7	5,7	6,0	5,7
1973	10	1,3	3,0	5,3	4,0	2,3	3,0	2,7	4,0	7,0	7,0	7,7	5,3	5,0	1,3	6,7	5,7	8,0	11,7	9,0	5,7	9,0	7,3	9,3	4,0	2,7	3,0	2,3	3,3	4,3	8,3	3,7
1973	11	3,0	0,7	1,0	2,0	3,3	7,0	8,3	8,3	8,0	7,3	7,3	9,7	13,7	7,7	6,3	8,7	8,0	3,0	10,0	13,7	6,3	4,7	7,3	11,3	8,7	8,3	7,3	7,7	7,3	9,7
1973	12	7,0	3,3	10,0	11,7	7,7	10,0	12,7	8,3	9,7	3,0	4,7	8,0	11,3	10,7	11,7	11,7	11,0	7,0	3,3	2,7	1,0	6,7	2,0	2,0	0,7	4,0	7,7	6,0	3,3	4,3	2,7
1974	01	3,3	2,7	4,0	2,0	3,3	3,3	2,7	6,0	6,0	4,3	3,7	4,0	3,0	4,3	3,7	3,7	14,3	7,0	13,3	8,7	2,0	4,3	4,7	7,3	6,3	2,7	3,3	4,3	2,3	4,0	2,0
1974	02	2,3	2,7	3,0	6,3	3,0	7,3	11,0	10,0	11,3	7,7	5,7	1,3	1,7	3,0	3,0	2,7	1,7	2,3	6,0	6,7	2,3	3,7	3,0	8,0	7,3	6,3	6,7	6,7
1974	03	6,0	4,0	4,3	8,3	6,0	6,0	4,3	5,0	5,7	5,3	3,3	4,3	3,3	3,3	5,0	6,3	8,7	8,0	4,0	2,3	4,0	3,7	7,0	5,7	5,0	6,0	3,3	2,7	3,3	4,3	2,0
1974	04	2,7	5,7	4,3	4,0	5,7	3,3	6,3	5,3	2,3	3,3	2,0	5,0	6,7	4,0	6,7	5,3	7,3	5,7	6,7	8,7	2,7	7,3	4,3	3,3	5,7	8,0	3,7	7,3	7,3	2,3
1974	05	9,0	5,7	4,3	4,7	4,3	7,7	7,7	4,0	5,7	2,0	1,7	4,0	2,7	5,3	6,3	4,0	4,0	3,3	2,0	3,7	5,7	6,0	5,7	2,3	6,0	6,7	3,7	3,0	6,3	2,0	1,7
1974	06	6,3	4,7	5,3	5,0	1,7	2,3	9,7	5,3	5,7	2,7	7,0	9,0	8,7	7,0	2,7	4,0	1,7	5,3	5,3	6,0	4,3	3,3	4,3	3,3	2,3	4,3	5,3	6,7	3,3	5,0
1974	07	9,0	7,0	6,0	8,0	6,0	6,3	7,7	6,7	6,0	7,3	7,7	3,3	2,3	2,7	4,7	3,3	4,3	6,3	7,3	7,7	7,0	5,0	5,3	4,7	4,0	5,0	4,7	6,0	7,3	6,7	4,0
1974	08	1,3	3,7	2,0	3,7	6,3	6,0	2,3	3,0	7,3	7,0	7,0	7,3	5,0	4,3	4,7	3,3	4,0	5,7	7,7	2,7	3,7	1,7	2,3	1,7	2,0	2,0	3,3	5,7	3,3	4,3	6,3
1974	09	2,7	2,3	4,3	6,0	3,3	3,7	4,3	8,3	4,7	4,3	3,0	1,3	4,3	2,3	2,7	2,0	1,7	4,0	3,3	2,3	1,7	4,0	3,0	4,3	5,0	5,3	5,7	2,3	5,7	1,7
1974	10	3,7	5,0	3,0	7,3	4,7	7,3	6,7	3,0	6,7	10,0	2,3	2,0	4,0	2,3	1,7	5,7	8,3	4,0	6,7	4,3	6,3	10,0	8,0	6,0	9,0	8,3	8,7	9,0	4,3	3,3	5,7
1974	11	6,7	8,3	6,0	2,0	4,0	1,7	1,3	1,3	1,3	4,3	5,0	3,3	4,0	2,3	2,3	1,7	3,7	2,7	7,0	5,0	1,7	2,3	1,7	1,7	6,3	7,3	8,3	10,3	8,3	7,0
1974	12	7,0	7,3	6,3	5,3	13,3	7,3	8,0	7,0	4,3	4,3	7,7	8,7	7,3	7,0	6,0	4,7	9,0	10,3	8,0	7,7	4,3	6,3	1,7	3,0	7,3	12,7	9,7	9,3	12,0	9,7	7,7
1975	01	5,7	2,7	2,7	8,3	9,0	12,3	8,0	6,7	8,3	9,0	8,7	6,3	5,0	1,0	1,7	1,7	2,3	4,7	3,7	1,7	4,7	6,0	6,3	8,3	5,7	7,0	3,0	6,0	5,7	2,0	1,3
1975	02	3,0	6,0	6,0	3,7	1,3	1,0	7,0	2,7	1,7	2,3	2,7	1,3	3,3	8,3	4,3	3,3	3,0	2,7	4,7	3,7	1,7	1,0	1,0	2,0	4,0	2,3	3,3	4,3
1975	03	3,7	1,7	3,7	2,3	2,3	4,0	2,7	5,3	2,0	1,7	4,3	5,0	4,7	4,7	5,7	3,7	4,0	5,0	7,3	6,3	3,0	4,0	2,7	1,7	9,7	6,3	3,0	7,3	5,7	3,0	6,0
1975	04	2,7	5,7	1,7	2,0	3,7	6,0	2,3	6,3	4,3	8,0	7,0	6,0	10,3	6,3	5,3	6,3	4,7	3,0	2,3	4,3	3,0	3,0	3,3	7,7	8,7	7,3	4,0	1,7	3,7	5,0
1975	05	4,0	2,7	7,0	5,7	6,3	5,3	5,7	6,3	5,0	2,7	4,3	4,7	2,0	3,0	4,3	2,0	2,7	1,7	4,3	3,3	3,7	3,3	3,3	3,3	4,7	4,3	4,3	3,0	3,0	4,0	2,7
1975	06	2,0	2,7	5,7	5,3	5,0	4,0	6,3	5,0	4,3	1,3	1,0	2,3	1,7	2,0	2,7	3,0	1,7	2,7	2,7	4,7	2,7	2,3	2,7	3,3	7,0	1,7	3,3	4,7	2,0	5,3
1975	07	7,3	7,3	3,7	3,3	2,7	2,3	1,3	2,0	1,7	2,7	2,0	4,3	2,3	1,3	4,7	5,7	1,0	3,7	3,7	8,3	4,3	2,3	2,7	2,7	3,7	5,7	5,3	5,3	2,3	4,0	3,7
1975	08	2,7	3,0	2,0	4,7	2,0	1,7	2,7	3,0	3,3	3,7	2,7	2,3	2,7	2,3	2,7	4,7	5,0	3,7	2,0	2,0	2,7	2,7	5,3	3,3	7,7	6,3	6,0	3,3	2,0	1,7	1,3
1975	09	1,3	2,0	2,7	2,0	1,7	2,7	2,0	2,0	1,7	2,0	3,0	5,0	9,0	5,0	1,7	2,3	2,3	3,0	2,7	2,3	2,0	1,3	2,3	4,3	4,3	6,3	5,3	6,0	2,0	5,7
1975	10	3,7	2,7	7,3	6,0	8,7	6,7	9,7	7,7	7,0	4,3	4,0	6,7	3,3	6,7	5,0	4,3	3,0	7,0	8,0	6,3	1,7	2,7	2,3	1,3	1,3	1,0	1,3	1,0	1,3	1,7	2,0
1975	11	2,3	2,3	1,7	2,0	1,7	2,7	2,3	5,3	7,7	3,7	2,3	3,7	4,3	3,3	2,3	9,0	4,7	5,3	9,0	13,0	11,0	13,3	2,3	1,7	1,3	2,0	3,3	6,7	7,0	2,0
1975	12	4,0	7,0	2,7	8,0	8,3	11,0	7,3	8,0	5,0	6,3	2,7	3,0	4,0	4,0	1,3	2,7	6,0	5,3	4,3	3,3	8,7	5,7	9,0	10,3	9,3	10,0	8,7	5,7	2,3	6,0	5,7
1976	01	9,7	9,7	19,7	13,3	12,0	4,7	3,3	7,0	8,7	8,3	12,0	11,3	14,0	6,7	6,3	2,3	11,0	7,3	8,3	13,3	11,0	10,7	11,0	7,3	4,7	1,7	1,3	6,0	3,3	4,0	5,7
1976	02	4,3	6,3	2,7	2,3	2,7	5,7	4,7	4,7	1,3	4,3	3,7	6,7	7,7	3,0	5,7	4,0	3,0	4,7	4,3	2,3	1,7	1,0	1,0	2,3	4,3	7,3	5,0	1,3	5,0
1976	03	13,7	9,7	4,0	6,0	4,7	4,7	2,7	1,7	3,7	4,7	2,3	4,7	4,0	2,3	1,7	2,3	3,3	1,0	5,3	6,0	6,3	4,7	2,3	2,7	8,0	9,3	6,0	6,3	5,7	6,3	6,3
1976	04	3,7	4,0	4,7	2,3	3,3	9,3	4,7	6,3	6,3	5,3	2,7	2,3	4,0	2,0	5,0	6,0	2,7	1,3	3,7	4,7	5,7	5,3	4,3	7,0	7,0	6,3	9,0	8,3	3,0	6,3
1976	05	1,7	4,0	4,0	8,0	3,7	2,0	3,7	2,0	5,3	4,7	3,3	3,0	6,3	6,0	3,7	3,3	3,0	1,7	1,7	4,0	2,7	6,3	6,0	3,3	2,0	6,0	5,0	5,3	2,3	4,7	5,0
1976	06	4,0	4,7	6,3	3,7	2,3	1,7	3,3	2,7	2,7	2,7	4,0	2,0	6,3	3,7	7,7	8,7	6,7	6,0	5,7	6,0	2,7	2,7	2,3	2,7	2,7	3,0	2,0	2,7	6,0	4,0
1976	07	4,3	4,3	2,7	2,3	5,0	3,0	2,0	3,3	7,0	5,7	4,0	2,0	5,3	2,7	1,3	1,3	1,3	3,0	2,3	3,7	2,7	5,7	8,3	4,3	4,3	6,3	5,3	8,7	6,7	5,3	5,7
1976	08	5,7	4,7	3,7	3,7	5,7	3,7	4,7	4,0	2,7	4,7	2,7	2,3	3,3	2,7	1,3	2,7	4,7	4,7	6,3	4,3	7,3	3,7	2,0	1,3	1,3	1,7	3,3	3,7	6,0	3,0	2,7
1976	09	2,7	7,3	4,3	5,3	4,3	4,3	3,3	4,7	6,0	5,7	4,0	3,3	3,3	3,3	3,0	4,3	4,3	5,0	5,0	3,7	2,7	3,0	3,7	3,3	3,3	2,0	3,7	3,0	3,7	3,0
1976	10	3,7	2,7	2,0	3,3	4,3	3,7	5,7	3,3	4,3	4,3	3,3	3,0	2,7	4,7	3,0	4,0	4,3	5,3	5,0	4,0	3,0	3,7	3,3	2,7	2,7	2,3	2,7	5,0	3,0	4,0	5,7
1976	11	3,3	3,3	2,7	3,7	2,3	2,7	4,0	4,3	2,7	3,3	3,3	3,7	3,0	6,0	6,0	3,7	2,7	2,3	5,7	7,7	3,7	7,3	7,3	6,7	3,3	6,3	6,3	3,7	4,7	9,0
1976	12	9,7	5,7	6,3	3,3	2,7	6,0	4,0	7,7	5,7	5,7	7,0	3,3	5,0	6,0	4,3	6,7	3,0	2,7	2,7	2,0	2,7	3,3	2,7	3,3	5,3	10,0	7,0	7,7	2,0	2,3	2,0
1977	01	3,3	2,0	3,0	2,7	5,0	4,3	6,7	7,3	4,7	6,7	4,0	4,7	2,0	3,7	2,3	3,7	3,0	1,7	3,0	2,0	1,7	4,7	2,3	2,0	3,0	6,7	6,0	6,0	2,7	6,3	2,7
1977	02	1,3	2,0	2,3	2,3	4,3	4,7	6,7	9,0	4,0	3,3	5,3	2,3	4,0	2,0	2,0	2,7	3,7	5,3	8,0	6,7	6,0	4,3	4,0	1,7	5,3	7,0	5,0	10,3
1977	03	8,0	7,0	7,3	10,0	11,7	6,0	4,3	3,0	3,3	2,0	3,7	3,7	6,7	7,0	4,7	4,3	3,3	2,0	2,3	2,0	3,3	2,3	3,7	3,3	4,7	1,7	7,0	7,0	7,0	6,3	3,7
1977	04	6,7	8,0	8,3	6,0	5,3	7,0	3,7	5,7	8,0	5,0	6,7	5,0	8,0	4,7	5,7	6,7	3,3	5,0	2,3	2,7	9,7	11,7	8,3	10,7	7,0	5,3	5,0	4,0	3,0	3,3
1977	05	8,0	1,7	3,0	7,7	7,0	4,0	1,7	2,7	2,7	4,7	6,3	5,7	5,7	3,3	2,3	3,0	3,7	7,0	7,0	6,3	6,0	3,7	3,0	1,7	2,3	5,7	2,7	2,7	2,7	5,0	6,7
1977	06	3,0	4,0	4,3	6,0	6,7	4,3	5,3	4,7	2,7	4,7	4,3	2,0	3,3	4,3	5,7	5,3	2,3	2,7	6,0	6,7	4,3	2,7	2,0	3,0	1,7	3,0	5,7	2,3	4,3	3,7
1977	07	3,0	2,7	2,3	3,3	4,3	6,0	4,0	3,0	5,3	5,7	5,3	3,0	4,0	4,3	3,7	3,0	5,0	5,7	5,7	2,7	2,3	2,7	4,3	6,0	4,3	6,3	3,3	2,3	3,3	3,7	7,3
1977	08	7,7	7,3	4,3	3,0	1,3	1,7	3,0	2,7	1,7	5,3	4,7	3,0	2,3	3,0	3,7	2,0	3,7	3,7	5,0	4,0	2,7	6,3	4,0	2,0	3,0	2,3	3,0	1,7	4,7	3,7	3,7
1977	09	3,0	1,3	2,7	5,3	1,3	3,0	5,3	3,3	6,7	4,7	8,3	8,7	3,0	5,7	9,3	6,0	3,0	3,3	4,7	1,7	3,7	4,7	2,7	4,0	3,0	3,0	3,0	4,0	2,7	10,0
1977	10	12,3	8,0	6,0	6,0	7,0	2,0	2,0	1,7	1,3	3,3	2,3	1,3	0,7	2,3	3,0	1,0	1,0	1,7	1,3	1,3	1,0	1,0	1,0	1,0	2,0	1,7	0,7	2,3	3,3	0,7	1,7
1977	11	3,3	4,7	10,3	7,3	4,3	4,0	4,0	5,7	9,0	7,3	5,7	10,3	9,0	10,7	13,0	9,3	4,7	7,0	9,0	6,7	1,7	7,7	6,7	9,7	8,0	5,3	7,3	4,3	2,0	4,0
1977	12	3,0	5,7	4,0	1,3	0,3	1,7	0,7	4,3	3,3	5,3	5,0	3,7	1,0	3,7	3,3	1,7	1,7	1,0	2,3	1,0	1,7	2,7	2,3	7,7	10,0	6,7	6,0	4,3	8,0	11,0	11,7
1978	01	5,7	5,7	13,0	9,7	6,7	9,7	4,0	2,0	4,0	8,3	3,3	1,3	3,3	1,7	3,7	5,0	3,7	3,7	4,7	3,3	2,7	1,3	4,7	6,3	10,7	6,3	5,0	3,3	4,3	4,3	3,7
1978	02	2,7	5,0	3,0	2,0	2,0	1,7	5,0	7,3	3,3	5,7	4,7	6,3	4,0	4,7	3,7	3,7	2,7	4,7	4,3	2,3	3,7	3,7	3,3	2,3	3,0	1,3	2,3	1,3
1978	03	1,3	2,0	1,3	1,3	4,3	4,7	3,7	6,3	8,3	4,7	6,7	3,0	4,0	5,7	10,0	9,0	6,7	5,3	7,7	7,0	3,7	5,3	5,0	4,0	6,7	9,0	6,7	4,7	3,3	4,0	3,0
1978	04	2,7	3,7	4,7	3,0	6,7	4,7	2,7	4,3	3,0	2,7	4,7	6,7	3,3	5,3	3,3	3,7	4,7	3,3	4,0	3,3	6,0	3,0	3,0	1,3	3,3	6,3	4,3	4,7	3,0	2,3
1978	05	3,7	6,0	3,3	1,7	6,0	3,7	5,0	5,7	6,7	6,0	5,3	5,3	5,0	3,3	4,7	4,3	2,7	3,0	3,7	2,3	4,3	7,0	7,0	4,3	3,7	3,7	3,0	4,3	6,0	5,3	3,0
1978	06	2,0	1,3	3,7	4,0	2,3	2,0	2,7	4,3	5,3	4,3	6,0	7,3	4,3	2,0	2,0	3,7	7,3	4,7	3,3	4,0	5,0	4,7	6,3	6,0	5,3	6,7	4,7	4,3	5,0	3,0
1978	07	2,3	4,3	6,3	4,0	5,0	5,0	5,3	6,7	5,7	4,0	2,3	3,0	3,0	2,3	5,0	3,7	3,3	2,0	4,0	6,7	5,0	4,7	2,0	1,0	1,3	3,3	2,0	3,0	1,7	4,0	5,7
1978	08	5,3	3,0	2,7	3,7	3,7	4,3	4,3	9,3	5,3	4,7	5,0	3,0	2,0	3,3	4,0	3,0	6,0	4,3	2,7	1,7	2,0	2,3	4,3	3,0	4,0	5,3	7,0	5,7	5,7	4,7	4,7
1978	09	6,3	7,7	8,0	5,7	4,7	1,3	6,3	4,0	5,7	9,0	10,7	9,3	5,7	4,0	6,0	5,7	8,0	6,3	6,3	7,3	8,3	7,7	5,3	6,3	6,7	3,7	5,3	5,3	4,7	6,3
1978	10	2,0	3,7	4,0	6,3	7,7	8,0	2,0	1,0	1,3	1,3	1,3	1,7	3,7	3,7	2,0	2,0	4,0	4,3	2,3	3,0	6,7	9,3	6,0	7,0	10,0	5,0	2,3	5,3	4,3	3,7	2,7
1978	11	2,3	1,0	3,0	2,0	2,3	3,0	1,3	2,7	2,3	3,3	2,3	4,0	2,0	2,3	3,0	4,0	8,3	8,3	3,7	2,7	3,7	8,3	8,0	6,3	5,7	2,7	3,3	5,0	8,0	9,0
1978	12	3,0	0,7	2,3	4,3	1,7	3,3	5,3	7,0	7,0	6,0	3,0	2,7	9,3	9,7	8,3	3,3	5,3	1,0	5,3	3,7	3,0	2,0	2,3	4,3	4,0	8,0	4,0	9,7	10,3	6,7	9,7
1979	01	3,3	8,0	8,7	4,0	3,3	2,0	3,7	5,3	1,3	4,0	3,7	8,0	6,7	9,0	8,0	5,7	3,3	3,3	1,3	1,3	1,7	1,7	2,7	6,0	3,0	2,7	2,3	2,7	2,7	4,3	9,3
1979	02	5,7	8,3	5,7	5,3	2,7	3,0	5,3	6,7	2,3	1,3	4,0	2,7	2,7	3,0	3,3	6,0	6,3	4,0	2,0	5,0	4,7	0,7	2,7	4,0	7,0	2,3	3,0	3,0
1979	03	4,3	7,7	6,3	5,3	1,7	4,3	4,7	5,7	6,7	6,7	4,0	7,3	5,0	3,3	5,7	4,3	8,7	5,0	8,0	2,0	9,0	4,3	6,0	2,7	6,3	7,7	5,7	4,7	5,0	8,3	6,0
1979	04	7,0	5,7	6,0	3,3	4,7	5,3	7,0	4,0	2,7	4,7	7,3	3,7	1,7	2,7	4,7	4,0	7,7	6,0	1,7	6,0	5,3	6,7	6,0	6,7	3,3	2,7	6,0	4,3	5,7	10,0
1979	05	4,3	6,0	4,3	4,3	4,3	4,7	2,0	2,0	0,7	4,3	2,7	4,3	3,7	1,7	2,0	4,7	3,7	2,7	4,3	5,0	6,3	3,7	4,3	6,0	6,3	4,0	5,0	5,3	3,3	3,3	5,3
1979	06	3,3	3,7	3,3	4,7	2,0	3,0	4,0	5,0	4,3	1,7	1,3	3,0	6,3	5,0	6,3	4,7	7,3	4,7	6,0	3,3	3,3	1,7	2,7	4,7	3,7	2,3	2,3	3,7	4,3	4,3
1979	07	4,3	2,3	4,0	3,3	4,7	5,7	4,7	7,7	7,0	4,7	2,7	2,0	3,0	3,3	3,3	4,0	5,3	4,3	5,3	4,3	6,0	6,7	5,0	5,3	3,7	3,7	4,3	1,3	3,7	5,3	4,3
1979	08	4,7	4,7	3,3	3,0	2,3	2,7	2,3	4,7	3,3	6,0	2,3	1,0	2,7	2,7	2,3	5,0	3,0	2,0	2,0	3,0	4,3	3,0	3,3	4,0	4,3	3,7	6,3	6,0	3,3	1,3	3,0
1979	09	2,0	3,7	4,7	6,3	2,3	1,3	1,3	2,0	2,3	4,0	3,0	1,3	3,7	4,3	8,0	3,7	4,7	8,7	5,0	4,0	5,0	7,0	6,0	7,0	5,7	3,7	2,3	3,3	2,0	2,3
1979	10	4,3	5,0	5,0	2,7	3,3	4,7	4,3	4,0	2,0	1,7	2,0	2,3	3,3	2,0	2,3	2,7	2,7	6,7	5,3	2,3	2,3	4,7	5,0	4,0	8,3	6,3	6,3	5,3	2,0	1,3	1,3
1979	11	3,3	4,7	2,0	6,0	6,7	8,0	6,7	8,0	6,7	4,0	4,3	4,7	1,7	2,0	2,7	4,3	3,3	2,7	3,7	5,3	3,7	2,7	2,0	4,3	3,7	6,3	6,0	4,7	5,3	8,7
1979	12	7,3	6,3	7,7	5,3	8,0	4,0	7,7	7,0	7,0	10,3	8,7	6,3	3,7	4,0	6,0	9,7	7,0	10,3	3,3	5,0	4,0	7,0	2,0	1,7	3,7	1,7	3,0	6,0	5,3	6,7	5,3
1980	01	7,3	7,0	4,3	4,3	2,3	1,3	1,3	1,0	1,3	2,3	4,0	1,3	1,0	0,3	1,7	3,0	0,7	1,7	4,0	4,3	5,3	7,3	4,0	2,0	6,7	7,7	7,0	3,0	1,7	8,0	8,3
1980	02	8,0	6,3	7,7	8,0	6,0	8,3	2,7	6,3	2,7	1,7	5,3	5,3	2,7	2,0	3,0	4,0	4,0	2,3	4,7	5,3	4,0	3,7	2,7	5,0	1,0	2,7	3,0	2,3	7,0
1980	03	8,0	7,7	6,7	7,3	3,3	5,0	5,0	1,0	3,7	5,0	1,3	2,0	4,7	7,0	7,0	6,7	2,3	4,3	7,0	6,7	3,7	3,7	4,3	3,3	2,0	1,7	4,7	6,0	6,3	8,0	4,3
1980	04	4,0	9,7	9,3	8,0	6,7	5,7	3,7	5,7	6,3	6,0	4,7	2,0	3,3	2,3	2,0	2,3	1,3	5,7	11,0	7,7	3,7	8,3	9,0	3,7	3,3	2,3	6,0	3,3	2,7	4,0
1980	05	5,3	4,7	3,7	3,7	3,0	3,7	2,0	3,7	8,7	6,0	4,7	5,3	5,7	6,0	5,3	3,0	3,3	3,0	3,0	4,7	3,7	5,7	2,0	4,3	3,0	2,0	2,0	3,0	3,3	5,3	3,3
1980	06	6,3	8,3	8,3	5,0	6,3	4,3	2,0	2,0	5,7	4,0	6,0	5,3	2,0	5,3	5,3	3,7	3,3	3,7	4,0	6,0	4,0	3,0	3,7	3,7	6,3	3,7	4,0	6,0	6,3	7,3
1980	07	6,0	6,3	6,7	6,7	3,7	3,7	2,7	3,3	2,7	7,3	5,3	4,3	7,0	4,0	7,0	3,3	4,7	5,7	5,7	5,0	7,3	6,7	3,3	3,0	3,0	1,7	2,0	3,0	3,0	4,3	3,0
1980	08	2,3	2,3	3,7	3,0	3,7	6,3	3,0	3,7	4,7	2,0	1,7	5,0	5,7	2,0	3,3	2,3	3,3	1,3	1,7	6,0	10,0	9,7	7,3	6,7	4,0	2,0	2,3	1,7	4,7	5,3	7,7
1980	09	4,3	3,0	3,0	4,0	3,7	8,0	2,3	3,0	5,0	3,7	9,0	6,0	7,7	7,7	4,3	2,0	4,3	2,0	2,7	1,3	1,7	1,7	1,0	0,7	0,7	3,7	3,0	1,0	2,7	6,0
1980	10	5,3	8,3	3,0	2,7	5,3	5,0	6,0	7,0	3,0	2,0	2,7	4,7	7,7	7,7	4,7	2,7	6,7	3,7	3,7	7,0	3,3	3,3	3,7	5,7	5,7	2,3	5,3	4,0	7,7	7,7	4,7
1980	11	4,7	7,0	4,7	6,0	5,3	7,0	1,7	1,7	1,7	3,0	4,7	4,3	5,0	7,3	6,7	9,0	6,7	7,3	7,7	3,3	5,0	7,3	9,0	7,7	8,0	6,7	2,0	4,3	2,7	12,0
1980	12	5,0	7,0	8,3	6,3	5,7	7,7	4,0	6,0	10,0	9,7	10,7	8,0	7,7	8,3	7,3	7,0	3,0	4,0	1,7	3,0	4,0	4,7	8,3	6,7	7,0	6,0	3,3	3,3	6,3	7,0	10,0
1981	01	13,3	9,3	15,0	7,3	8,3	3,7	3,7	2,0	5,7	2,0	3,7	4,3	6,3	12,0	8,7	10,0	8,0	2,0	5,7	7,0	5,0	2,0	2,3	1,3	9,3	8,7	4,7	3,3	2,0	2,7	5,0
1981	02	7,7	7,7	8,7	5,7	7,3	7,7	8,7	9,3	5,0	7,7	10,0	5,7	6,7	4,0	5,3	3,0	4,0	4,3	2,7	1,3	1,0	2,0	2,7	2,7	1,7	3,3	4,0	8,7
1981	03	4,3	5,0	2,0	5,3	3,7	2,7	6,7	5,3	10,3	4,3	11,0	9,7	5,7	8,0	6,0	2,7	4,0	3,3	8,3	3,7	5,0	5,3	4,0	9,7	6,0	6,7	4,7	3,7	7,0	3,7	5,0
1981	04	3,0	6,7	3,7	2,0	2,7	1,0	1,3	4,7	3,7	4,3	3,3	3,0	4,0	4,3	2,7	6,7	5,3	4,7	3,3	1,3	7,7	7,3	3,0	3,3	4,3	3,3	9,7	6,0	8,3	9,0
1981	05	4,0	5,3	2,3	3,7	6,0	5,3	2,3	3,3	4,3	8,7	9,3	5,0	2,7	1,7	3,0	4,7	5,7	3,3	2,0	4,3	4,3	3,0	3,3	4,7	4,7	5,3	7,3	4,3	3,7	3,0	2,0
1981	06	1,7	1,0	1,7	7,0	3,0	3,3	4,0	5,0	4,7	6,0	2,3	5,7	5,3	6,7	4,3	7,7	4,0	3,7	8,0	4,0	4,0	5,7	5,7	3,7	4,0	4,7	2,7	6,7	9,0	9,0
1981	07	5,3	4,0	4,0	5,7	4,0	1,3	4,0	2,3	5,0	2,7	2,0	1,3	4,7	4,3	3,0	5,0	4,0	8,0	10,3	7,0	6,0	5,0	3,0	5,7	6,3	8,0	8,3	5,3	3,7	4,7	2,3
1981	08	5,0	2,7	2,7	2,7	2,0	2,7	3,3	4,3	2,0	4,3	5,0	2,3	1,0	1,7	2,0	4,0	4,3	3,0	5,0	7,0	5,0	6,3	6,7	7,0	4,7	6,0	6,7	5,3	4,0	3,3	1,7
1981	09	1,3	2,0	3,3	2,3	2,3	1,0	2,7	3,0	4,0	2,3	1,0	2,0	4,3	4,3	4,0	3,7	1,7	2,3	4,3	5,0	3,3	3,0	4,3	3,7	3,7	4,0	2,3	2,0	3,7	5,0
1981	10	2,3	4,0	4,0	6,0	4,7	3,3	6,7	6,3	4,3	7,3	13,3	5,7	8,7	6,3	3,0	3,0	1,7	4,3	4,0	8,3	3,3	5,0	4,3	2,3	3,7	2,7	3,0	8,3	6,7	6,7	6,7
1981	11	5,3	9,7	3,0	5,0	8,0	8,7	5,3	5,7	4,7	3,7	9,7	7,0	6,0	8,3	6,3	2,3	3,0	4,3	6,0	7,3	7,7	8,0	5,3	8,3	11,0	7,3	8,3	5,3	4,7	6,7
1981	12	5,3	6,7	5,3	11,3	8,0	7,0	7,7	10,0	9,7	4,3	6,3	5,3	6,3	6,0	4,7	6,3	2,0	4,7	7,7	7,3	3,0	2,0	1,7	3,7	3,3	3,7	1,3	2,7	2,0	2,3	5,7
1982	01	5,3	6,0	6,7	8,3	8,0	13,0	7,0	3,3	5,0	1,3	1,7	1,7	1,3	0,7	1,0	1,0	0,3	0,7	0,7	1,7	1,0	2,3	1,7	1,0	2,3	7,7	3,0	6,7	8,7	10,3	9,7
1982	02	7,0	3,3	3,0	1,0	1,3	3,0	6,0	6,0	4,3	4,0	2,0	2,3	1,7	4,0	4,3	3,0	3,3	4,7	8,0	3,3	1,7	3,7	6,3	1,3	3,0	3,0	3,3	7,3
1982	03	8,7	6,3	10,0	8,3	5,0	6,3	4,3	6,3	1,3	6,7	11,3	6,7	6,0	6,3	5,7	5,7	6,7	3,3	4,3	4,3	1,7	0,7	2,7	2,0	3,0	2,7	3,7	4,0	5,3	4,0	6,7
1982	04	3,7	5,3	5,7	3,3	4,3	2,7	7,7	9,7	10,3	8,0	8,7	6,3	4,7	3,7	3,0	3,0	4,0	7,3	5,0	6,0	4,7	4,7	2,3	4,7	5,0	7,3	5,7	5,3	5,7	7,0
1982	05	8,3	5,7	5,0	5,3	5,7	4,7	7,0	4,3	2,3	2,0	6,7	2,3	3,3	4,3	2,0	3,0	3,7	3,7	4,3	4,0	2,0	4,3	3,0	6,0	2,7	4,0	2,7	4,3	4,7	4,7	4,3
1982	06	2,3	3,3	4,7	3,3	2,0	3,0	5,3	2,3	2,0	4,7	4,3	5,0	7,3	7,0	5,7	5,3	2,7	2,3	8,0	4,3	1,7	2,3	5,7	6,7	2,0	1,7	3,7	7,3	5,7	6,0
1982	07	4,7	2,7	3,3	5,0	5,3	3,0	3,7	2,3	2,7	1,3	3,0	4,7	2,7	2,7	3,0	3,7	3,3	6,7	2,7	3,3	2,0	2,7	2,0	2,7	2,0	5,3	4,3	2,0	3,3	2,3	4,3
1982	08	2,0	4,7	5,0	2,3	2,0	2,0	1,3	1,3	1,3	4,3	2,0	2,7	7,3	5,7	2,7	4,3	4,0	5,0	4,0	4,7	6,3	5,0	3,3	4,0	6,7	4,0	4,3	4,0	3,7	1,7	2,7
1982	09	2,3	5,3	5,7	5,3	3,3	3,0	3,7	2,7	2,3	2,3	1,7	2,0	2,0	1,0	1,7	1,7	2,0	2,3	2,3	3,3	5,7	3,7	2,7	2,7	3,3	4,0	3,0	2,0	1,3	2,3
1982	10	1,7	2,7	3,7	4,3	6,7	10,7	8,7	5,7	5,0	3,7	4,0	5,7	7,0	7,0	8,7	5,7	2,3	2,0	2,3	4,7	2,3	3,7	4,3	5,7	2,3	3,3	2,0	1,0	1,7	4,0	2,3
1982	11	2,3	1,3	1,7	2,3	4,7	5,3	5,0	2,7	1,7	3,7	3,0	1,3	4,3	4,7	2,3	2,7	7,7	11,0	7,3	10,7	4,3	4,3	2,7	1,7	2,7	1,3	2,3	1,7	4,3	6,0
1982	12	2,3	4,7	1,0	1,3	2,3	3,7	2,7	2,7	6,0	10,3	7,0	5,7	1,7	1,7	12,0	10,0	5,0	4,3	4,3	8,7	6,7	4,0	1,3	2,7	4,7	6,3	8,0	9,3	7,3	4,3	4,0
1983	01	5,3	7,0	6,0	11,0	6,0	6,0	6,3	7,7	9,7	7,0	5,7	3,7	5,3	10,3	8,0	10,0	10,3	9,7	9,7	6,3	10,0	7,0	3,0	0,7	4,7	8,0	10,7	8,7	9,3	6,7	10,7
1983	02	12,0	10,3	7,7	5,7	7,0	4,0	2,3	0,7	4,3	2,3	8,0	6,0	2,7	4,3	3,0	4,3	4,7	3,0	5,7	5,3	5,3	2,3	2,3	0,7	2,0	2,3	2,7	6,0
1983	03	2,3	3,0	2,0	2,0	5,0	10,3	9,0	7,3	5,0	6,0	7,7	3,7	3,3	3,0	1,7	2,7	2,3	6,0	6,0	3,7	5,7	8,7	8,7	6,3	5,0	3,7	3,7	4,3	2,7	6,0	2,0
1983	04	2,3	3,0	4,7	2,0	5,7	7,7	6,7	8,0	5,3	1,7	4,3	7,7	5,0	6,7	6,7	2,3	4,7	4,0	2,3	4,7	4,0	6,0	2,3	2,0	2,7	4,7	6,7	2,7	4,7	2,7
1983	05	4,0	7,7	5,3	4,3	3,7	3,3	4,7	1,3	3,0	2,7	5,7	5,0	3,7	4,3	2,3	3,7	2,0	4,7	3,3	2,3	4,7	5,0	4,3	5,0	7,7	5,3	3,7	3,3	3,7	3,0	2,0
1983	06	3,3	3,7	2,3	2,3	4,7	5,0	2,3	2,7	3,3	4,3	3,0	1,3	3,0	2,7	4,3	5,3	2,7	4,3	5,7	2,3	3,7	5,0	2,3	1,7	2,7	2,3	4,0	5,0	3,0	2,3
1983	07	2,3	3,7	2,0	2,3	3,7	3,3	4,3	3,3	3,3	3,0	4,7	6,0	6,7	4,3	2,3	4,3	2,0	2,7	2,3	5,0	5,0	3,7	2,3	3,3	2,7	2,3	1,7	2,3	5,3	5,3	2,0
1983	08	7,0	6,0	8,0	5,0	7,0	2,3	1,3	2,7	2,7	3,0	2,0	2,7	7,3	4,0	2,3	3,0	2,0	2,0	2,0	2,3	1,7	2,0	1,3	4,0	2,3	1,7	2,0	2,7	3,0	1,3	2,7
1983	09	3,7	3,3	7,3	7,3	6,0	4,0	5,7	4,0	3,3	4,7	4,0	5,0	6,3	3,7	7,0	3,3	5,3	4,7	2,3	2,7	2,7	6,0	2,0	4,0	6,0	3,3	2,7	2,3	1,7	4,0
1983	10	1,3	3,7	5,3	3,0	6,0	9,0	5,7	6,3	10,3	4,7	6,3	6,7	3,7	3,0	4,7	4,7	6,3	7,7	7,3	4,3	4,3	2,3	2,0	2,0	2,3	7,7	2,7	4,3	3,3	2,0	7,3
1983	11	5,3	3,7	2,3	2,0	1,3	1,3	3,3	2,7	1,7	1,3	4,3	1,3	4,3	1,7	7,0	5,7	2,7	2,0	4,0	7,0	6,7	6,3	5,7	3,0	5,7	11,7	15,0	9,0	8,0	9,0
1983	12	6,3	2,3	1,3	1,0	1,3	4,3	7,3	4,7	3,7	6,0	5,3	2,7	2,0	2,7	2,7	5,3	2,0	2,0	3,0	3,0	1,3	2,7	6,7	5,3	9,3	8,0	11,7	10,0	5,3	5,0	10,3
1984	01	11,3	9,7	10,3	9,7	4,3	8,3	7,3	11,0	6,3	3,7	6,0	4,0	9,0	6,0	12,0	8,7	12,0	12,7	4,3	2,3	2,3	3,7	4,3	5,0	9,3	3,0	1,0	1,3	1,3	2,7	5,3
1984	02	3,3	4,3	7,0	8,7	7,3	13,3	14,7	5,3	6,7	6,0	2,7	4,0	3,3	3,0	1,3	1,3	1,0	4,3	5,0	3,7	3,3	2,3	3,3	4,0	5,0	6,0	5,3	1,3	2,3
1984	03	1,7	4,0	4,0	6,7	5,3	4,7	5,7	3,3	5,3	2,3	5,3	3,3	2,0	2,3	2,7	4,0	3,3	3,7	3,7	5,0	0,3	3,0	2,7	3,3	2,3	4,7	4,7	5,3	3,3	6,0	4,3
1984	04	2,3	2,7	5,0	2,3	2,3	1,7	2,7	4,3	3,7	3,3	1,3	3,7	1,7	1,7	2,3	3,7	5,3	3,3	2,0	2,0	2,3	1,3	5,0	6,3	2,0	8,0	10,7	4,0	1,7	5,0
1984	05	5,0	2,3	3,3	4,3	2,7	2,3	5,0	3,7	3,7	2,3	5,0	5,0	6,0	2,3	3,3	4,3	4,7	2,0	3,3	4,7	7,3	4,7	3,7	7,7	4,7	3,0	3,0	4,0	4,0	2,3	2,3
1984	06	3,0	1,7	5,3	5,3	4,3	6,0	5,3	7,0	7,7	5,0	3,3	1,3	4,7	5,7	5,3	3,7	2,3	2,0	2,0	2,0	3,7	2,3	6,7	5,3	8,7	5,7	6,7	2,7	3,0	6,0
1984	07	4,0	3,3	6,7	6,3	5,3	4,0	3,3	4,3	3,0	2,0	3,7	2,7	5,3	4,7	5,0	6,3	6,3	3,7	3,3	1,7	3,0	2,7	3,3	2,7	1,3	3,7	5,7	4,3	4,0	3,0	3,3
1984	08	3,7	2,3	2,0	2,0	4,0	2,7	3,3	2,7	2,7	2,7	2,7	3,3	2,3	1,0	1,7	1,3	2,3	3,0	2,0	1,3	1,0	1,0	2,3	1,7	2,0	3,0	1,0	1,7	3,0	3,7	4,7
1984	09	5,0	3,3	5,3	5,0	5,3	3,0	3,7	6,3	8,3	6,7	8,0	7,3	5,0	3,3	3,7	4,0	3,7	1,7	2,3	2,7	2,0	4,7	4,3	5,7	6,0	6,7	5,7	2,3	1,3	1,7
1984	10	2,0	4,7	4,0	2,3	3,3	5,3	4,3	6,7	8,7	4,3	3,7	4,0	3,0	5,7	7,0	2,7	4,0	4,7	4,7	7,3	7,0	6,0	8,0	2,0	3,0	3,3	2,0	2,7	1,3	2,0	0,7
1984	11	1,3	3,3	1,3	2,7	3,0	3,3	0,7	1,7	2,3	0,7	3,7	5,3	6,0	5,0	7,3	8,0	3,3	1,3	2,3	1,7	4,0	7,0	12,0	14,0	7,3	6,0	2,7	2,3	1,0	3,3
1984	12	4,3	3,3	2,7	1,7	2,7	2,3	1,3	2,0	7,3	9,3	8,0	2,3	1,7	2,3	1,7	2,7	3,7	2,7	3,3	4,7	6,0	4,3	1,7	4,0	2,7	0,7	1,0	1,3	0,7	3,0	2,7
1985	01	5,3	4,0	6,0	6,7	2,3	2,0	1,0	0,3	1,3	2,0	4,3	6,7	1,0	4,7	4,3	6,0	6,0	1,0	2,3	1,3	3,3	3,0	2,7	6,3	13,3	7,3	6,7	3,7	3,0	7,3	9,7
1985	02	11,3	12,7	13,7	3,7	4,7	3,7	6,0	5,0	4,3	5,3	2,7	0,7	1,0	2,0	5,0	4,3	6,3	8,3	8,7	4,0	6,0	4,3	4,0	6,3	1,7	2,3	1,7	1,0
1985	03	1,7	2,7	1,7	3,3	1,7	1,3	1,3	2,3	4,3	2,0	4,3	1,0	1,0	4,7	4,3	5,0	2,7	6,0	3,3	2,3	4,7	5,7	1,7	2,3	5,0	7,3	7,3	8,0	11,3	8,0	9,0
1985	04	6,0	7,0	5,0	3,7	3,7	3,7	6,0	6,0	6,7	3,0	6,0	5,7	8,7	4,3	6,7	5,3	3,0	1,7	2,7	6,7	3,3	4,0	6,3	6,0	5,0	3,3	6,7	6,3	9,0	11,7
1985	05	7,3	8,0	7,0	3,3	4,0	6,0	7,0	5,0	4,3	2,7	3,7	4,3	4,7	5,0	4,3	2,3	4,7	3,3	2,3	3,3	2,3	4,3	6,7	3,0	1,3	4,3	5,0	2,7	5,7	4,3	4,7
1985	06	6,3	3,7	3,0	3,7	5,3	4,3	3,7	5,0	5,3	7,0	5,3	6,0	7,3	4,3	6,0	4,7	4,7	3,3	2,3	4,3	5,0	2,3	3,3	3,3	8,0	4,0	5,7	5,0	4,0	3,0
1985	07	3,0	4,3	2,0	3,0	3,3	2,7	4,7	2,3	5,0	3,3	1,3	2,0	1,0	2,7	3,0	2,3	1,0	2,7	4,0	3,0	7,0	4,3	6,0	1,3	1,7	1,7	5,0	3,0	4,0	4,0	5,3
1985	08	3,0	4,3	3,7	4,3	6,0	4,0	4,7	6,3	3,7	4,0	4,3	2,3	2,7	1,7	1,7	3,3	3,3	2,7	4,7	5,0	5,3	2,7	1,7	1,7	2,7	2,0	5,3	2,3	1,7	0,7	2,3
1985	09	4,3	5,0	6,3	6,0	6,7	8,0	8,7	6,7	6,0	4,0	5,3	1,7	1,7	1,7	4,0	5,0	9,3	2,0	2,0	3,0	4,7	5,7	2,3	2,0	3,7	3,0	2,7	4,7	4,0	2,7
1985	10	2,3	3,3	3,0	1,0	2,0	1,3	2,7	4,3	3,3	7,0	6,3	7,0	4,7	5,7	6,3	1,3	3,0	2,3	4,0	2,0	2,7	2,3	3,0	1,7	3,0	1,3	1,0	2,0	3,0	2,7	3,3
1985	11	3,0	7,3	5,7	3,0	4,0	7,7	10,3	3,0	5,7	13,0	8,3	6,0	2,3	6,0	2,0	2,3	2,0	5,7	8,3	6,0	3,7	3,3	1,3	5,3	2,0	1,7	4,0	6,3	6,7	1,7
1985	12	0,7	6,3	6,3	5,3	2,0	9,3	5,0	2,7	3,0	4,3	2,7	5,3	3,3	7,0	9,3	7,0	8,7	5,0	8,7	8,0	5,3	0,7	2,0	3,0	3,3	7,0	7,3	2,7	4,7	2,3	1,7
1986	01	2,7	3,7	4,7	6,3	4,7	2,0	2,7	1,3	2,7	4,0	8,0	7,7	8,7	9,0	12,3	6,7	5,7	11,3	11,7	11,7	4,3	7,0	9,3	6,0	7,0	7,0	7,3	5,0	5,3	9,7	9,7
1986	02	9,0	5,0	7,7	6,0	6,0	2,3	5,7	4,3	5,7	2,0	4,7	3,7	3,0	5,3	7,0	6,3	4,3	2,3	4,0	4,0	1,0	2,0	2,7	0,7	0,7	1,3	2,7	3,7
1986	03	7,3	5,3	1,0	7,0	6,7	3,0	1,7	4,0	2,0	2,0	3,0	4,3	4,7	1,7	3,3	7,0	5,0	4,0	4,3	2,0	3,7	5,0	8,3	8,0	8,0	6,0	7,7	8,0	5,0	6,3	9,7
1986	04	9,7	3,7	3,0	3,0	3,3	3,0	3,0	2,7	5,0	10,0	6,7	4,0	2,0	5,3	5,7	4,3	3,7	3,3	6,0	6,3	6,7	6,0	3,0	2,7	3,3	2,0	5,0	3,7	4,7	7,7
1986	05	4,3	4,3	4,3	4,7	5,3	6,0	3,7	6,3	5,3	5,3	5,3	3,3	1,3	2,7	4,7	3,0	2,0	2,7	2,7	3,3	2,7	5,0	2,7	5,0	3,3	3,7	4,0	5,7	4,3	7,3	4,3
1986	06	3,3	2,0	5,3	6,0	4,0	7,7	11,0	6,3	3,0	4,3	3,7	8,7	7,0	4,7	3,3	5,0	3,0	2,3	4,0	3,0	5,7	2,7	3,7	3,7	3,0	5,3	4,7	4,3	6,0	4,0
1986	07	2,7	2,0	2,3	2,3	4,3	6,0	3,7	4,7	5,7	5,7	5,0	3,7	4,0	3,7	2,3	1,0	1,7	6,0	5,0	1,3	2,0	3,7	5,3	8,0	7,3	5,7	1,3	2,3	3,3	1,3	2,3
1986	08	4,3	2,0	3,7	4,0	5,7	3,0	2,3	3,0	1,3	2,0	3,7	2,3	4,7	3,0	3,3	4,7	3,3	3,0	3,7	7,3	4,3	4,0	4,7	2,0	3,7	3,0	4,7	2,3	6,3	7,3	6,3
1986	09	5,0	8,3	7,3	8,3	4,3	5,3	5,0	4,3	3,3	1,7	2,3	1,3	1,7	6,3	4,3	4,7	2,3	4,0	2,0	2,3	5,7	4,0	4,0	4,3	2,7	2,0	1,0	1,7	4,7	2,7
1986	10	2,3	4,3	2,3	3,0	2,3	2,0	4,0	5,7	1,3	2,3	2,0	4,3	4,7	2,0	2,7	1,0	3,0	3,0	5,3	9,0	11,7	12,3	8,7	6,7	5,7	5,0	3,3	3,7	5,0	2,0	6,3
1986	11	6,7	6,7	4,0	4,7	8,3	10,0	5,3	5,0	3,7	2,7	2,3	1,3	2,3	3,0	2,7	1,0	1,7	5,7	5,7	5,0	6,0	6,3	4,0	6,3	6,7	3,3	5,3	2,3	1,7	2,3
1986	12	4,0	6,0	7,3	10,0	5,7	6,7	1,7	4,0	4,7	2,0	3,0	2,3	4,3	2,0	2,7	10,0	8,0	9,7	17,7	9,3	7,0	6,0	8,3	6,7	4,7	5,3	8,3	10,7	15,3	4,3	10,0
1987	01	6,0	10,7	4,3	8,0	11,7	9,0	6,3	10,0	7,3	4,0	9,0	7,7	3,7	2,0	6,7	2,3	2,3	3,0	1,3	1,0	0,7	3,7	9,3	4,3	10,0	9,3	4,7	9,7	6,3	3,3	1,0
1987	02	0,7	0,3	1,7	1,7	2,3	11,0	10,3	8,3	6,7	5,0	3,0	2,0	3,0	2,3	2,7	3,7	2,7	4,0	4,0	7,0	3,7	7,3	7,3	2,0	2,7	1,7	4,0	3,0
1987	03	3,3	7,0	5,0	2,0	2,3	4,0	7,0	2,0	4,3	3,3	2,7	3,3	4,0	2,0	5,7	6,3	6,0	9,3	5,3	5,3	6,0	5,3	5,0	7,7	3,7	5,3	7,3	8,0	6,3	4,3	4,7
1987	04	3,0	3,0	6,0	6,0	9,0	7,0	4,3	5,7	1,7	5,0	6,7	5,3	5,3	2,7	2,7	3,7	5,0	4,3	2,7	7,3	6,0	4,7	1,3	1,3	2,3	4,7	3,7	3,3	5,0	1,7
1987	05	3,3	2,0	4,3	4,3	7,3	8,0	4,3	5,3	4,7	8,0	3,7	7,7	2,7	5,0	6,7	2,7	4,0	3,0	4,0	4,0	4,0	6,0	6,3	2,7	1,0	1,0	3,7	5,3	1,7	5,0	0,7
1987	06	3,3	4,3	5,7	4,0	5,0	4,7	5,3	4,0	1,7	2,7	3,0	2,7	4,0	4,3	4,3	6,0	5,7	5,3	4,7	2,0	3,7	2,3	4,0	4,7	5,3	3,7	3,0	4,3	1,7	2,7
1987	07	4,3	3,0	2,0	2,0	5,0	4,3	3,0	4,7	4,3	5,0	4,0	5,3	3,7	2,7	1,3	3,0	3,0	4,3	5,0	4,3	2,7	2,7	3,0	4,0	4,3	5,0	6,3	6,7	4,0	4,3	5,3
1987	08	8,0	5,0	7,0	4,3	6,0	5,3	2,7	5,3	1,3	7,0	3,3	2,0	3,3	5,0	6,3	4,3	3,3	4,7	4,0	1,7	1,7	4,0	2,7	3,7	5,7	5,7	2,0	7,0	6,7	2,7	4,3
1987	09	1,7	2,0	2,0	1,7	1,3	6,0	6,3	3,0	3,3	4,3	5,0	7,0	7,7	9,0	4,7	2,0	2,0	5,7	1,3	5,0	2,7	1,7	2,3	6,3	3,3	3,3	5,3	4,3	3,3	2,7
1987	10	4,3	3,7	7,0	5,0	3,3	3,0	4,3	4,0	5,7	5,7	4,0	7,0	3,7	4,0	4,3	2,7	4,7	4,0	1,0	3,3	4,0	2,3	2,3	3,7	2,0	2,7	4,3	6,3	5,3	3,3	3,3
1987	11	2,7	2,7	5,0	3,0	4,0	4,7	4,3	4,0	1,0	1,7	5,7	4,7	5,3	8,7	6,0	7,0	7,3	7,0	8,7	9,3	3,0	4,3	2,7	4,7	5,7	1,3	5,7	3,3	1,0	2,7
1987	12	2,0	2,3	2,7	4,0	4,0	3,0	6,7	1,3	1,0	8,0	7,7	2,7	4,0	1,3	1,7	2,3	2,0	7,0	6,7	7,0	6,7	4,7	4,3	2,0	1,7	8,0	10,0	9,3	10,3	8,3	2,0
1988	01	6,3	11,7	9,7	12,0	7,7	5,0	6,3	5,3	1,7	1,7	3,0	2,3	3,0	4,7	3,3	3,0	1,7	2,7	3,3	3,7	1,0	4,7	7,0	4,7	5,0	4,7	6,3	2,3	2,0	5,0	6,7
1988	02	6,0	8,0	8,3	3,3	4,0	7,0	2,7	7,3	9,0	9,0	8,7	3,0	3,3	2,3	2,7	2,3	8,7	6,7	7,0	4,7	4,7	5,7	6,0	5,3	7,0	3,3	9,7	9,7	8,0
1988	03	8,3	5,3	5,3	6,3	2,3	8,0	7,7	9,0	5,7	7,0	8,0	8,3	6,0	3,0	3,7	8,7	7,7	4,3	2,0	3,3	2,7	5,0	6,3	5,3	8,0	6,3	6,0	5,0	3,3	4,0	3,7
1988	04	4,7	4,7	2,0	3,7	5,3	5,3	4,7	3,0	3,7	5,0	5,3	1,7	6,0	3,0	3,0	4,7	3,3	2,3	2,7	4,3	3,7	4,3	6,7	2,7	3,0	3,3	5,3	5,7	2,7	3,0
1988	05	4,7	3,3	4,0	5,3	3,0	4,0	4,3	5,3	5,7	3,3	5,0	7,0	6,0	5,3	4,7	3,3	3,0	2,0	3,3	5,0	4,7	3,0	2,0	1,3	1,3	4,0	4,7	4,0	3,7	3,7	5,3
1988	06	5,0	5,0	3,3	2,7	5,7	2,7	2,7	2,0	3,0	2,0	4,3	3,3	2,7	4,3	1,7	4,0	4,0	2,3	4,7	4,7	3,0	6,0	4,3	3,0	1,7	2,3	2,7	1,3	2,0	1,3
1988	07	4,7	3,3	5,7	2,0	4,3	4,7	2,7	3,0	5,7	2,7	2,3	3,7	2,7	5,0	6,0	4,7	5,3	4,7	4,3	3,0	2,0	3,7	2,3	5,7	2,7	1,3	3,0	3,0	3,0	4,7	2,0
1988	08	1,7	4,0	3,0	2,0	4,3	3,7	1,7	0,7	1,3	3,3	6,3	3,7	4,3	1,7	4,0	2,7	1,7	2,0	3,3	4,3	5,3	2,3	3,3	3,0	4,7	7,0	3,3	2,7	4,0	4,0	2,3
1988	09	4,3	4,7	7,0	6,0	4,3	4,3	5,0	2,3	1,7	2,0	4,3	4,0	5,7	3,3	3,3	3,3	4,3	5,3	4,3	2,0	1,7	3,3	4,3	10,0	8,3	8,0	6,3	6,0	3,7	4,7
1988	10	3,0	3,0	4,0	3,3	4,3	6,7	7,7	10,3	5,7	7,0	3,7	3,3	1,7	1,3	1,0	2,3	1,0	1,3	3,0	4,3	1,3	0,7	3,0	3,3	4,3	3,7	4,0	1,0	4,0	3,3	6,0
1988	11	6,0	6,7	4,7	2,0	1,7	1,7	2,7	1,7	2,3	2,3	2,0	1,7	5,3	5,0	3,7	1,7	3,3	7,3	4,7	2,7	8,0	3,3	7,0	7,3	7,0	4,7	5,3	6,3	11,3	3,7
1988	12	3,7	4,7	3,0	6,7	8,7	8,0	7,0	6,0	6,7	5,7	9,3	9,7	6,3	9,0	6,0	3,3	6,3	8,0	12,3	5,7	10,3	8,7	8,3	10,3	6,0	5,7	7,7	5,3	5,0	5,0	5,0
1989	01	4,0	3,0	0,7	1,3	5,7	3,7	6,0	5,3	4,3	6,3	4,0	2,0	6,3	5,0	9,0	5,3	6,7	6,0	2,7	1,0	3,0	3,0	2,7	0,7	2,3	3,0	0,7	1,7	1,3	5,3	5,0
1989	02	2,0	2,0	2,7	2,0	7,7	8,3	4,7	1,3	3,0	5,3	1,3	7,0	6,0	5,7	10,3	6,7	2,7	5,7	7,7	6,3	1,3	3,3	4,7	3,0	5,7	7,7	8,0	8,3
1989	03	7,7	8,0	3,7	3,7	2,3	3,0	1,7	5,7	4,7	2,0	2,7	3,3	5,3	5,7	7,7	5,3	6,7	3,7	1,3	4,7	6,3	7,7	7,0	11,0	5,3	3,7	2,0	3,0	3,7	4,3	1,7
1989	04	3,3	3,3	6,0	6,3	7,7	2,7	5,0	3,0	3,7	2,0	2,7	5,7	8,3	4,3	5,7	1,7	6,7	3,7	4,3	2,0	2,7	8,0	4,0	4,7	5,3	3,3	5,0	5,7	5,0	6,0
1989	05	6,3	5,0	4,3	4,3	4,0	10,3	6,7	3,3	3,7	4,3	3,7	5,3	3,3	4,0	4,7	2,3	1,3	3,7	2,3	5,0	4,7	6,7	5,7	4,3	5,0	4,3	3,3	2,3	2,0	4,3	2,7
1989	06	1,7	5,0	2,7	4,3	3,0	4,0	4,0	5,3	1,7	2,0	1,3	4,7	5,3	5,0	4,7	5,7	5,3	4,7	6,0	3,7	4,3	2,0	3,3	3,3	1,3	3,0	3,3	5,0	3,7	3,3
1989	07	2,7	2,7	5,0	4,3	3,3	1,7	2,3	4,7	4,0	2,3	5,7	3,7	2,0	4,7	6,0	6,3	4,7	8,3	4,3	3,0	1,7	2,3	2,0	2,3	3,0	2,0	3,3	4,0	1,7	3,7	7,0
1989	08	4,3	5,3	6,0	5,3	3,3	1,0	2,7	4,0	4,0	3,0	5,3	5,3	3,3	5,3	3,0	4,7	3,7	1,7	3,0	2,0	2,7	2,3	3,3	4,3	5,7	1,7	4,3	9,0	9,0	4,7	2,3
1989	09	1,0	4,0	5,0	5,0	3,3	1,7	2,7	3,7	3,0	2,0	4,3	3,7	3,0	6,7	9,3	6,3	2,3	2,7	2,0	2,3	4,3	1,7	0,7	3,3	1,3	2,3	5,3	5,3	4,3	5,7
1989	10	4,0	8,3	6,3	2,7	1,7	5,3	6,0	2,7	3,3	4,3	8,7	7,3	8,0	7,7	5,0	5,3	4,7	2,3	1,7	3,7	5,7	4,7	1,0	4,7	6,0	5,3	3,3	2,7	5,7	10,0	6,7
1989	11	3,0	6,7	1,7	3,3	3,0	1,7	5,0	3,3	5,3	1,3	1,0	0,3	2,0	1,7	5,7	4,0	4,3	5,0	2,3	3,0	2,3	3,7	7,7	9,3	4,7	14,3	9,3	5,7	1,3	0,3
1989	12	0,3	0,0	0,3	2,7	2,7	7,0	5,0	4,7	5,3	3,0	6,3	6,0	8,0	7,7	12,3	8,7	7,7	6,7	8,7	6,7	8,0	5,0	7,7	6,3	1,7	4,7	3,3	2,3	0,7	1,3	3,3
1990	01	3,3	2,0	3,3	2,0	3,0	3,3	2,0	1,3	4,7	4,0	6,7	2,7	5,7	1,3	7,7	11,3	6,3	6,7	7,3	10,3	9,3	6,7	6,0	14,3	10,0	12,3	9,3	5,0	4,7	0,3	1,3
1990	02	1,3	3,7	7,0	10,0	4,7	1,7	5,0	12,7	8,0	6,3	8,0	5,7	4,7	11,0	7,0	8,7	4,0	5,7	4,0	5,3	3,7	2,0	2,0	4,0	5,3	14,7	9,7	10,3
1990	03	16,3	8,3	7,7	11,0	9,3	11,3	8,0	5,0	9,7	7,7	8,3	5,0	2,7	0,7	2,0	3,3	2,3	1,7	2,3	8,0	6,3	6,0	5,3	7,0	6,3	1,7	4,0	4,3	6,3	4,3	3,7
1990	04	4,0	3,0	5,7	4,7	1,7	5,0	3,3	6,3	5,0	3,0	7,0	4,7	3,7	3,7	5,0	6,0	3,7	3,0	3,0	4,7	2,7	3,0	4,7	6,3	5,3	5,0	8,3	6,7	3,3	3,7
1990	05	3,3	5,3	3,0	3,0	2,7	3,0	2,3	1,3	3,0	3,0	4,7	5,3	4,0	3,3	2,7	4,0	4,0	3,3	1,3	4,3	2,0	1,7	2,0	4,0	6,3	4,0	2,7	4,3	5,7	2,3	2,0
1990	06	2,3	6,0	4,7	6,0	5,0	2,3	3,7	4,7	4,0	6,7	3,3	2,3	4,7	3,7	2,3	2,0	2,7	2,7	3,7	4,0	4,3	6,0	6,0	5,0	2,0	1,7	4,7	4,7	2,3	4,7
1990	07	5,3	5,3	3,3	6,7	7,7	7,0	5,7	4,7	7,3	4,7	4,3	2,0	2,7	5,0	2,0	5,3	7,0	6,3	5,0	4,7	4,7	5,0	4,3	5,0	3,7	1,7	0,7	1,3	2,7	3,3	1,7
1990	08	3,3	4,0	3,3	2,7	4,7	3,7	3,7	2,3	2,7	5,0	3,3	3,7	3,3	5,3	4,3	4,7	4,7	4,0	3,3	7,0	10,3	5,7	5,0	1,7	2,3	2,3	2,7	3,0	1,3	2,3	2,3
1990	09	6,7	4,7	5,0	3,7	6,3	3,7	6,7	6,3	5,7	5,3	5,7	3,7	4,0	2,7	4,3	2,3	1,3	6,0	7,0	5,7	7,0	6,3	4,7	4,0	6,7	1,3	4,7	5,0	4,0	5,0
1990	10	6,0	2,7	2,3	3,0	6,3	8,3	4,7	6,3	3,7	4,7	2,7	1,7	0,7	1,7	4,0	1,7	2,3	3,7	0,7	4,7	4,0	2,7	5,3	3,7	3,3	0,7	1,7	4,0	6,7	9,0	7,0
1990	11	8,7	5,7	5,7	6,3	4,7	3,7	5,7	4,0	2,3	1,0	2,0	3,7	4,0	5,3	5,3	12,0	13,7	7,7	7,0	5,7	6,3	4,3	4,3	2,3	3,3	4,3	4,0	4,3	6,0	8,0
1990	12	4,3	3,7	7,0	8,0	8,7	3,0	1,7	0,3	5,0	4,7	7,0	7,0	3,7	5,7	4,3	7,0	3,0	3,0	4,7	9,7	10,7	3,7	3,3	6,7	7,3	6,0	7,7	7,7	7,7	6,7	3,7
1991	01	6,7	10,0	8,7	8,3	7,3	11,0	4,7	5,3	8,7	10,0	6,7	3,3	4,3	4,0	3,7	4,3	1,3	1,3	1,0	3,3	4,0	2,0	1,3	3,7	1,7	3,0	2,7	2,3	4,7	5,0	3,3
1991	02	3,7	3,0	2,0	4,3	4,3	5,3	4,7	2,7	2,3	2,3	6,0	2,0	3,7	5,0	8,3	8,3	5,0	3,7	2,3	2,7	1,7	4,3	6,0	3,7	1,7	3,0	2,7	4,0
1991	03	5,0	2,3	1,7	2,3	1,7	3,3	5,3	3,7	3,7	1,3	3,3	0,7	1,0	1,3	2,3	2,7	3,7	2,0	8,0	8,0	5,0	5,7	2,3	4,7	7,0	5,3	3,3	4,3	4,3	3,0	4,0
1991	04	3,7	7,0	3,7	3,3	2,3	3,3	3,3	6,0	6,3	3,7	2,3	2,7	3,0	1,7	2,0	9,3	5,7	6,3	5,3	5,0	3,7	5,0	2,7	2,0	3,3	2,7	2,0	2,0	2,3	4,7
1991	05	5,3	3,3	3,0	1,7	1,7	3,7	1,7	3,0	3,0	5,7	3,0	5,7	3,7	7,0	7,3	4,0	5,7	8,3	7,3	5,7	6,3	8,7	7,3	4,7	4,3	5,7	2,7	5,3	3,3	2,3	2,3
1991	06	4,7	3,7	4,3	4,7	4,7	2,7	3,3	4,0	4,0	7,0	7,0	5,0	6,7	7,3	6,0	5,7	5,0	7,3	4,7	1,7	2,7	2,3	5,0	6,0	1,7	4,0	4,3	8,3	6,7	3,0
1991	07	2,0	3,0	3,3	3,3	2,7	2,3	3,0	2,0	4,0	3,0	1,7	2,3	3,7	4,0	3,3	4,3	2,0	2,7	6,0	5,3	2,3	2,7	1,0	3,0	3,0	3,0	4,3	6,0	4,0	4,7	1,7
1991	08	3,7	5,7	4,7	4,3	3,0	1,7	2,0	4,0	4,3	4,3	4,7	3,3	2,7	2,7	2,0	3,7	4,3	4,3	6,0	6,0	2,3	3,3	2,3	3,3	2,7	3,0	3,7	2,3	4,0	2,3	1,0
1991	09	3,7	3,3	2,3	2,3	5,7	5,0	6,3	3,3	1,7	2,7	5,7	2,0	1,7	2,0	2,0	4,0	5,7	3,0	2,3	3,3	2,3	4,0	5,7	6,3	2,7	3,0	5,0	4,0	2,7	2,3
1991	10	6,0	9,3	3,0	3,0	2,7	1,0	1,7	5,0	3,3	1,7	3,3	6,0	3,3	2,7	0,7	4,3	9,0	10,0	6,3	6,0	1,3	3,7	5,3	5,3	3,3	3,3	4,0	2,7	2,3	3,7	5,0
1991	11	2,0	3,0	7,0	6,7	8,0	4,7	12,0	10,0	5,7	7,0	7,7	6,3	5,3	1,7	5,3	3,0	6,3	4,7	1,7	4,0	6,0	3,0	2,0	2,3	1,7	1,7	3,7	1,3	0,7	2,7
1991	12	3,3	1,7	2,0	6,7	6,7	6,7	5,3	2,7	1,7	0,7	0,3	2,7	1,3	7,7	3,3	2,0	1,0	8,7	8,7	6,7	7,0	3,3	10,0	9,3	4,3	11,7	8,7	4,0	5,3	5,7	4,7
1992	01	7,0	9,0	5,7	9,3	7,3	10,3	5,3	2,7	4,0	5,0	2,7	6,0	2,3	8,0	6,0	7,7	7,7	7,0	7,3	7,3	4,0	6,0	3,3	1,7	1,3	3,7	2,7	2,3	3,0	4,7	4,3
1992	02	1,3	2,0	10,0	8,0	6,3	8,0	5,0	5,0	2,3	7,0	9,0	5,0	4,7	7,7	10,0	12,0	4,7	6,3	7,7	5,3	5,3	6,0	11,3	4,0	2,0	1,3	2,0	1,7	1,0
1992	03	1,0	5,7	11,3	3,7	3,0	5,0	4,3	5,7	1,7	4,3	8,0	11,7	14,0	7,0	9,7	6,7	2,0	2,0	3,0	6,0	7,7	8,3	5,0	6,0	6,0	4,3	4,3	7,3	4,3	4,0	5,7
1992	04	6,7	3,3	3,7	2,7	6,3	3,7	2,7	4,0	3,0	4,0	3,0	4,7	5,3	8,3	10,0	8,3	5,7	8,3	9,0	7,7	2,3	3,7	5,0	3,7	5,3	4,7	5,3	5,3	7,3	2,0
1992	05	4,3	3,7	5,0	3,7	1,7	2,0	5,0	9,0	6,7	7,0	5,7	5,0	3,0	3,7	3,3	4,3	6,0	5,3	4,3	4,3	4,3	2,7	4,7	4,3	4,3	6,0	3,7	3,7	4,3	2,0	3,0
1992	06	5,7	6,7	3,7	3,7	5,7	3,3	3,0	2,7	2,3	4,3	2,7	5,7	7,0	5,0	2,0	2,7	5,3	1,3	3,3	3,7	3,7	2,3	4,7	2,3	2,7	2,0	2,0	2,3	3,0	3,3
1992	07	2,7	4,7	2,3	1,3	3,7	2,0	4,3	3,7	3,7	5,3	3,7	3,3	4,3	5,7	3,7	1,0	2,0	7,0	2,3	2,0	3,7	3,7	2,7	2,0	2,0	2,3	3,3	5,3	1,7	4,0	4,0
1992	08	3,0	3,3	4,3	4,3	1,3	2,0	2,7	2,3	4,3	5,7	5,7	5,3	7,7	6,3	3,7	2,0	4,7	2,7	3,7	3,0	3,3	1,7	4,3	5,3	5,7	4,0	5,7	2,3	5,3	2,7	4,0
1992	09	9,0	6,7	9,7	8,0	8,0	7,7	5,3	5,3	3,0	3,7	1,7	3,0	2,7	4,3	5,7	6,0	3,3	1,7	2,7	2,0	3,0	6,0	1,3	2,3	3,7	2,3	2,3	3,7	3,0	1,7
1992	10	1,3	1,3	5,3	8,0	6,3	3,0	4,7	3,3	4,0	4,7	3,0	3,7	2,3	3,3	7,3	5,3	2,7	4,0	4,7	2,0	4,0	7,7	7,3	6,0	5,3	10,7	4,0	7,0	7,0	2,0	2,3
1992	11	2,0	4,3	5,7	7,0	6,3	4,7	3,7	3,7	3,7	2,3	8,0	6,7	5,3	7,0	2,0	3,7	5,0	9,3	10,3	7,7	6,7	1,7	1,7	1,3	6,0	9,7	3,3	5,3	2,0	2,0
1992	12	2,0	4,7	3,3	8,3	2,0	2,3	2,0	2,3	2,7	3,0	3,7	8,3	8,0	9,3	1,3	1,3	1,7	3,7	3,0	1,3	1,3	3,0	4,0	1,7	1,7	1,0	4,7	0,7	1,3	1,0	0,3
1993	01	1,3	1,7	1,3	3,3	2,3	3,7	5,3	5,0	3,3	7,7	11,0	11,7	6,7	11,3	4,7	9,7	3,0	8,0	7,0	11,7	10,7	15,3	9,7	16,3	13,0	14,3	7,0	4,0	4,7	1,0	0,0
1993	02	1,3	1,7	0,7	1,3	2,7	8,0	1,3	1,7	1,7	0,7	1,0	0,7	1,0	2,0	1,3	3,3	11,0	5,7	12,7	9,0	11,0	5,3	6,3	9,3	3,7	3,3	4,0	2,3
1993	03	9,3	7,3	4,7	6,7	4,3	6,0	6,7	3,0	2,3	4,7	3,3	2,0	3,0	2,3	4,7	8,7	9,7	9,0	6,7	5,3	4,3	3,7	4,7	3,0	6,3	6,7	3,3	6,7	9,0	5,0	2,7
1993	04	4,0	4,7	2,7	1,3	6,3	6,7	8,3	7,0	5,7	2,3	3,7	1,7	2,0	1,0	5,0	3,3	4,7	9,3	7,3	2,0	3,7	3,7	2,3	6,7	6,7	5,7	6,0	4,0	6,3	6,0
1993	05	4,3	2,0	5,7	6,7	4,0	4,3	1,7	3,3	4,0	3,7	5,7	5,7	4,0	2,3	4,0	3,7	5,3	5,3	3,3	4,0	4,0	5,3	3,7	1,3	1,3	2,0	4,0	6,3	5,3	2,3	5,7
1993	06	3,7	3,3	3,3	6,0	2,7	1,7	4,7	2,3	4,0	5,7	3,3	7,0	7,3	5,0	4,3	4,7	6,3	4,7	4,0	2,3	2,3	1,7	3,0	7,7	7,3	5,7	3,3	5,3	1,7	5,0
1993	07	1,7	1,7	4,0	3,7	4,0	6,3	7,3	3,0	3,3	4,7	5,7	6,3	4,0	4,7	5,0	6,0	5,7	3,7	5,7	6,3	5,7	5,3	7,3	5,3	5,7	6,7	6,3	6,7	3,7	2,7	5,0
1993	08	3,3	3,7	4,0	3,3	4,7	5,7	3,3	2,0	2,0	6,7	4,7	6,0	3,3	2,0	1,7	1,7	6,3	2,3	1,7	3,7	3,3	4,3	3,7	2,3	1,3	2,3	3,7	6,0	3,0	8,7	7,3
1993	09	6,3	4,7	5,7	5,7	4,0	3,0	2,7	4,3	3,0	3,7	3,7	3,0	4,0	4,3	7,7	8,7	6,7	1,7	3,7	1,7	3,0	4,3	1,7	2,3	2,3	6,3	4,3	2,3	3,7	2,7
1993	10	5,3	5,7	6,7	4,7	4,3	1,7	2,3	3,7	5,7	5,0	3,3	5,3	6,0	6,0	7,0	1,3	3,0	4,0	1,7	2,7	3,3	5,7	6,7	7,3	2,0	2,3	1,7	0,7	2,7	2,7	1,0
1993	11	2,0	2,3	2,0	1,0	4,0	6,7	1,7	3,0	2,3	2,7	3,7	3,3	3,0	7,0	8,3	8,7	3,3	2,7	1,3	4,3	3,3	4,0	3,7	1,7	2,3	5,0	4,0	2,3	1,0	1,0
1993	12	4,0	8,3	8,0	5,3	4,0	4,7	4,7	7,3	12,7	7,0	10,3	9,3	9,7	8,0	5,7	6,7	7,3	7,3	11,3	4,3	9,0	13,3	10,0	4,0	7,0	7,7	4,7	4,0	3,7	7,7	12,0
1994	01	6,3	9,0	9,7	6,3	8,7	4,3	1,3	2,7	0,7	2,0	5,0	6,0	9,3	9,7	7,0	2,0	6,3	9,3	6,3	3,7	4,3	9,7	15,3	9,3	7,0	9,7	15,7	15,0	9,3	12,7	11,3
1994	02	4,0	6,0	3,0	4,0	3,3	2,3	2,0	2,3	4,7	5,0	4,3	4,7	8,3	6,7	6,3	4,7	3,3	2,0	2,7	3,0	2,0	2,0	5,0	2,0	3,0	2,7	1,3	3,0
1994	03	1,3	7,3	7,7	8,3	3,7	4,0	9,0	7,0	6,7	5,0	3,0	2,7	10,7	14,7	15,0	9,7	14,3	7,0	14,7	7,0	2,7	3,0	11,3	10,0	9,0	8,0	4,0	4,0	6,7	2,7	4,0
1994	04	9,3	6,0	2,7	9,7	7,3	3,3	4,3	2,3	7,7	2,7	5,0	4,0	3,0	8,3	3,0	5,7	7,7	7,3	1,7	3,0	2,3	1,7	3,3	3,0	2,7	5,0	3,7	3,0	2,0	4,3
1994	05	8,3	2,3	5,0	3,0	5,7	3,0	4,0	4,7	2,0	4,3	3,3	3,7	2,7	5,7	7,3	3,0	5,0	5,0	6,7	4,3	3,0	6,3	4,7	2,7	2,3	3,7	6,3	1,7	2,0	4,7	4,7
1994	06	3,0	3,7	7,0	8,0	3,7	4,7	4,7	4,0	4,0	3,7	4,0	5,3	5,3	3,7	5,3	7,3	3,0	5,3	6,0	3,7	2,0	6,7	4,3	2,0	2,3	1,7	3,0	4,7	2,7	4,3
1994	07	2,7	2,7	1,7	6,7	5,0	2,0	5,7	7,0	5,0	6,0	4,3	5,7	3,3	0,3	1,7	2,7	2,0	2,3	4,7	2,0	3,3	2,3	3,7	3,0	3,3	3,0	4,0	1,3	2,0	2,3	3,0
1994	08	2,7	4,3	5,3	3,0	1,7	5,0	2,7	2,7	3,0	3,3	9,0	7,3	10,0	5,3	4,3	1,7	5,0	9,3	9,0	4,0	1,7	2,7	0,7	2,0	5,7	5,0	3,7	6,7	4,0	2,3	3,0
1994	09	4,3	2,3	3,7	3,7	6,0	3,0	3,3	4,3	7,3	7,0	8,3	5,7	3,0	3,0	9,3	9,7	6,7	5,7	2,0	1,7	4,3	1,0	2,7	2,7	1,7	1,3	4,0	4,0	3,7	1,0
1994	10	2,7	3,0	6,3	4,3	6,0	3,3	3,7	2,0	4,3	2,7	0,7	1,7	1,7	2,7	1,3	1,3	3,3	3,0	7,7	6,7	8,7	7,0	2,3	2,0	5,0	7,0	5,3	3,7	4,7	11,3	11,0
1994	11	7,7	2,3	5,0	5,7	6,0	2,3	2,7	1,3	1,7	1,7	4,7	4,0	2,3	7,7	10,3	8,0	6,7	5,3	3,0	6,7	4,7	2,0	1,7	8,3	7,3	4,3	1,7	5,0	7,0	3,3
1994	12	3,3	2,3	0,7	1,0	5,3	7,0	4,0	5,0	6,7	2,3	11,7	13,3	7,0	8,3	5,0	9,3	6,3	2,7	1,0	1,7	1,0	6,0	3,7	0,7	1,3	7,7	12,7	11,0	5,3	10,7	9,0
1995	01	9,0	9,7	6,0	2,7	1,0	1,3	2,7	2,3	8,3	11,3	8,3	8,0	6,7	5,7	4,0	2,0	3,0	3,7	4,7	5,7	3,7	11,0	13,3	11,3	5,7	8,3	10,7	9,7	11,7	9,3	5,0
1995	02	7,3	6,0	2,3	10,0	8,7	8,7	11,0	11,0	3,7	3,0	6,7	8,7	4,3	5,0	6,7	9,3	9,7	5,3	9,0	7,7	5,3	4,3	7,3	4,7	5,3	3,0	4,0	13,0
1995	03	6,0	5,3	4,7	2,7	5,0	6,7	5,0	4,0	4,0	2,0	4,7	4,3	6,3	6,3	6,3	7,7	11,0	10,7	7,7	9,3	8,3	6,0	5,0	6,7	10,0	8,3	9,0	11,0	6,7	6,3	5,3
1995	04	8,0	9,7	9,0	6,7	2,0	7,7	11,0	12,0	8,3	3,7	3,3	4,7	7,7	6,3	3,7	5,3	9,0	9,7	7,0	4,7	3,0	7,0	5,0	6,3	5,7	3,3	6,0	3,0	1,7	3,0
1995	05	4,3	3,0	2,0	3,7	2,3	4,3	4,0	4,0	6,0	2,0	3,0	3,7	10,3	10,0	3,3	2,0	5,7	6,7	3,0	3,3	4,0	2,7	1,3	1,3	1,7	2,0	5,0	2,3	2,3	2,3	3,0
1995	06	3,3	3,0	2,0	2,7	1,7	3,7	3,7	2,7	4,7	1,3	3,7	3,3	4,3	1,7	4,0	4,3	6,0	6,7	2,3	1,7	3,0	7,7	4,0	3,0	6,0	5,7	6,0	5,3	3,0	2,0
1995	07	3,7	2,0	4,0	4,0	3,0	1,0	1,7	2,0	2,3	3,3	4,0	2,0	1,7	2,3	3,7	4,7	2,7	6,0	5,0	2,0	2,7	6,3	5,3	0,3	1,7	3,7	2,7	4,0	3,0	4,0	3,3
1995	08	3,3	3,3	3,7	2,7	2,3	1,3	2,0	2,7	3,7	1,3	2,7	2,0	3,0	1,7	4,3	2,3	3,3	4,7	2,3	2,0	3,0	3,3	4,0	2,7	3,7	6,7	5,0	4,7	7,3	5,7	8,3
1995	09	8,0	3,7	5,0	6,3	4,3	2,3	3,3	5,0	8,7	3,0	2,0	3,0	5,0	4,7	3,0	2,3	1,0	3,7	6,0	3,7	4,3	2,3	2,7	3,0	2,3	7,3	8,3	7,7	7,3	8,3
1995	10	4,3	4,0	3,7	3,3	3,0	1,7	3,0	1,0	1,3	2,0	1,7	0,3	2,0	1,3	2,3	1,7	3,0	4,3	5,3	8,7	5,0	3,3	3,0	2,0	2,3	1,7	1,7	1,3	2,0	1,7	2,3
1995	11	5,0	5,0	9,7	10,7	8,3	8,0	4,0	1,3	3,0	4,0	2,0	2,0	3,3	3,0	3,7	5,3	7,3	8,3	11,3	6,3	3,7	0,7	1,7	0,3	3,3	2,7	2,0	1,7	1,7	2,3
1995	12	2,0	2,3	4,0	4,3	6,3	7,0	4,3	3,3	1,7	0,7	5,7	5,3	3,7	6,3	2,3	3,3	4,0	4,3	6,3	5,3	2,7	1,3	8,7	2,7	2,0	4,7	5,0	1,3	2,0	4,0	4,3
1996	01	2,3	2,7	3,0	2,3	3,7	5,7	2,7	1,3	2,3	1,7	2,0	2,0	0,7	2,7	3,0	1,0	1,3	1,0	2,7	4,3	3,7	4,0	6,0	7,0	7,0	5,0	2,3	2,7	3,7	3,0	1,0
1996	02	1,7	1,3	1,0	2,0	3,0	5,7	3,0	3,0	1,7	1,7	2,3	4,0	2,7	6,0	3,0	10,3	10,3	6,3	2,7	5,7	4,0	4,3	2,0	2,7	3,7	2,7	1,3	0,7	3,7
1996	03	7,7	6,0	5,7	2,7	5,3	3,0	5,0	6,0	5,0	4,3	5,0	7,0	5,3	2,0	4,3	5,0	2,0	1,0	1,7	1,7	1,3	1,3	2,0	4,0	3,3	3,0	4,7	1,7	5,0	3,7	4,3
1996	04	3,0	4,3	5,0	5,0	2,3	2,0	1,7	2,7	4,0	2,0	3,3	5,0	6,3	6,0	5,0	2,0	1,3	1,7	2,0	2,7	2,7	3,3	2,7	4,0	2,7	1,7	3,7	1,0	3,7	2,3
1996	05	2,3	3,0	3,7	6,7	2,0	3,3	3,3	3,3	4,3	2,3	2,3	5,0	4,7	6,0	3,7	3,0	1,7	2,7	3,7	5,3	4,0	2,3	4,3	4,3	4,0	5,0	6,0	7,3	2,3	1,3	1,7
1996	06	3,0	3,0	3,3	2,3	3,0	1,3	1,7	2,0	2,0	2,0	2,3	2,7	4,3	4,3	2,7	1,3	1,7	5,3	3,3	3,3	4,0	5,3	3,7	1,7	1,3	2,3	4,0	3,7	3,3	5,7
1996	07	5,7	5,0	3,7	4,7	3,3	4,7	2,3	6,0	6,7	2,7	3,3	3,0	2,3	2,7	3,3	4,7	2,0	4,7	3,3	2,7	1,0	1,3	3,3	5,3	6,3	3,3	0,7	1,0	2,3	3,3	3,3
1996	08	3,0	2,3	3,0	3,0	3,0	1,0	2,3	2,0	3,0	3,0	2,3	4,7	4,3	2,0	2,7	4,7	3,3	3,0	3,7	3,0	1,7	1,3	1,7	2,0	2,0	2,3	1,0	4,3	3,3	2,7	2,0
1996	09	3,7	6,0	4,7	3,7	5,0	4,7	6,7	3,7	3,3	4,0	3,3	4,0	4,3	4,3	5,7	3,7	3,0	5,0	6,0	4,7	4,0	6,0	3,3	3,0	1,3	2,0	2,3	3,7	3,3	4,0
1996	10	3,0	3,7	2,3	3,0	2,7	2,7	2,0	2,3	1,3	2,0	2,3	2,3	1,3	1,0	1,7	3,7	1,7	4,0	4,3	4,0	1,7	5,3	2,3	2,0	3,0	3,0	2,0	4,3	7,3	7,3	5,0
1996	11	6,3	7,0	6,0	3,7	6,0	6,7	7,0	4,3	6,0	3,0	3,3	2,0	4,3	3,0	2,3	2,3	1,0	3,0	6,0	3,0	6,3	4,7	3,7	5,0	4,0	1,3	2,0	2,7	5,3	4,7
1996	12	3,0	5,0	4,7	3,3	1,7	1,0	1,7	2,7	4,3	4,0	3,0	2,7	1,7	3,7	9,0	1,7	2,0	2,3	3,3	5,0	1,0	0,7	3,7	1,0	2,0	3,0	1,7	1,0	1,7	1,0	1,0
1997	01	1,7	2,0	5,0	2,3	1,0	0,7	0,3	0,0	0,7	0,7	0,0	1,7	0,3	0,0	0,0	0,0	0,3	0,3	0,0	0,7	2,3	3,0	1,3	1,3	2,3	5,3	1,7	3,7	3,7	4,3	5,7
1997	02	3,3	1,7	1,7	4,7	6,3	5,3	3,7	4,7	5,0	7,0	6,7	8,7	8,7	7,7	3,7	3,3	2,7	7,3	6,0	8,7	9,0	5,7	3,0	4,0	8,3	10,0	5,3	4,0
1997	03	3,7	5,3	3,0	3,0	2,3	2,3	2,0	0,3	1,0	2,0	0,7	1,7	5,0	5,3	7,3	6,0	2,7	3,3	4,7	3,7	2,7	5,0	3,3	1,7	1,7	3,3	8,3	12,0	6,7	4,0	3,3
1997	04	2,7	2,7	5,3	7,7	8,0	9,7	3,7	2,7	2,0	5,0	10,0	7,0	2,0	8,0	7,0	5,0	4,3	5,0	3,3	4,0	1,7	2,3	3,7	5,0	6,0	2,0	3,3	5,3	6,7	6,0
1997	05	3,7	3,3	4,3	4,3	5,3	7,0	2,7	2,3	7,0	4,3	3,7	2,0	2,3	2,0	2,7	4,0	3,7	2,3	3,3	3,0	6,0	4,7	4,3	2,7	2,3	1,7	5,3	6,0	2,7	5,7	4,0
1997	06	4,0	3,0	3,3	2,3	4,0	5,0	3,3	3,7	3,7	2,0	3,0	1,7	2,3	2,7	5,0	2,3	2,0	1,3	2,3	4,3	3,0	3,7	6,3	5,3	2,3	3,0	2,0	2,3	6,3	4,3
1997	07	3,3	4,0	2,0	4,7	2,7	8,3	8,7	5,7	3,3	2,3	1,7	2,7	3,3	1,3	3,3	2,0	1,7	4,3	6,3	6,3	4,3	2,3	1,7	1,0	4,0	5,7	5,3	3,7	1,3	2,0	4,0
1997	08	3,7	2,0	1,7	1,3	2,3	3,3	2,3	1,7	1,7	3,3	4,7	3,0	1,0	2,3	2,7	2,7	3,3	0,7	2,7	2,3	3,0	1,3	2,3	2,0	2,3	2,0	1,3	2,7	4,3	4,7	2,3
1997	09	2,0	1,7	1,7	1,0	2,3	2,3	3,0	5,3	7,0	6,0	2,3	3,7	4,3	4,0	2,0	2,7	3,0	1,7	4,0	1,7	1,0	1,3	1,7	2,7	2,0	1,7	2,3	1,7	2,7	4,7
1997	10	3,7	8,0	5,7	5,7	4,0	2,7	2,3	3,7	8,3	5,0	8,3	3,7	3,7	4,7	5,3	1,3	2,3	2,3	1,3	2,7	3,3	0,7	4,3	5,3	7,7	3,3	3,0	2,0	1,3	3,0	4,7
1997	11	1,7	2,3	3,7	4,3	2,3	0,7	1,7	3,7	2,7	3,7	1,3	3,0	3,7	3,0	3,7	3,0	1,7	4,3	3,7	2,7	0,3	1,3	1,7	2,3	2,3	1,3	2,7	1,7	2,7	1,0
1997	12	2,7	2,7	4,3	3,7	3,3	4,7	5,7	2,0	2,3	7,3	5,3	5,7	7,7	4,3	5,3	5,7	7,3	5,0	1,7	3,0	1,3	1,0	2,0	6,7	7,0	8,7	5,7	4,7	4,7	3,3	0,3
1998	01	1,0	3,3	7,7	8,3	9,3	9,0	8,3	10,3	7,3	3,7	1,3	1,0	1,3	1,7	4,7	2,7	5,7	2,7	7,3	5,7	5,7	4,3	1,7	1,7	2,3	1,7	1,0	5,0	3,3	6,7	4,7
1998	02	3,0	2,7	7,7	2,7	2,7	2,3	2,3	5,7	5,3	6,7	7,0	8,0	6,3	6,7	6,7	9,0	6,0	4,3	5,3	2,3	2,3	1,3	2,7	6,7	2,7	3,0	6,3	10,3
1998	03	6,0	8,3	8,7	11,7	12,3	9,3	11,0	8,7	6,0	3,7	4,0	2,7	7,0	9,0	1,7	3,0	4,3	5,0	7,7	8,0	4,0	3,0	5,0	2,7	2,0	2,7	5,0	2,3	2,7	3,0	1,7
1998	04	3,3	5,0	6,0	6,0	4,7	2,7	5,0	8,7	2,0	5,0	7,3	5,7	3,7	2,7	4,0	5,7	2,3	2,3	4,7	3,3	3,0	2,7	4,7	2,7	2,3	4,0	5,0	3,7	5,7	4,7
1998	05	3,3	4,7	2,3	8,3	5,3	6,0	4,3	2,3	3,0	2,0	2,7	2,0	3,7	3,0	4,7	4,7	4,3	3,3	4,0	3,3	4,3	6,3	5,0	4,3	3,7	4,7	2,3	4,0	2,3	3,0	1,3
1998	06	4,7	2,0	2,7	2,7	3,0	3,3	2,3	3,3	2,3	3,3	1,0	3,7	4,7	1,3	3,0	6,0	3,7	3,0	3,0	2,7	1,3	5,7	3,3	3,3	2,0	2,7	2,3	5,0	3,3	3,0
1998	07	4,0	3,3	2,0	5,0	5,0	5,3	3,0	5,7	4,7	5,3	8,0	5,7	5,0	5,0	3,7	2,3	2,3	5,0	3,0	1,7	2,7	2,3	1,7	2,3	2,7	1,7	1,7	3,3	4,3	5,0	4,7
1998	08	3,3	2,7	1,7	3,3	3,7	2,0	3,3	2,3	4,0	2,3	2,0	2,0	2,3	2,7	1,7	2,0	2,0	2,3	2,7	1,3	7,3	7,0	5,7	8,0	5,7	4,0	5,0	6,0	5,0	1,7	2,3
1998	09	2,3	1,7	4,3	4,0	4,7	2,7	2,7	2,7	4,3	4,0	2,7	5,0	4,7	7,7	9,3	8,0	6,7	3,0	1,0	2,0	2,7	2,3	2,0	1,7	1,0	1,3	2,0	4,0	3,7	3,7
1998	10	6,0	3,3	1,7	2,7	3,3	5,3	4,7	1,3	2,0	7,3	7,3	5,7	5,3	6,3	5,0	2,7	4,7	4,3	1,7	5,3	5,0	6,7	5,0	4,7	8,0	6,0	8,0	13,7	9,0	8,0	6,7
1998	11	10,3	5,7	8,0	6,0	7,0	6,3	2,7	3,0	3,0	3,3	5,7	2,3	3,3	3,3	4,0	2,0	4,7	4,0	2,3	4,7	2,7	3,0	2,3	1,7	1,7	2,3	3,0	1,0	2,7	2,7
1998	12	3,3	3,7	2,7	3,0	7,3	6,7	7,3	3,7	3,3	2,7	1,3	0,3	10,7	6,0	4,0	7,0	6,0	5,7	6,7	4,0	4,3	4,3	3,0	3,0	5,0	8,3	6,3	3,0	2,7	3,7	4,0
1999	01	2,7	2,3	3,7	8,0	6,7	4,3	7,0	5,0	4,0	4,3	3,3	7,0	6,0	8,3	8,7	4,3	3,3	1,0	2,0	1,3	1,0	0,7	1,7	4,7	9,7	4,3	5,0	3,7	7,7	3,7	3,0
1999	02	5,7	4,0	6,7	11,3	10,7	8,0	6,0	5,7	2,7	2,3	2,3	6,0	6,0	2,3	3,7	10,0	12,0	7,0	6,0	4,0	7,3	6,0	5,7	6,7	6,0	6,7	3,7	5,7
1999	03	10,7	6,0	5,0	3,3	3,3	3,7	2,7	5,0	3,0	3,3	4,3	2,0	1,7	1,3	3,7	3,0	1,3	1,7	1,7	4,7	5,3	4,3	8,0	4,0	2,7	3,0	4,0	3,3	3,0	1,7	2,3
1999	04	2,7	3,0	1,7	3,3	4,3	6,3	3,7	5,0	1,7	4,0	4,7	6,0	6,0	8,3	5,0	3,3	4,7	5,0	2,7	1,7	4,0	3,7	2,3	2,0	4,0	1,7	2,0	2,0	2,7	2,3
1999	05	2,3	3,7	2,7	6,3	6,3	5,0	3,7	2,3	2,7	3,0	7,0	5,0	5,7	4,0	5,3	5,0	5,0	5,7	6,7	2,3	4,3	3,0	3,0	1,3	2,0	2,3	2,0	1,7	3,3	4,0	4,0
1999	06	2,0	2,7	4,0	6,3	3,3	4,0	3,0	4,3	2,7	3,3	3,3	3,0	3,3	3,3	3,7	3,3	2,0	3,7	2,7	3,7	3,3	6,3	3,7	1,3	2,3	2,3	3,7	4,7	2,7	2,0
1999	07	3,0	2,0	2,7	2,3	4,7	4,3	5,0	4,0	5,3	6,0	4,0	2,3	3,0	6,0	4,3	2,0	2,3	2,3	2,0	5,3	5,0	2,7	3,0	2,3	2,0	2,7	3,0	3,0	3,7	2,0	3,0
1999	08	2,0	3,0	2,0	2,7	1,7	2,3	2,7	2,3	2,7	4,0	5,0	2,7	2,3	2,3	6,0	4,7	5,3	3,0	6,0	5,0	4,3	2,7	1,3	1,0	2,0	2,3	2,7	3,7	2,7	1,7	2,7
1999	09	4,7	5,3	3,0	2,7	5,0	2,0	3,0	1,7	1,3	2,7	3,3	1,3	2,3	1,7	2,0	1,7	2,7	1,7	4,3	5,3	3,3	4,0	2,7	4,0	3,0	4,0	3,7	5,3	5,3	3,7
1999	10	7,0	3,3	3,3	4,3	2,3	4,0	3,3	6,0	7,3	3,7	6,0	3,0	1,0	4,3	2,0	2,3	2,3	4,0	5,0	6,3	5,7	3,0	2,7	2,7	2,0	5,7	6,7	3,7	1,0	1,7	5,7
1999	11	3,3	3,3	1,7	2,3	1,3	2,3	3,7	3,0	3,0	4,7	2,3	2,7	2,0	6,0	2,7	3,0	5,0	5,7	2,0	1,0	1,0	4,3	3,7	2,7	5,0	5,0	5,3	2,7	2,3	3,7
1999	12	11,0	7,7	9,3	5,7	7,0	8,3	10,7	6,7	5,7	4,0	4,3	10,7	5,3	5,7	3,7	3,0	8,0	3,7	3,3	4,0	2,0	2,7	2,3	4,3	5,3	8,0	6,0	3,7	4,0	5,7	2,7
2000	01	3,3	4,3	7,0	6,3	5,0	2,0	2,3	3,0	2,0	2,0	1,3	3,3	3,0	1,7	2,3	4,7	9,3	9,0	7,0	9,0	8,0	3,7	3,7	3,0	3,3	9,0	7,7	7,7	12,7	8,3	9,0
2000	02	8,0	7,3	7,3	8,7	8,0	2,7	6,7	9,7	8,7	6,0	3,7	3,3	7,7	6,3	5,0	5,3	4,7	5,0	3,7	5,7	3,0	4,0	3,3	7,7	7,7	3,3	4,0	6,0	6,0
2000	03	6,3	6,0	10,7	6,7	6,3	5,7	9,7	10,7	14,0	4,0	8,0	1,7	2,0	7,3	8,0	7,7	5,7	3,3	6,0	2,7	3,0	2,3	2,7	1,7	4,3	3,3	4,0	3,3	6,0	4,0	5,3
2000	04	2,0	2,7	3,7	1,3	6,3	6,3	6,3	3,7	2,7	4,0	2,3	5,3	6,3	3,0	3,3	5,0	3,0	2,0	4,0	1,7	1,3	3,0	3,7	4,0	3,3	2,0	4,0	7,0	5,0	2,0
2000	05	2,7	5,3	2,3	1,7	2,7	3,7	4,7	3,0	1,7	1,3	2,0	4,0	3,3	2,0	2,0	3,0	2,0	2,7	4,7	4,3	2,3	5,3	2,7	2,0	5,7	2,7	3,7	3,3	6,0	3,3	4,0
2000	06	2,7	3,0	2,3	2,0	3,0	4,0	4,7	1,7	4,0	4,3	2,7	3,7	2,0	3,0	6,0	6,0	3,7	1,7	2,0	2,0	2,3	4,3	2,7	4,0	5,0	4,7	3,7	3,7	2,7	4,7
2000	07	3,7	2,0	3,3	5,0	8,3	3,3	2,7	5,7	4,7	6,0	4,0	3,3	4,3	4,0	3,0	3,0	4,0	2,7	5,7	4,7	3,0	2,7	2,0	1,7	4,3	3,0	3,3	3,3	6,7	4,0	2,3
2000	08	1,7	3,3	3,7	2,3	3,0	1,7	3,3	3,0	2,3	3,0	2,7	2,7	1,3	2,3	3,0	3,7	3,7	3,7	3,3	3,3	4,3	4,0	1,7	2,3	4,3	4,3	4,3	2,0	1,3	1,7	2,3
2000	09	2,7	5,0	6,7	5,7	3,0	3,0	3,0	3,7	2,0	1,7	1,0	2,3	2,7	2,0	2,7	3,3	2,7	4,0	3,3	4,7	4,0	1,3	3,7	2,3	1,3	2,0	1,3	2,3	5,3	3,7
2000	10	3,0	3,0	3,0	1,3	2,3	4,0	3,3	2,0	2,7	3,3	2,3	2,0	0,0	1,0	4,0	1,0	1,3	2,3	1,3	3,3	2,7	1,3	1,7	4,3	6,7	6,3	5,7	4,3	3,3	4,0	3,3
2000	11	4,3	4,3	3,7	4,0	3,7	5,7	2,3	3,0	3,7	4,0	4,3	2,3	3,0	3,3	3,3	2,0	1,0	4,0	3,7	1,3	3,3	3,0	0,7	1,7	2,3	4,0	5,0	3,3	2,3	2,0
2000	12	2,3	1,7	2,0	1,3	2,3	2,0	3,7	2,0	1,0	4,7	5,7	7,0	8,7	7,0	8,0	9,3	4,0	3,0	1,7	1,0	1,7	3,7	2,3	1,7	1,0	1,3	1,7	4,0	1,3	4,0	4,7
2001	01	2,0	3,7	3,0	2,7	5,0	4,0	3,3	1,3	4,3	2,0	1,7	1,7	1,3	1,0	0,3	1,7	3,0	1,3	1,0	1,7	2,0	5,0	4,3	3,0	3,3	3,3	4,7	3,7	2,3	3,0	3,7
2001	02	3,0	4,0	3,7	3,3	9,3	6,0	3,0	1,0	5,3	2,0	3,7	3,3	4,3	2,0	1,7	2,0	3,7	6,7	5,7	8,7	9,7	9,7	5,3	2,0	1,7	4,0	3,7	3,3
2001	03	2,7	5,0	1,7	2,7	5,0	3,7	4,0	3,7	4,0	3,7	5,7	5,0	7,0	6,7	2,3	3,7	3,0	4,0	10,7	4,3	3,7	2,0	2,3	4,3	2,3	6,3	4,0	4,7	3,7	1,7	2,3
2001	04	2,7	3,0	3,0	4,7	5,0	4,7	4,0	5,0	4,0	2,3	3,3	5,7	5,7	4,3	7,0	3,0	3,0	5,3	3,3	2,3	6,7	4,0	2,7	3,0	6,3	5,7	2,7	4,3	2,7	4,0
2001	05	1,7	6,0	4,3	2,7	6,7	5,7	5,0	3,7	3,7	2,7	5,0	4,0	2,0	2,3	3,3	4,3	3,7	4,7	2,7	1,3	2,3	3,3	3,7	1,3	4,3	0,7	4,3	4,0	6,0	4,0	2,7
2001	06	4,7	6,0	5,3	5,7	3,3	1,3	5,0	3,7	2,3	3,0	3,3	4,7	2,0	3,7	3,0	3,7	3,7	4,3	6,3	2,3	3,0	4,7	5,7	3,7	2,3	2,3	2,7	2,3	2,3	0,7
2001	07	5,3	3,7	3,3	3,3	1,3	5,0	3,7	5,0	5,0	2,7	3,7	4,3	4,0	3,0	4,0	5,0	3,7	3,3	1,7	4,0	5,0	3,0	3,3	3,0	4,7	4,3	1,3	1,3	1,7	2,0	2,7
2001	08	4,3	2,0	4,0	3,0	5,0	4,0	6,0	6,3	3,7	4,3	2,0	3,3	4,7	2,7	4,0	1,7	2,7	1,3	2,3	3,0	3,7	2,7	2,0	1,7	1,3	2,0	3,3	4,7	4,3	4,0	1,3
2001	09	5,0	3,7	4,0	4,3	2,7	3,7	4,7	7,7	10,0	9,7	6,3	7,0	6,0	6,0	5,0	2,7	2,0	4,3	3,0	4,3	5,0	2,7	2,3	1,7	2,7	1,7	4,0	4,3	2,7	2,7
2001	10	5,3	5,0	4,0	4,0	2,0	2,0	1,3	1,0	2,7	4,0	5,0	2,3	1,3	0,7	0,7	0,7	2,0	1,7	2,0	2,7	3,7	5,7	2,0	1,7	2,0	2,3	3,7	3,3	5,0	11,0	7,7
2001	11	7,0	3,3	2,0	2,7	5,7	7,3	7,3	9,0	5,0	1,7	1,0	2,3	5,0	3,3	3,0	3,3	2,0	1,7	4,3	3,7	6,3	10,3	6,0	3,7	2,3	1,3	1,3	6,0	5,7	3,3
2001	12	2,7	2,3	1,3	3,7	2,7	3,0	4,3	3,0	1,0	2,3	2,7	7,7	6,0	1,7	2,7	4,7	2,7	3,0	9,0	4,7	13,0	4,7	7,3	11,7	12,3	6,0	7,7	9,0	5,3	7,0	4,7
2002	01	8,3	10,7	2,7	1,0	4,0	4,3	2,3	0,3	1,0	0,7	2,0	3,7	1,3	0,7	2,3	2,0	2,0	3,0	6,0	8,7	9,7	7,0	4,3	6,3	6,7	9,7	10,0	10,3	9,0	5,7	6,7
2002	02	6,3	3,7	2,7	5,7	4,7	2,7	3,3	8,3	10,3	8,0	11,3	10,3	4,0	3,3	4,0	4,0	1,3	5,3	8,3	9,3	6,3	9,0	6,0	7,7	4,7	10,0	8,3	9,0
2002	03	5,3	2,0	5,3	3,3	1,7	5,0	11,7	5,0	3,3	6,7	3,7	1,3	3,0	5,7	2,7	1,0	1,7	2,7	7,7	5,7	3,0	5,0	8,3	6,3	4,3	2,7	2,7	2,0	1,7	1,3	1,7
2002	04	1,7	3,7	6,7	5,7	5,0	5,3	3,0	4,7	4,0	2,7	4,7	4,7	2,7	4,0	4,7	4,0	2,0	2,7	2,0	4,7	4,0	2,3	3,3	4,0	3,3	6,7	9,0	5,7	6,3	4,3
2002	05	2,0	2,3	2,3	3,3	2,3	2,3	3,7	7,7	7,0	3,7	2,7	1,7	1,7	4,3	5,0	2,0	3,0	1,7	3,0	1,7	3,3	4,0	3,0	4,0	3,0	2,3	3,0	3,3	4,3	1,7	2,3
2002	06	3,0	2,3	2,3	2,7	7,7	4,7	3,0	3,0	1,3	3,0	3,7	3,7	5,3	4,3	3,7	1,3	2,0	2,0	2,3	1,7	2,7	2,0	4,3	2,0	1,3	1,7	4,7	4,0	4,7	3,3
2002	07	4,3	3,3	3,3	6,3	2,7	2,3	3,7	2,3	4,0	3,3	2,7	2,3	4,0	3,3	4,0	3,0	1,7	4,7	3,7	1,7	3,3	3,3	4,3	6,0	3,7	3,7	1,0	2,0	2,7	2,7	2,3
2002	08	2,7	2,7	1,3	3,3	2,7	2,0	5,3	2,0	1,3	3,7	4,3	6,3	8,0	4,7	4,0	3,0	2,7	3,0	3,3	3,0	3,3	1,7	1,3	2,0	2,0	4,0	3,7	0,7	1,3	1,0	1,7
2002	09	5,3	3,0	5,0	3,0	3,0	2,3	1,7	2,3	4,0	3,0	2,7	3,0	1,7	4,3	4,7	3,0	4,0	4,0	1,3	2,7	1,7	1,7	4,0	6,7	2,7	3,7	5,7	2,0	0,7	1,7
2002	10	2,0	2,3	4,3	4,0	5,3	6,0	3,3	3,7	4,3	6,0	5,0	4,3	1,3	4,0	4,0	3,0	5,3	5,3	6,0	3,7	2,7	4,0	7,0	5,3	5,3	8,7	11,3	7,0	3,7	4,3	1,7
2002	11	3,0	3,7	3,3	3,7	3,0	2,3	2,3	5,0	7,3	4,0	4,7	4,0	3,3	3,7	2,3	2,7	5,0	2,0	4,0	2,0	2,0	3,3	3,7	2,3	2,7	1,7	3,0	2,0	1,7	3,3
2002	12	4,0	2,7	3,0	2,3	4,3	3,3	4,7	4,0	4,7	3,7	3,3	3,3	1,7	3,3	3,7	1,7	1,3	4,3	2,0	3,0	1,0	3,3	4,0	3,7	2,7	4,0	3,0	2,0	6,0	7,3	5,3
2003	01	1,7	6,7	8,7	5,0	2,0	3,0	4,7	2,7	2,7	5,0	2,7	5,7	9,3	9,3	6,0	6,7	4,0	4,0	3,3	2,3	2,7	1,3	2,3	4,7	2,0	5,0	8,0	9,7	6,0	3,7	3,3
2003	02	2,3	4,3	7,0	3,3	3,7	5,7	3,7	1,3	2,0	1,7	2,0	2,3	3,0	2,0	5,0	3,3	1,3	2,0	2,3	2,0	2,0	3,0	3,0	1,0	2,3	2,3	1,3	1,0
2003	03	2,0	1,3	2,7	2,0	2,3	4,3	1,7	4,3	6,0	4,0	5,0	7,0	6,7	4,7	3,0	2,3	5,0	3,3	5,0	4,3	5,0	3,0	1,3	3,3	3,3	3,0	1,3	2,3	1,0	2,7	5,3
2003	04	4,0	4,7	5,3	4,7	9,0	7,0	7,0	3,7	3,7	4,0	2,3	2,0	3,3	5,0	5,0	4,3	3,7	7,3	5,0	5,0	4,7	1,7	4,7	2,0	2,0	4,0	7,3	4,3	4,7	5,0
2003	05	6,0	3,3	7,0	3,3	4,0	3,7	4,3	3,0	2,0	3,7	2,0	2,0	3,7	4,0	3,3	2,7	2,7	5,7	5,7	3,7	4,7	3,7	4,7	5,0	2,0	5,7	3,7	2,3	3,3	2,0	1,7
2003	06	1,3	2,0	2,7	3,0	2,7	3,7	2,0	2,3	3,3	2,3	3,0	2,3	3,0	1,7	3,3	4,0	2,3	2,7	5,3	6,0	5,0	3,3	3,0	3,7	4,0	3,7	2,0	2,3	1,7	2,3
2003	07	3,7	6,0	4,7	5,0	5,3	3,7	3,7	3,0	2,7	4,3	2,0	4,3	4,0	3,0	2,7	4,3	3,0	3,0	2,3	3,3	2,3	2,3	1,7	2,7	2,0	2,3	2,3	4,0	1,7	2,7	2,7
2003	08	2,3	1,7	1,7	2,7	3,0	2,3	1,3	2,0	2,3	3,3	3,0	1,7	4,0	3,0	2,7	3,0	2,0	2,3	5,3	2,7	2,3	5,3	4,0	4,0	2,3	2,3	5,3	2,7	8,0	4,3	4,7
2003	09	5,3	3,7	2,3	3,7	2,7	4,0	2,0	3,0	2,0	2,7	6,3	5,0	4,0	2,3	1,7	2,3	2,7	2,3	2,7	2,3	3,3	1,7	4,3	3,3	3,0	2,0	2,3	2,3	5,7	3,0
2003	10	2,3	4,7	2,3	5,0	4,7	8,7	9,0	8,7	7,0	8,7	7,0	3,7	1,7	2,3	2,7	4,0	3,3	4,7	1,7	2,3	3,0	3,0	3,7	3,0	7,0	6,0	2,0	3,0	3,7	3,3	4,3
2003	11	3,0	4,7	6,3	4,7	3,0	2,3	4,3	6,3	1,0	4,0	4,3	4,3	1,7	3,7	2,3	3,0	8,7	10,0	8,0	3,7	3,3	2,0	2,0	1,3	1,0	2,3	2,0	1,7	2,7	3,0
2003	12	3,7	3,0	2,3	2,3	3,7	9,0	2,3	1,0	1,7	3,7	3,3	4,3	9,0	9,3	9,3	8,0	4,7	3,3	2,0	3,0	11,0	6,3	3,3	3,0	5,3	5,7	3,7	3,0	3,0	2,3	5,0
2004	01	2,3	4,0	3,0	3,7	3,3	2,7	2,7	1,0	2,3	3,3	6,0	5,0	6,0	9,0	6,7	6,7	5,3	3,3	9,0	6,7	4,3	2,3	2,3	0,7	1,0	3,0	2,3	5,7	6,7	10,3	5,0
2004	02	9,7	7,3	6,7	8,7	9,3	5,7	11,3	11,0	10,0	7,3	6,7	3,3	4,0	4,3	3,7	3,7	3,0	4,7	4,7	5,7	5,7	2,3	4,0	4,7	7,0	4,3	2,3	2,0	5,3
2004	03	4,7	5,7	6,7	3,0	4,0	3,0	5,3	3,7	5,7	2,3	6,0	4,3	2,7	4,0	5,0	3,7	3,3	3,0	8,0	13,0	11,0	5,7	3,3	8,3	8,0	4,0	2,3	2,0	2,3	4,7	6,3
2004	04	4,3	6,7	2,7	5,3	5,7	6,7	4,7	5,7	3,3	2,0	4,0	2,3	4,7	3,0	5,0	2,0	2,7	3,0	4,0	2,7	2,7	2,3	4,3	5,3	4,3	2,0	3,7	3,0	4,3	6,7
2004	05	3,7	5,0	2,3	3,3	2,7	4,3	7,3	3,7	4,7	5,3	3,3	2,3	4,7	2,3	3,7	5,0	2,7	2,7	3,3	3,7	4,0	4,7	6,7	5,0	2,3	3,3	2,7	2,7	1,3	2,0	2,7
2004	06	2,0	3,7	4,0	4,0	3,0	2,3	1,7	3,3	3,3	4,0	4,3	3,7	3,0	3,0	4,7	5,3	7,0	4,0	4,0	2,0	4,0	2,7	4,7	5,3	4,3	3,3	2,3	4,3	3,7	3,7
2004	07	5,7	3,3	5,3	3,3	3,7	1,7	4,3	5,3	5,7	5,3	3,7	5,0	4,0	4,7	5,3	4,3	2,7	3,0	3,3	3,0	3,3	2,0	2,3	3,7	2,7	3,0	5,0	3,7	2,7	2,3	1,3
2004	08	4,7	2,7	2,7	2,0	4,3	3,3	4,0	4,7	3,7	4,3	2,3	2,7	7,0	5,3	3,3	3,0	3,3	3,0	3,7	4,0	5,3	4,0	2,7	3,0	6,0	3,7	4,7	4,0	3,0	5,7	4,7
2004	09	2,3	2,3	1,7	2,3	2,3	3,3	2,0	4,7	3,0	3,0	3,7	6,0	3,7	3,0	4,7	2,3	2,7	2,3	2,3	4,7	8,3	8,7	4,3	6,7	4,7	4,3	6,3	4,3	5,3	4,7
2004	10	2,7	2,7	3,3	3,7	3,0	0,7	2,7	1,3	2,0	3,7	5,0	5,7	5,7	4,3	2,3	2,7	6,3	7,0	3,3	2,0	4,3	3,3	5,7	5,3	2,3	3,3	4,0	2,0	2,3	4,3	1,7
2004	11	3,7	4,7	2,7	2,3	3,0	4,7	4,7	3,3	6,3	2,3	2,0	2,7	6,7	4,0	4,3	6,7	9,0	7,0	9,7	7,0	5,3	7,7	9,7	3,7	2,0	5,0	6,3	3,0	1,7	4,0
2004	12	2,0	3,3	1,7	1,3	3,0	5,7	2,7	2,0	1,7	1,7	0,7	1,3	2,0	2,3	2,0	3,3	4,3	8,7	5,0	4,3	2,0	7,3	10,3	8,3	4,0	3,0	4,3	2,7	5,0	6,0	7,7
2005	01	4,3	7,7	9,3	8,3	7,0	6,7	11,7	7,7	6,7	5,0	6,0	5,0	5,7	4,7	2,7	2,0	1,7	3,3	6,7	10,3	9,7	8,3	5,7	1,3	4,0	9,3	4,0	2,0	2,3	6,3	9,0
2005	02	7,0	3,3	3,3	2,0	3,0	2,7	6,0	3,0	1,7	5,3	5,7	9,7	8,0	5,7	4,7	7,0	6,3	3,3	4,0	2,0	5,0	3,7	3,3	3,0	1,7	3,3	6,7	5,0
2005	03	5,0	3,0	2,0	1,3	2,3	5,7	7,0	5,7	5,3	2,3	10,3	7,3	5,3	5,0	3,7	7,3	7,0	7,3	5,0	2,0	2,7	3,3	1,7	2,7	2,0	3,0	1,7	1,3	2,3	5,7	4,3
2005	04	3,3	3,7	3,7	3,0	4,3	2,3	7,0	3,0	4,7	3,7	2,3	1,7	2,3	2,3	2,7	5,7	4,0	2,7	3,0	5,3	3,0	3,0	2,3	3,0	2,7	5,0	4,7	4,3	1,3	2,3
2005	05	1,7	2,7	3,0	5,0	4,7	6,0	4,7	6,7	5,0	2,7	4,0	3,0	3,7	2,3	5,3	2,7	2,7	5,7	2,0	2,7	3,0	2,7	3,3	2,7	2,0	2,7	2,0	2,0	2,0	2,7	4,0
2005	06	3,7	2,0	2,3	4,0	4,3	5,0	5,0	6,3	5,7	5,3	2,7	2,3	4,7	3,3	3,3	2,3	3,7	5,7	2,3	3,0	1,7	3,0	2,7	2,7	3,7	3,3	2,3	3,3	2,0	2,0
2005	07	4,0	3,7	2,0	3,3	5,0	3,3	3,0	2,3	3,0	5,0	3,0	3,7	2,0	2,0	4,3	1,7	2,3	3,0	4,7	6,0	6,0	5,7	4,3	2,7	5,0	4,7	3,0	2,7	2,7	5,3	4,3
2005	08	3,0	4,0	4,7	6,0	3,0	4,7	4,7	3,7	5,3	5,3	3,7	3,3	4,7	3,3	3,3	4,7	5,0	2,3	3,0	1,7	3,0	2,7	3,7	3,3	3,3	4,3	2,3	1,7	2,3	2,3	4,0
2005	09	3,3	2,7	2,7	2,7	4,3	3,7	3,0	2,0	1,7	1,7	1,7	3,0	4,0	4,3	5,0	6,7	5,3	3,3	4,0	2,0	2,7	2,7	2,0	2,3	2,3	2,3	3,0	3,0	4,7	4,7
2005	10	3,3	2,7	3,7	5,3	4,0	3,0	5,0	5,0	1,3	2,0	5,7	4,7	1,7	2,0	2,3	3,3	2,7	2,3	3,0	1,7	2,7	4,7	6,3	4,0	6,3	6,7	2,7	2,7	2,7	2,7	2,7
2005	11	2,0	2,0	2,7	2,3	2,7	2,3	2,7	2,0	1,3	3,3	3,7	3,0	1,3	2,3	4,3	6,0	5,3	4,0	4,0	5,0	4,3	6,0	2,7	2,7	4,7	3,0	2,7	4,0	2,0	3,3
2005	12	3,0	2,7	1,7	3,3	3,3	3,0	6,0	5,0	3,3	2,0	3,3	1,3	3,3	5,0	8,7	10,3	5,3	7,0	7,3	7,7	3,3	7,3	5,7	7,0	4,3	2,3	4,3	4,3	6,3	3,3	2,3
2006	01	2,7	5,7	6,3	4,3	5,3	4,7	3,3	4,3	2,3	3,7	2,3	1,0	2,3	2,0	3,0	2,3	3,7	7,3	1,3	5,3	6,7	6,3	1,7	1,7	2,0	4,0	2,7	1,3	2,0	2,3	2,3
2006	02	1,3	2,0	2,0	2,0	1,0	2,3	9,0	7,7	8,3	6,0	4,7	4,0	4,0	2,7	5,0	3,0	5,0	4,3	3,3	3,0	3,0	4,7	3,7	5,3	5,0	4,7	3,7	4,3
2006	03	7,3	6,3	3,3	3,3	4,7	5,3	3,7	4,3	4,7	5,7	4,0	6,7	3,7	5,0	2,3	2,3	3,7	3,0	2,3	1,3	2,7	2,7	3,0	4,0	4,7	5,3	6,0	4,0	6,0	6,7	8,7
2006	04	3,7	5,3	7,0	3,7	3,3	2,3	2,3	4,7	4,7	6,3	5,3	4,7	6,0	4,0	3,3	7,3	2,7	2,7	1,7	2,0	2,7	2,7	2,7	2,3	1,3	1,3	2,3	4,7	2,0	3,7
2006	05	2,3	3,7	3,0	5,0	5,7	5,7	4,0	4,0	4,7	5,0	2,0	2,7	3,7	4,0	2,0	5,3	3,0	3,3	6,3	6,3	6,7	4,0	5,3	4,3	6,7	3,7	5,3	6,0	2,3	4,0	5,3
2006	06	3,0	5,3	5,7	4,0	3,7	2,3	2,7	2,0	2,7	4,7	2,7	2,7	1,3	1,7	1,3	3,0	2,7	2,0	1,7	2,7	2,3	5,0	2,7	3,3	3,0	3,3	2,0	1,7	2,7	5,7
2006	07	3,7	4,7	4,3	4,0	4,0	2,3	3,0	2,3	2,3	2,3	2,0	4,7	1,7	5,3	3,3	3,0	3,3	2,0	2,3	2,0	2,0	2,3	3,0	2,0	2,7	1,3	2,7	2,3	3,3	2,3	2,7
2006	08	2,7	6,3	2,3	3,7	4,0	4,3	6,3	5,0	3,3	3,3	4,3	3,0	2,7	5,0	6,7	2,3	1,7	4,3	2,3	5,3	5,3	4,7	2,7	2,0	5,0	2,3	4,0	5,0	7,3	6,7	6,0
2006	09	4,3	3,0	9,0	7,7	4,7	2,7	3,3	5,3	2,3	3,3	3,7	2,7	2,3	3,3	7,3	7,3	3,7	2,7	3,0	2,7	3,3	3,3	5,0	6,0	4,7	2,0	1,7	2,0	2,7	3,0
2006	10	3,0	4,7	2,7	4,7	5,7	4,3	5,3	3,3	2,0	2,0	2,0	1,0	2,7	3,7	2,3	2,3	2,3	2,7	2,3	0,7	2,3	4,0	3,3	8,3	3,7	2,7	4,7	3,3	8,7	1,7	4,3
2006	11	8,7	6,3	4,7	7,0	9,0	6,7	4,3	5,0	7,3	4,0	7,0	6,7	8,7	6,7	4,7	1,0	1,7	2,7	2,0	3,3	4,0	2,7	4,0	4,0	2,7	1,0	1,0	1,7	3,3	2,0
2006	12	2,0	3,7	3,0	6,7	8,0	3,7	3,7	4,0	3,3	3,3	6,3	5,7	8,7	7,0	3,7	3,0	2,7	3,0	2,0	4,3	2,3	2,0	1,3	2,0	2,3	2,0	1,7	4,0	3,3	1,7	9,3
2007	01	9,3	5,0	6,3	8,3	7,3	7,3	7,7	7,0	7,3	4,7	10,3	11,0	8,7	8,0	4,3	5,7	6,0	16,7	9,7	7,3	9,3	3,7	5,7	7,0	4,3	6,7	8,0	10,7	7,0	5,7	8,3
2007	02	5,7	4,7	6,3	4,3	6,0	1,0	2,7	4,0	4,3	2,7	4,3	5,3	8,0	4,0	7,7	2,7	4,3	3,0	2,0	2,3	0,7	3,3	2,7	4,3	3,3	4,7	6,3	7,3
2007	03	10,0	9,3	6,0	3,3	3,3	3,3	1,3	3,0	4,0	5,0	3,3	2,0	2,0	4,3	2,0	1,7	8,3	9,3	3,3	6,3	5,7	6,0	4,3	6,0	5,7	5,0	3,7	4,0	5,0	3,0	5,7
2007	04	5,0	3,7	2,3	4,0	4,0	5,0	3,0	3,0	5,7	5,0	2,7	2,3	5,0	4,7	4,0	1,3	3,7	5,3	3,7	5,3	1,7	2,7	2,0	2,0	3,0	3,3	3,3	1,3	5,7	4,3
2007	05	4,0	3,3	3,7	4,0	3,0	3,3	7,3	5,3	6,0	6,7	7,0	4,7	4,0	3,3	4,3	2,7	4,0	2,7	2,3	2,7	2,3	2,0	3,7	2,0	1,3	2,0	3,0	1,7	4,3	2,3	2,3
2007	06	4,0	3,7	4,7	2,7	3,0	4,3	3,0	2,7	3,0	4,0	2,3	3,3	2,7	2,0	2,0	5,3	2,7	5,0	2,7	2,0	3,3	3,3	7,0	3,0	2,7	7,0	7,0	6,0	3,7	4,7
2007	07	2,0	4,0	5,3	6,3	7,3	7,3	6,7	2,3	2,7	4,7	5,0	4,3	5,3	4,0	2,7	2,0	3,0	3,0	3,0	2,3	3,0	6,3	3,7	8,7	6,0	3,7	5,7	7,0	5,0	5,7	3,7
2007	08	2,7	4,3	4,3	3,7	2,3	3,3	2,0	2,7	2,3	4,7	3,0	2,7	3,7	2,3	3,7	4,0	4,3	2,7	3,0	2,0	2,7	3,0	2,3	3,0	1,7	3,7	2,7	2,3	4,0	1,7	4,7
2007	09	4,3	4,3	5,0	4,3	7,3	7,7	5,7	5,0	6,0	6,3	4,7	5,0	3,7	2,7	5,3	3,7	4,7	5,0	3,3	3,3	2,7	0,7	2,0	2,7	3,3	3,3	6,0	5,3	6,0	3,3
2007	10	1,0	2,0	1,3	1,7	3,3	2,3	1,3	3,7	1,0	2,0	2,0	5,0	3,3	2,0	2,3	3,0	4,3	5,0	4,3	6,3	3,3	4,7	6,7	4,3	3,0	4,3	1,3	1,0	2,7	3,3	3,0
2007	11	3,0	3,7	4,7	4,3	2,0	7,0	10,3	6,3	10,7	6,7	7,7	6,3	6,3	3,7	6,0	4,0	3,0	2,3	2,7	3,0	2,3	1,7	1,7	1,3	9,3	7,0	6,0	2,3	3,3	6,0
2007	12	7,3	7,0	10,0	6,0	4,3	6,3	9,7	5,0	4,3	3,0	4,3	5,0	6,0	6,7	3,0	3,0	2,7	1,7	1,3	0,0	0,7	1,7	1,7	1,0	2,3	2,7	2,0	3,0	3,0	3,3	4,0
2008	01	2,0	3,7	7,3	6,0	4,3	3,0	4,3	5,3	3,7	3,0	2,7	3,7	2,0	1,3	5,0	2,3	3,3	5,7	11,0	9,7	10,3	10,0	4,0	7,3	5,3	10,3	10,3	2,0	2,0	3,7	5,3
2008	02	8,7	6,7	3,7	1,3	5,0	7,0	5,0	3,0	2,0	1,3	1,3	1,3	1,0	3,3	4,7	3,3	5,3	6,7	3,7	1,3	5,3	8,7	6,3	3,7	4,3	5,7	6,7	4,3	4,3
2008	03	14,7	9,7	5,0	3,7	5,7	5,7	2,3	3,0	2,7	4,3	5,7	8,7	9,0	6,0	3,3	4,7	7,0	6,3	4,7	5,0	8,3	6,0	2,3	4,0	6,0	7,0	2,7	2,7	7,0	4,7	2,3
2008	04	3,0	4,0	3,3	2,7	4,7	2,3	6,0	3,0	2,3	3,0	3,3	5,0	4,3	4,0	4,7	4,3	1,7	4,0	3,0	3,3	8,3	5,0	3,0	2,0	3,3	1,3	2,3	3,3	2,7	3,0
2008	05	5,3	4,3	2,3	3,0	3,0	2,0	2,0	2,7	3,7	4,3	4,0	1,7	2,7	3,0	1,7	4,0	2,3	3,7	3,0	2,3	3,3	3,0	2,3	2,3	3,0	2,0	3,3	5,3	3,7	3,7	1,7
2008	06	2,3	3,3	2,7	3,7	4,7	3,3	3,0	2,0	2,0	1,7	4,0	2,3	5,0	2,0	2,0	2,3	1,7	1,3	3,3	4,7	3,0	2,7	5,3	2,7	2,0	2,3	4,3	5,3	3,0	4,3
2008	07	2,3	3,0	3,0	4,7	3,7	2,0	4,3	6,3	4,7	3,3	2,7	4,3	4,3	2,3	3,0	6,7	2,7	3,0	4,3	4,0	5,7	5,0	5,7	5,0	2,7	3,0	2,3	3,0	2,7	2,7	2,7
2008	08	2,3	2,7	4,7	5,7	4,3	2,3	3,3	4,7	4,0	2,7	3,3	4,0	5,7	2,3	5,7	4,0	3,7	4,0	3,7	5,7	3,3	2,7	5,3	5,7	3,0	3,3	1,0	2,3	5,0	2,3	3,0
2008	09	2,3	2,3	5,0	3,7	2,0	2,7	4,0	5,0	2,0	3,7	2,3	4,7	6,3	4,7	5,3	5,0	2,7	2,0	3,0	4,7	4,0	2,7	3,0	2,3	4,3	4,0	1,7	3,0	4,7	7,0
2008	10	11,0	7,0	3,0	4,3	5,0	6,0	1,7	0,7	2,0	2,0	1,0	3,3	1,3	3,7	4,0	3,7	7,0	3,0	4,3	3,7	4,0	5,7	2,3	2,3	2,3	2,0	2,3	2,7	5,0	3,7	2,3
2008	11	1,0	1,3	2,7	1,7	1,3	2,0	2,0	2,7	4,0	4,3	3,3	3,0	1,3	4,0	6,3	6,0	3,7	5,3	6,7	10,7	6,3	7,0	7,7	4,3	3,3	6,0	3,7	4,3	2,7	2,7
2008	12	4,7	7,0	4,7	3,7	2,7	5,3	3,7	5,3	1,7	2,7	0,7	2,0	3,7	5,0	4,0	2,7	2,7	3,3	5,3	8,3	5,7	8,0	5,7	5,0	5,7	2,3	3,3	3,0	3,7	3,3	2,3
2009	01	3,7	3,3	3,7	8,0	5,3	3,0	4,7	2,3	0,7	1,0	1,0	2,3	2,0	1,3	1,7	1,7	1,7	4,7	3,0	2,0	2,3	2,3	3,7	5,0	1,7	2,3	2,3	4,0	3,0	3,0	4,7
2009	02	5,7	6,7	2,3	1,7	1,7	2,0	1,7	4,3	4,7	8,0	6,7	4,7	3,0	5,0	5,0	6,3	6,7	4,3	5,0	6,3	2,0	6,0	5,7	4,7	4,7	8,0	5,7	4,0
2009	03	2,0	2,3	2,0	5,0	5,3	4,0	5,3	7,0	6,0	6,0	6,7	6,3	6,3	3,7	4,3	3,3	7,3	5,7	4,7	3,7	2,7	6,3	9,7	8,0	4,3	4,3	6,7	4,3	2,7	4,3	2,0
2009	04	3,3	5,7	3,3	1,3	3,0	2,3	2,0	1,7	3,0	5,3	4,3	4,0	2,7	3,3	3,3	5,3	7,0	3,3	2,7	3,3	3,3	4,0	2,7	5,3	4,3	5,7	6,0	6,0	4,7	3,7
2009	05	4,0	2,3	1,7	3,0	5,3	7,3	3,3	3,7	3,7	5,3	3,7	3,3	4,7	4,3	3,0	4,3	2,3	2,7	2,0	2,7	4,0	4,3	3,0	3,0	2,0	3,3	3,7	6,0	4,7	4,0	3,7
2009	06	3,7	3,7	5,7	4,7	2,3	3,0	4,7	2,7	3,3	3,3	5,0	6,0	6,0	3,3	3,7	3,0	2,7	3,3	3,0	1,3	3,3	7,0	7,0	5,7	3,7	4,0	3,7	4,0	3,0	3,0
2009	07	2,7	1,3	2,0	4,0	2,7	1,7	4,3	7,7	5,0	5,7	4,3	2,3	3,3	3,3	3,0	2,3	2,0	5,3	6,3	5,0	2,7	3,0	2,0	6,3	6,0	3,0	3,3	3,0	2,0	4,0	2,7
2009	08	2,3	2,0	4,7	5,0	2,7	3,3	3,7	3,7	3,7	2,7	4,0	4,3	3,3	2,0	2,0	3,0	7,0	2,7	1,7	3,0	3,7	4,3	3,0	4,0	2,3	1,3	3,3	3,3	5,3	3,0	3,3
2009	09	3,3	3,3	6,3	6,0	7,3	4,0	2,3	2,7	1,7	3,7	5,0	4,0	3,3	4,0	5,0	2,3	4,3	4,0	3,7	1,7	2,0	2,7	4,3	1,3	2,0	2,0	0,7	4,0	7,0	2,0
2009	10	6,3	4,7	6,0	7,7	1,7	4,3	6,3	6,3	2,7	1,3	7,0	7,0	5,3	9,3	6,7	8,3	2,0	3,3	2,3	1,0	3,0	2,7	2,3	1,3	2,0	4,0	4,0	1,7	3,7	3,7	1,7
2009	11	2,7	3,7	1,7	5,3	4,7	2,3	2,0	3,0	2,0	4,7	3,7	5,3	3,7	2,3	3,0	2,0	5,3	8,7	5,0	2,0	2,7	2,0	8,7	7,0	5,3	7,0	5,7	6,0	3,7	2,3
2009	12	3,7	3,3	1,7	2,7	2,7	3,3	3,7	3,7	3,7	4,3	4,0	4,0	4,0	2,7	3,0	2,7	2,3	3,0	1,7	5,3	5,0	2,0	3,0	2,3	9,7	5,7	2,0	5,7	3,7	1,7	4,3
2010	01	3,0	5,3	4,0	1,3	1,7	2,0	1,7	4,0	4,7	3,7	2,0	1,7	3,3	4,0	3,0	4,3	3,0	4,3	3,3	2,7	2,7	1,7	2,7	4,0	3,7	3,3	5,0	10,3	5,3	6,0	4,3
2010	02	7,3	7,3	7,0	2,7	3,3	1,7	4,7	2,3	2,7	2,0	6,0	2,3	3,0	1,3	1,3	2,7	2,0	2,0	1,7	4,3	5,3	2,7	3,0	2,7	3,7	5,7	4,3	5,7
2010	03	8,7	4,7	3,3	3,0	5,3	5,0	3,3	2,7	4,3	5,0	4,0	5,0	8,3	10,3	7,0	4,0	4,7	4,3	5,0	4,3	6,0	3,0	3,3	3,7	1,7	7,0	6,0	4,7	5,3	3,7	3,7
2010	04	3,7	3,0	3,7	3,3	5,0	2,7	2,3	1,7	3,3	6,3	4,3	2,0	4,3	4,7	4,3	3,3	2,0	2,7	3,0	2,3	5,7	3,7	1,7	1,3	3,3	4,0	4,0	3,0	2,3	3,7
2010	05	4,7	2,3	2,7	4,7	5,7	4,0	3,0	1,7	2,0	2,0	3,0	3,3	4,3	4,0	5,3	6,7	6,3	6,7	5,0	2,0	5,3	3,3	3,3	3,7	4,7	2,3	2,3	3,0	2,3	4,7	4,7
2010	06	3,0	6,3	4,3	3,7	1,3	2,0	5,3	2,7	2,3	1,3	4,0	1,7	1,7	3,7	2,7	4,3	3,7	3,7	2,3	4,0	4,0	4,7	3,7	3,3	3,0	2,7	3,0	1,7	1,7	2,3
2010	07	1,3	2,7	2,7	3,3	3,7	5,0	3,7	1,7	2,0	2,0	3,0	2,3	3,3	2,3	2,7	3,0	4,7	4,3	3,3	3,0	2,0	4,0	2,7	5,0	4,7	2,3	3,0	6,0	3,7	3,0	1,3
2010	08	2,0	2,3	3,3	2,0	2,7	3,3	4,7	2,7	3,0	1,3	1,7	2,0	3,0	3,3	3,7	2,7	6,0	6,3	3,3	2,0	2,7	4,0	4,7	7,0	5,7	4,7	6,0	5,0	6,0	6,3	5,7
2010	09	4,0	4,0	1,7	2,7	2,3	2,0	4,0	5,0	4,7	3,0	2,0	2,3	3,7	7,7	6,0	6,3	6,0	2,7	2,3	3,7	2,7	2,0	2,0	4,0	2,3	5,0	7,7	5,7	3,7	1,7
2010	10	2,7	3,3	4,7	5,0	3,0	3,0	3,0	4,7	3,7	3,0	1,7	2,3	1,3	2,0	3,3	2,0	4,7	2,0	5,0	6,7	8,0	4,0	3,7	5,3	2,7	4,0	3,0	5,0	2,7	2,0	2,3
2010	11	2,0	3,7	6,3	10,0	12,3	8,3	3,3	3,3	2,0	2,3	6,0	10,3	10,0	4,0	2,3	4,7	2,3	3,3	3,0	2,7	4,0	5,0	7,0	5,0	3,3	3,0	1,7	3,7	5,7	3,3
2010	12	7,3	2,7	2,0	4,3	2,7	2,3	2,0	1,7	7,7	6,0	9,0	6,3	5,7	6,0	5,3	5,0	3,3	2,0	2,3	5,3	2,0	1,7	2,3	5,7	6,0	4,7	6,3	4,7	1,7	1,7	4,3
2011	01	6,7	5,3	5,0	1,7	2,7	3,0	2,7	4,0	2,0	2,0	1,7	6,0	6,3	9,3	6,3	3,7	2,0	4,7	4,3	3,3	4,3	2,0	4,0	2,3	7,0	2,0	3,3	4,3	2,3	1,7	1,3
2011	02	2,7	6,3	5,7	9,3	9,7	6,7	6,3	5,3	3,0	2,7	7,0	3,7	2,7	4,0	4,3	3,3	3,7	2,7	5,0	4,0	2,7	2,7	2,7	1,0	1,7	3,7	2,7	2,0
2011	03	5,0	5,7	3,7	1,3	3,3	3,0	3,7	2,3	4,7	5,7	7,3	2,7	1,7	2,0	4,3	7,0	5,3	5,3	3,7	3,7	2,0	2,0	3,7	4,0	2,3	4,3	2,0	2,3	3,0	2,7	7,0
2011	04	4,7	3,7	2,3	4,3	3,7	4,7	8,7	8,7	6,3	5,0	3,7	6,7	6,7	4,3	2,7	1,7	1,7	2,7	3,3	2,7	2,7	3,7	4,7	4,7	3,3	2,7	2,0	2,3	4,0	3,3
2011	05	4,0	3,3	4,3	3,7	2,0	2,7	3,0	4,0	3,3	3,0	1,3	2,7	4,0	2,3	3,7	4,3	4,3	2,7	2,3	4,0	2,3	2,3	3,3	3,3	3,0	4,3	3,3	2,7	4,7	4,3	2,7
2011	06	6,3	5,0	4,3	4,0	4,3	5,3	3,0	4,3	4,0	3,0	3,0	2,0	2,7	3,0	3,0	2,0	3,7	5,0	7,0	4,7	5,7	2,7	4,7	4,7	4,0	3,7	3,3	3,0	2,0	5,7
2011	07	4,7	5,3	7,0	4,0	3,7	2,3	3,0	4,3	2,3	2,3	5,7	3,0	3,7	5,7	4,3	3,7	4,7	4,7	3,7	5,3	5,0	4,3	4,7	3,7	3,3	2,3	2,0	3,0	3,3	5,7	3,0
2011	08	1,3	2,3	1,7	2,7	2,7	2,0	4,0	4,3	6,7	4,7	6,7	4,7	3,0	3,7	3,0	2,7	3,0	2,7	5,7	3,0	2,0	2,0	3,7	3,3	2,3	3,3	5,3	4,0	4,0	3,0	2,0
2011	09	2,0	3,0	2,3	2,0	4,0	4,7	6,3	6,3	4,0	2,7	1,7	5,0	4,7	4,0	3,7	2,3	2,0	3,7	2,7	2,7	1,3	4,7	1,7	1,7	1,7	2,3	2,3	1,7	1,7	2,7
2011	10	1,7	2,3	3,3	6,0	5,0	6,3	5,0	4,7	5,0	7,3	8,3	3,3	3,3	3,3	2,0	2,7	2,3	4,3	4,3	4,7	2,3	2,3	3,0	5,3	4,3	2,3	4,0	2,3	1,7	1,3	2,0
2011	11	3,0	2,0	3,0	2,3	2,7	3,7	5,3	2,7	1,3	3,3	4,3	2,0	1,7	1,7	1,7	2,0	2,3	3,0	1,7	1,7	1,7	2,0	1,3	1,7	2,7	7,3	7,0	2,7	2,7	1,7
2011	12	2,0	2,3	7,3	7,0	8,7	5,7	7,3	9,0	7,0	6,3	2,3	3,3	2,7	7,7	5,3	8,3	5,7	6,3	4,7	3,0	5,0	3,3	5,3	6,7	6,7	6,0	3,7	4,0	8,7	7,3	4,0
2012	01	3,7	3,7	8,3	8,7	10,3	8,0	7,0	6,0	4,3	6,3	6,3	9,3	5,7	7,0	5,0	3,3	5,3	7,7	6,3	6,0	7,0	9,0	6,0	3,0	1,7	3,0	2,3	2,7	5,0	4,7	7,0
2012	02	4,7	3,3	2,3	3,3	3,0	3,7	5,3	2,3	4,7	3,0	2,7	3,3	5,0	5,0	10,7	5,3	7,3	6,3	5,7	3,7	5,3	4,3	9,3	9,7	6,3	6,0	4,3	7,0	4,3
2012	03	3,0	3,0	3,7	2,3	2,7	2,7	2,3	4,3	2,7	5,7	6,0	5,0	3,7	4,3	2,7	2,3	3,0	3,3	3,7	3,3	2,7	2,3	2,0	2,0	4,7	1,3	5,7	4,7	8,3	7,0	8,0
2012	04	5,0	4,3	3,3	5,7	4,0	2,7	5,7	6,3	4,3	4,0	2,7	4,7	4,0	4,0	6,3	6,0	2,0	2,7	2,0	3,7	4,0	4,3	4,3	5,0	4,0	3,7	2,0	3,7	4,0	3,7
2012	05	1,7	2,7	3,3	2,3	3,0	3,7	1,7	2,3	2,3	3,0	3,0	4,7	4,3	2,0	2,3	5,0	4,7	3,7	2,7	4,3	6,3	3,7	3,7	5,3	3,7	3,7	3,0	2,7	3,3	4,0	3,0
2012	06	6,3	3,7	3,3	2,7	4,7	3,0	3,3	5,0	5,0	3,0	1,7	2,3	4,0	2,3	2,7	2,0	3,3	3,0	4,0	2,3	3,7	4,3	3,0	3,7	6,0	4,0	4,0	2,3	2,7	2,7
2012	07	5,7	5,3	2,0	2,7	1,7	2,7	1,7	2,3	4,0	3,3	5,0	6,3	3,0	5,7	4,0	3,3	6,7	5,3	6,0	5,0	3,0	3,0	3,0	4,0	2,7	2,7	2,7	3,7	4,7	3,7	2,3
2012	08	2,7	2,3	1,7	2,3	1,7	4,3	4,7	2,3	2,3	3,7	4,0	2,7	1,7	2,7	2,0	2,0	2,7	2,0	1,7	3,3	2,0	5,0	2,0	6,0	5,7	6,3	3,7	2,7	3,0	3,0	3,3
2012	09	3,0	2,7	1,7	1,7	2,7	3,7	3,7	4,0	2,7	2,0	4,0	2,0	3,7	5,7	3,3	2,0	2,0	2,3	4,7	2,7	2,7	5,0	2,3	3,0	2,7	2,3	6,3	5,0	2,7	2,7
2012	10	2,0	3,7	3,7	5,3	5,7	6,3	4,3	3,3	3,7	2,7	3,3	2,3	4,0	3,3	4,3	3,0	3,0	2,7	1,3	1,3	1,7	1,7	2,7	1,0	5,0	3,7	6,3	4,0	3,0	5,7	3,3
2012	11	2,0	4,7	5,7	2,7	4,7	6,3	10,0	4,7	3,0	3,7	2,3	2,0	2,0	1,7	1,0	1,7	3,0	2,3	2,3	1,3	1,3	3,0	2,0	1,7	3,7	3,0	1,7	3,0	6,0	4,0
2012	12	2,7	4,0	3,7	4,7	2,3	5,3	3,3	3,0	6,7	5,0	5,0	4,7	2,3	4,3	3,0	4,0	3,0	1,7	2,3	2,7	2,3	1,7	2,7	2,3	3,3	7,7	7,0	4,0	3,7	3,0	4,3
2013	01	3,3	5,7	9,0	5,3	6,0	5,7	1,7	3,7	4,7	5,7	5,3	3,3	3,3	2,0	2,7	2,7	5,7	4,3	2,0	3,7	2,3	2,7	2,0	2,7	3,0	2,7	3,7	4,7	9,7	7,7	9,3
2013	02	6,0	5,7	5,7	8,7	5,3	3,0	2,0	3,7	2,7	2,3	3,7	4,0	3,3	1,7	2,0	1,0	1,3	2,0	6,3	5,3	3,0	5,3	3,3	2,7	2,0	5,7	3,0	2,0
2013	03	3,3	2,7	3,7	3,3	3,3	2,3	2,3	3,0	1,7	2,0	4,3	3,7	4,7	3,7	3,7	3,3	6,7	5,0	4,3	3,7	5,3	4,7	6,7	8,0	7,7	6,0	3,7	3,7	4,3	4,0	5,3
2013	04	3,0	5,0	4,3	3,3	4,0	3,3	2,7	3,7	2,3	5,7	4,7	5,7	7,0	3,0	3,0	2,0	2,3	3,3	2,7	4,0	4,3	2,7	4,7	3,3	2,7	3,3	4,3	3,3	3,0	4,3
2013	05	3,3	3,0	4,7	1,7	2,7	3,0	4,7	3,3	2,7	3,3	3,0	3,3	5,3	4,3	5,0	6,0	5,7	4,7	3,7	4,0	2,7	4,3	1,7	4,0	3,3	7,0	5,0	5,0	3,0	3,7	3,0
2013	06	5,3	5,3	4,3	4,7	4,7	2,0	2,3	2,0	2,3	3,3	4,0	1,7	2,7	2,7	2,3	3,0	3,0	2,0	4,7	3,7	4,0	2,3	4,3	2,7	5,0	4,3	2,7	2,3	4,3	4,3
2013	07	2,7	2,3	4,0	2,0	3,3	3,7	3,0	2,3	2,7	4,7	3,7	3,0	2,7	3,3	4,3	2,3	2,7	2,0	3,0	3,0	2,3	1,7	3,0	3,0	2,3	1,3	1,7	2,0	3,3	5,3	4,0
2013	08	2,3	2,7	2,0	4,0	2,0	6,0	2,7	2,3	4,3	3,0	2,3	3,0	4,3	2,7	2,0	2,0	1,7	3,0	2,7	3,3	2,3	2,7	2,7	3,3	5,3	3,7	3,3	3,0	3,0	2,0	4,7
2013	09	4,3	6,7	5,0	1,7	2,3	4,0	3,7	3,0	6,0	3,3	5,3	2,7	4,3	4,7	3,3	4,7	5,7	3,3	6,0	5,0	3,0	4,0	5,7	3,7	2,0	5,7	1,0	2,0	6,3	5,7
2013	10	3,3	3,3	4,0	5,0	2,7	1,3	2,0	2,0	4,0	4,3	4,3	2,0	4,0	2,0	4,3	3,7	6,3	3,3	2,3	3,0	5,7	2,0	1,7	4,7	1,3	4,3	7,0	5,0	6,7	4,0	2,0
2013	11	4,7	5,3	5,7	4,0	4,7	6,0	7,3	3,3	5,3	3,7	3,0	1,0	2,7	1,3	1,3	1,7	2,7	2,0	3,7	3,3	3,3	3,0	4,7	7,3	5,7	5,0	4,0	7,3	6,7	6,3
2013	12	4,7	2,7	1,7	4,0	10,0	10,3	8,0	7,0	7,7	2,3	1,7	1,7	2,0	5,3	6,0	1,7	1,3	2,0	2,3	3,7	2,7	4,7	5,3	3,7	3,0	3,3	4,0	2,3	5,0	3,7	1,0
2014	01	2,3	2,0	3,7	3,3	4,0	3,0	4,0	5,3	4,3	7,0	5,0	5,3	3,3	2,0	3,7	2,0	3,0	2,0	2,3	3,3	3,0	2,3	3,3	2,3	3,0	1,7	3,0	1,7	5,7	5,0	2,3
2014	02	3,3	1,7	3,7	3,0	3,3	3,7	3,7	3,0	4,0	4,0	5,3	4,0	2,3	6,0	3,3	5,7	3,7	3,3	5,0	2,7	5,3	3,7	3,0	3,0	2,3	1,7	2,7	3,3
2014	03	2,7	1,7	3,7	3,0	2,3	4,0	1,3	2,0	2,3	2,3	3,0	2,0	1,3	3,0	8,7	10,3	6,7	5,7	7,7	4,3	5,3	3,3	5,0	4,7	1,7	4,3	6,0	1,7	3,0	1,7	3,7
2014	04	2,7	2,0	2,3	2,7	1,0	2,7	2,0	7,0	7,0	4,7	2,3	1,7	3,3	7,0	6,3	5,0	1,7	2,7	5,7	4,7	3,3	2,0	2,3	3,3	2,0	1,3	3,7	2,0	2,3	1,7
2014	05	3,0	6,3	5,3	4,3	2,3	2,3	4,3	4,7	5,3	5,3	6,0	6,0	4,0	5,0	6,7	5,7	4,7	3,0	2,3	2,7	3,3	3,3	3,3	2,7	2,0	4,3	1,0	3,7	5,0	3,7	3,7
2014	06	4,0	3,7	3,0	2,7	4,0	2,3	2,7	2,3	3,3	2,0	2,7	3,7	4,0	4,3	3,3	2,7	3,3	2,0	4,3	5,3	4,3	3,7	3,0	3,0	4,0	3,0	2,7	3,0	4,7	2,7
2014	07	2,3	1,7	2,3	4,0	4,0	3,7	4,0	2,3	5,7	3,3	4,0	3,3	1,7	3,7	1,3	2,3	2,0	1,7	2,0	2,3	3,0	4,3	4,0	4,7	2,3	2,3	2,3	2,0	1,3	2,3	4,0
2014	08	3,0	3,0	2,3	3,0	2,7	2,3	1,0	1,7	4,0	2,7	4,3	4,7	3,7	4,0	3,7	3,3	5,3	6,7	3,3	3,7	3,3	2,7	4,3	4,0	5,0	1,7	4,3	2,7	2,3	2,3	2,3
2014	09	3,3	3,7	2,7	3,3	2,0	1,3	1,3	2,0	4,0	2,3	3,7	3,3	2,7	3,7	2,0	2,3	5,0	2,7	2,3	2,3	5,7	5,7	4,3	2,7	4,0	4,7	2,7	1,7	2,3	1,3
2014	10	2,0	1,7	1,7	3,0	3,0	4,3	3,0	2,7	3,7	1,0	2,3	3,0	1,0	2,7	3,3	5,0	4,0	3,0	3,7	5,0	4,0	6,0	7,0	1,7	2,0	2,3	2,7	3,0	2,3	2,0	1,7
2014	11	1,3	1,3	3,0	4,7	2,3	2,0	2,7	2,7	2,0	1,7	2,7	2,7	2,0	3,7	4,0	3,3	3,3	5,0	4,0	1,7	2,7	1,7	2,0	2,3	2,0	3,3	4,7	4,3	4,0	4,3
2014	12	6,3	4,3	3,7	4,3	2,0	3,0	1,7	4,0	1,7	4,7	8,0	8,3	6,3	3,7	5,3	3,3	6,0	6,7	8,0	8,7	8,3	11,0	7,7	8,3	5,3	4,0	4,7	5,7	5,7	3,0	2,7
2015	01	4,7	7,7	6,0	5,7	5,3	2,7	3,0	5,7	11,7	12,3	8,0	8,7	5,0	7,3	3,7	4,0	2,3	2,7	3,0	1,7	3,0	3,7	4,7	4,0	4,0	4,7	5,3	5,7	6,0	6,3	6,7
2015	02	4,7	4,7	5,0	3,0	4,0	4,7	3,3	8,3	6,3	3,7	1,3	2,3	2,7	2,3	3,3	4,3	1,7	2,7	2,0	4,0	2,3	3,3	4,7	3,0	2,3	2,7	2,0	2,7
2015	03	5,0	6,3	8,0	4,7	5,0	2,7	2,7	3,0	2,3	2,7	5,3	3,7	3,7	3,0	6,3	7,3	6,0	3,0	1,7	2,0	3,3	4,7	2,3	3,0	4,7	2,7	4,0	3,0	8,3	7,3	10,0
2015	04	9,0	8,0	6,0	3,0	3,3	4,0	3,3	4,3	2,3	2,0	4,0	3,7	5,3	4,7	5,3	4,3	2,7	3,7	3,0	5,0	5,3	3,7	1,7	3,3	4,3	3,7	2,7	6,3	2,7	4,0
2015	05	2,0	2,7	3,0	2,7	3,0	4,3	4,3	2,7	4,0	4,3	2,0	2,7	2,0	6,0	2,0	3,7	4,0	2,7	4,3	3,3	3,0	3,0	4,3	2,7	3,7	4,7	5,0	4,0	2,7	5,3	3,0
2015	06	3,7	4,3	5,3	3,0	3,0	2,0	5,3	5,0	4,3	2,7	2,7	2,3	2,0	2,0	5,3	2,7	3,3	4,3	4,3	5,0	3,0	4,3	6,0	4,7	1,7	2,3	2,7	4,3	2,0	2,3
2015	07	2,3	3,0	2,0	2,0	2,3	4,0	2,7	5,7	5,3	4,7	2,0	4,7	4,7	5,3	3,0	2,7	2,3	6,3	5,7	4,0	3,0	4,0	2,7	4,3	6,7	4,3	5,7	5,7	5,7	4,3	3,7
2015	08	3,3	3,7	1,7	3,3	2,0	2,0	2,3	4,3	4,3	2,7	2,3	3,0	5,3	3,3	4,3	2,3	3,3	3,0	3,7	2,3	2,3	3,0	4,7	4,3	4,7	3,0	3,0	4,3	2,0	1,7	2,7
2015	09	4,0	2,7	2,7	4,0	5,3	8,0	5,3	3,3	3,3	3,0	3,0	3,3	3,7	3,7	2,7	2,3	3,0	1,7	3,7	4,0	2,7	3,0	3,3	2,7	3,3	3,7	3,7	3,3	4,3	3,3
2015	10	3,0	3,3	2,7	2,7	2,7	3,0	2,7	2,7	3,0	3,7	5,7	2,7	3,3	2,7	3,7	3,7	3,0	1,7	3,0	2,3	2,0	5,3	2,7	2,3	2,3	3,3	3,7	2,0	1,3	1,7	4,7
2015	11	3,0	1,3	1,7	2,0	1,7	2,7	5,0	3,3	5,7	7,3	5,3	4,3	6,3	7,0	9,7	5,7	7,3	9,3	8,3	5,3	4,7	4,3	4,0	3,3	3,3	2,7	1,7	6,7	10,3	8,3
2015	12	5,0	4,3	3,0	4,7	3,3	5,7	4,3	2,7	3,7	4,7	6,7	6,0	7,3	1,7	2,7	3,3	4,7	4,7	2,3	3,0	4,7	6,3	5,0	2,3	4,7	7,3	8,3	2,3	4,3	4,3	2,0
